[{
	"loan": {
		"seller": {
			"id": "1087"
		},
		"trade": {
			"id": "10015",
			"type": "Standard",
			"advance": {
				"date": "2014-09-26",
				"amount": "423816.0",
				"amount_gbp": "423816.0",
				"percentage": "75.0"
			},
			"discount": {
				"percentage": "0.8",
				"on": "Facevalue"
			},
			"expected_payment_date": "2014-11-23 00:00:00 +0000",
			"settlement_date": "2014-10-16",
			"arrears": {
				"in_arrears": "No",
				"in_arrears_on_date": "nan"
			},
			"payment": {
				"state": "Paid"
			},
			"price_grade": "6",
			"currency": "GBP",
			"face_value": {
				"amount": "565088.0",
				"amount_gbp": "565088.0"
			},
			"outstanding_principal": {
				"amount": "0.0",
				"amount_gbp": "0.0"
			},
			"crystalised_loss": {
				"amount": "nan",
				"date": "nan"
			},
			"gross_yield": {
				"annualised": "13.488414009111672"
			}
		}
	}
}]
