[{
	"loan": {
		"seller": {
			"id": "225"
		},
		"trade": {
			"id": "10035",
			"type": "Standard",
			"advance": {
				"date": "2014-09-26",
				"amount": "12262.3",
				"amount_gbp": "12262.3",
				"percentage": "90.0"
			},
			"discount": {
				"percentage": "0.75",
				"on": "Facevalue"
			},
			"expected_payment_date": "2014-10-28 00:00:00 +0000",
			"settlement_date": "2014-11-10",
			"arrears": {
				"in_arrears": "No",
				"in_arrears_on_date": "nan"
			},
			"payment": {
				"state": "Paid"
			},
			"price_grade": "4",
			"currency": "GBP",
			"face_value": {
				"amount": "13624.8",
				"amount_gbp": "13624.8"
			},
			"outstanding_principal": {
				"amount": "0.0",
				"amount_gbp": "0.0"
			},
			"crystalised_loss": {
				"amount": "nan",
				"date": "nan"
			},
			"gross_yield": {
				"annualised": "10.427491382834429"
			}
		}
	}
}]
