[{
	"loan": {
		"seller": {
			"id": "593"
		},
		"trade": {
			"id": "1004",
			"type": "Standard",
			"advance": {
				"date": "2013-03-13",
				"amount": "201644.29",
				"amount_gbp": "134802.3379",
				"percentage": "95.0"
			},
			"discount": {
				"percentage": "0.76",
				"on": "Facevalue"
			},
			"expected_payment_date": "2013-04-12 00:00:00 +0000",
			"settlement_date": "2013-04-10",
			"arrears": {
				"in_arrears": "No",
				"in_arrears_on_date": "nan"
			},
			"payment": {
				"state": "Paid"
			},
			"price_grade": "Unclassified",
			"currency": "USD",
			"face_value": {
				"amount": "212257.14",
				"amount_gbp": "141897.1928"
			},
			"outstanding_principal": {
				"amount": "0.0",
				"amount_gbp": "0.0"
			},
			"crystalised_loss": {
				"amount": "nan",
				"date": "nan"
			},
			"gross_yield": {
				"annualised": "10.033869371614637"
			}
		}
	}
}]
