[{
	"loan": {
		"seller": {
			"id": "27"
		},
		"trade": {
			"id": "10058",
			"type": "Standard",
			"advance": {
				"date": "2014-09-26",
				"amount": "49694.08",
				"amount_gbp": "49694.08",
				"percentage": "80.0"
			},
			"discount": {
				"percentage": "1.0",
				"on": "Facevalue"
			},
			"expected_payment_date": "2014-12-25 00:00:00 +0000",
			"settlement_date": "2015-01-23",
			"arrears": {
				"in_arrears": "No",
				"in_arrears_on_date": "nan"
			},
			"payment": {
				"state": "Repurchased"
			},
			"price_grade": "Unclassified",
			"currency": "GBP",
			"face_value": {
				"amount": "62117.58",
				"amount_gbp": "62117.58"
			},
			"outstanding_principal": {
				"amount": "0.0",
				"amount_gbp": "0.0"
			},
			"crystalised_loss": {
				"amount": "nan",
				"date": "nan"
			},
			"gross_yield": {
				"annualised": "16.075451772299807"
			}
		}
	}
}]
