[{
	"loan": {
		"seller": {
			"id": "1062"
		},
		"trade": {
			"id": "10062",
			"type": "MultiDebtor",
			"advance": {
				"date": "2014-10-01",
				"amount": "68808.46",
				"amount_gbp": "68808.46",
				"percentage": "80.0"
			},
			"discount": {
				"percentage": "1.1",
				"on": "Facevalue"
			},
			"expected_payment_date": "2014-10-25 00:00:00 +0000",
			"settlement_date": "2014-11-24",
			"arrears": {
				"in_arrears": "No",
				"in_arrears_on_date": "nan"
			},
			"payment": {
				"state": "Paid"
			},
			"price_grade": "7",
			"currency": "GBP",
			"face_value": {
				"amount": "86010.6",
				"amount_gbp": "86010.6"
			},
			"outstanding_principal": {
				"amount": "0.0",
				"amount_gbp": "0.0"
			},
			"crystalised_loss": {
				"amount": "nan",
				"date": "nan"
			},
			"gross_yield": {
				"annualised": "17.73710637049424"
			}
		}
	}
}]
