[{
	"loan": {
		"seller": {
			"id": "227"
		},
		"trade": {
			"id": "10074",
			"type": "Standard",
			"advance": {
				"date": "2014-09-30",
				"amount": "13056.0",
				"amount_gbp": "13056.0",
				"percentage": "85.0"
			},
			"discount": {
				"percentage": "0.8",
				"on": "Facevalue"
			},
			"expected_payment_date": "2014-11-28 00:00:00 +0000",
			"settlement_date": "2014-12-15",
			"arrears": {
				"in_arrears": "No",
				"in_arrears_on_date": "nan"
			},
			"payment": {
				"state": "Repurchased"
			},
			"price_grade": "5",
			"currency": "GBP",
			"face_value": {
				"amount": "15360.0",
				"amount_gbp": "15360.0"
			},
			"outstanding_principal": {
				"amount": "0.0",
				"amount_gbp": "0.0"
			},
			"crystalised_loss": {
				"amount": "nan",
				"date": "nan"
			},
			"gross_yield": {
				"annualised": "11.88184119551574"
			}
		}
	}
}]
