[{
	"loan": {
		"seller": {
			"id": "9001"
		},
		"trade": {
			"id": "10111",
			"type": "MultiDebtor",
			"advance": {
				"date": "2014-10-02",
				"amount": "35820.0",
				"amount_gbp": "35820.0",
				"percentage": "80.0"
			},
			"discount": {
				"percentage": "1.1",
				"on": "Facevalue"
			},
			"expected_payment_date": "2014-10-31 00:00:00 +0000",
			"settlement_date": "2014-10-24",
			"arrears": {
				"in_arrears": "No",
				"in_arrears_on_date": "nan"
			},
			"payment": {
				"state": "Paid"
			},
			"price_grade": "7",
			"currency": "GBP",
			"face_value": {
				"amount": "44775.0",
				"amount_gbp": "44775.0"
			},
			"outstanding_principal": {
				"amount": "0.0",
				"amount_gbp": "0.0"
			},
			"crystalised_loss": {
				"amount": "nan",
				"date": "nan"
			},
			"gross_yield": {
				"annualised": "17.73710637049424"
			}
		}
	}
}]
