[{
	"loan": {
		"seller": {
			"id": "1426"
		},
		"trade": {
			"id": "10146",
			"type": "MultiDebtor",
			"advance": {
				"date": "2014-10-03",
				"amount": "9478.41",
				"amount_gbp": "9478.41",
				"percentage": "80.0"
			},
			"discount": {
				"percentage": "1.1",
				"on": "Facevalue"
			},
			"expected_payment_date": "2014-11-30 00:00:00 +0000",
			"settlement_date": "2014-11-17",
			"arrears": {
				"in_arrears": "No",
				"in_arrears_on_date": "nan"
			},
			"payment": {
				"state": "Paid"
			},
			"price_grade": "7",
			"currency": "GBP",
			"face_value": {
				"amount": "11848.06",
				"amount_gbp": "11848.06"
			},
			"outstanding_principal": {
				"amount": "0.0",
				"amount_gbp": "0.0"
			},
			"crystalised_loss": {
				"amount": "nan",
				"date": "nan"
			},
			"gross_yield": {
				"annualised": "17.73710637049424"
			}
		}
	}
}]
