[{
	"loan": {
		"seller": {
			"id": "8887"
		},
		"trade": {
			"id": "10234",
			"type": "Standard",
			"advance": {
				"date": "2014-10-10",
				"amount": "125260.33",
				"amount_gbp": "125260.33",
				"percentage": "80.0"
			},
			"discount": {
				"percentage": "0.9",
				"on": "Facevalue"
			},
			"expected_payment_date": "2014-11-14 00:00:00 +0000",
			"settlement_date": "2014-11-17",
			"arrears": {
				"in_arrears": "No",
				"in_arrears_on_date": "nan"
			},
			"payment": {
				"state": "Paid"
			},
			"price_grade": "6",
			"currency": "GBP",
			"face_value": {
				"amount": "156575.43",
				"amount_gbp": "156575.43"
			},
			"outstanding_principal": {
				"amount": "0.0",
				"amount_gbp": "0.0"
			},
			"crystalised_loss": {
				"amount": "nan",
				"date": "nan"
			},
			"gross_yield": {
				"annualised": "14.299605449973862"
			}
		}
	}
}]
