[{
	"loan": {
		"seller": {
			"id": "1010"
		},
		"trade": {
			"id": "10238",
			"type": "MultiDebtor",
			"advance": {
				"date": "2014-10-09",
				"amount": "53270.12",
				"amount_gbp": "53270.12",
				"percentage": "82.0"
			},
			"discount": {
				"percentage": "0.87",
				"on": "Facevalue"
			},
			"expected_payment_date": "2014-11-19 00:00:00 +0000",
			"settlement_date": "2014-12-02",
			"arrears": {
				"in_arrears": "No",
				"in_arrears_on_date": "nan"
			},
			"payment": {
				"state": "Paid"
			},
			"price_grade": "6",
			"currency": "GBP",
			"face_value": {
				"amount": "64963.57",
				"amount_gbp": "64963.57"
			},
			"outstanding_principal": {
				"amount": "0.0",
				"amount_gbp": "0.0"
			},
			"crystalised_loss": {
				"amount": "nan",
				"date": "nan"
			},
			"gross_yield": {
				"annualised": "13.488414009111672"
			}
		}
	}
}]
