[{
	"loan": {
		"seller": {
			"id": "321"
		},
		"trade": {
			"id": "1028",
			"type": "Standard",
			"advance": {
				"date": "2013-03-19",
				"amount": "14029.37",
				"amount_gbp": "14029.37",
				"percentage": "85.0"
			},
			"discount": {
				"percentage": "1.5",
				"on": "Facevalue"
			},
			"expected_payment_date": "2013-04-17 00:00:00 +0000",
			"settlement_date": "2013-04-19",
			"arrears": {
				"in_arrears": "No",
				"in_arrears_on_date": "nan"
			},
			"payment": {
				"state": "Paid"
			},
			"price_grade": "9",
			"currency": "GBP",
			"face_value": {
				"amount": "16505.14",
				"amount_gbp": "16505.14"
			},
			"outstanding_principal": {
				"amount": "0.0",
				"amount_gbp": "0.0"
			},
			"crystalised_loss": {
				"amount": "nan",
				"date": "nan"
			},
			"gross_yield": {
				"annualised": "23.2892411958175"
			}
		}
	}
}]
