[{
	"loan": {
		"seller": {
			"id": "1577"
		},
		"trade": {
			"id": "10296",
			"type": "Standard",
			"advance": {
				"date": "2014-10-14",
				"amount": "166942.2",
				"amount_gbp": "166942.2",
				"percentage": "90.0"
			},
			"discount": {
				"percentage": "0.75",
				"on": "Facevalue"
			},
			"expected_payment_date": "2014-11-04 00:00:00 +0000",
			"settlement_date": "2014-10-29",
			"arrears": {
				"in_arrears": "No",
				"in_arrears_on_date": "nan"
			},
			"payment": {
				"state": "Paid"
			},
			"price_grade": "4",
			"currency": "GBP",
			"face_value": {
				"amount": "185491.36",
				"amount_gbp": "185491.36"
			},
			"outstanding_principal": {
				"amount": "0.0",
				"amount_gbp": "0.0"
			},
			"crystalised_loss": {
				"amount": "nan",
				"date": "nan"
			},
			"gross_yield": {
				"annualised": "10.427491382834429"
			}
		}
	}
}]
