[{
	"loan": {
		"seller": {
			"id": "258"
		},
		"trade": {
			"id": "10306",
			"type": "Standard",
			"advance": {
				"date": "2014-10-16",
				"amount": "6017.0",
				"amount_gbp": "6017.0",
				"percentage": "85.0"
			},
			"discount": {
				"percentage": "0.8",
				"on": "Facevalue"
			},
			"expected_payment_date": "2014-10-31 00:00:00 +0000",
			"settlement_date": "2014-10-31",
			"arrears": {
				"in_arrears": "No",
				"in_arrears_on_date": "nan"
			},
			"payment": {
				"state": "Paid"
			},
			"price_grade": "5",
			"currency": "GBP",
			"face_value": {
				"amount": "7078.8",
				"amount_gbp": "7078.8"
			},
			"outstanding_principal": {
				"amount": "0.0",
				"amount_gbp": "0.0"
			},
			"crystalised_loss": {
				"amount": "nan",
				"date": "nan"
			},
			"gross_yield": {
				"annualised": "11.88184119551574"
			}
		}
	}
}]
