[{
	"loan": {
		"seller": {
			"id": "679"
		},
		"trade": {
			"id": "1032",
			"type": "Standard",
			"advance": {
				"date": "2013-03-20",
				"amount": "59596.71",
				"amount_gbp": "59596.71",
				"percentage": "90.0"
			},
			"discount": {
				"percentage": "0.76",
				"on": "Facevalue"
			},
			"expected_payment_date": "2013-05-31 00:00:00 +0000",
			"settlement_date": "2013-05-02",
			"arrears": {
				"in_arrears": "No",
				"in_arrears_on_date": "nan"
			},
			"payment": {
				"state": "Paid"
			},
			"price_grade": "4",
			"currency": "GBP",
			"face_value": {
				"amount": "66218.59",
				"amount_gbp": "66218.59"
			},
			"outstanding_principal": {
				"amount": "0.0",
				"amount_gbp": "0.0"
			},
			"crystalised_loss": {
				"amount": "nan",
				"date": "nan"
			},
			"gross_yield": {
				"annualised": "10.558985279256627"
			}
		}
	}
}]
