[{
	"loan": {
		"seller": {
			"id": "1291"
		},
		"trade": {
			"id": "10371",
			"type": "Standard",
			"advance": {
				"date": "2014-10-21",
				"amount": "79916.61",
				"amount_gbp": "79916.61",
				"percentage": "80.0"
			},
			"discount": {
				"percentage": "1.0",
				"on": "Facevalue"
			},
			"expected_payment_date": "2014-11-20 00:00:00 +0000",
			"settlement_date": "2014-11-17",
			"arrears": {
				"in_arrears": "No",
				"in_arrears_on_date": "nan"
			},
			"payment": {
				"state": "Paid"
			},
			"price_grade": "7",
			"currency": "GBP",
			"face_value": {
				"amount": "99895.75",
				"amount_gbp": "99895.75"
			},
			"outstanding_principal": {
				"amount": "0.0",
				"amount_gbp": "0.0"
			},
			"crystalised_loss": {
				"amount": "nan",
				"date": "nan"
			},
			"gross_yield": {
				"annualised": "16.075451772299807"
			}
		}
	}
}]
