[{
	"loan": {
		"seller": {
			"id": "9195"
		},
		"trade": {
			"id": "10392",
			"type": "Standard",
			"advance": {
				"date": "2014-10-22",
				"amount": "50171.52",
				"amount_gbp": "50171.52",
				"percentage": "85.0"
			},
			"discount": {
				"percentage": "0.8",
				"on": "Facevalue"
			},
			"expected_payment_date": "2014-12-17 00:00:00 +0000",
			"settlement_date": "2014-12-17",
			"arrears": {
				"in_arrears": "No",
				"in_arrears_on_date": "nan"
			},
			"payment": {
				"state": "Paid"
			},
			"price_grade": "5",
			"currency": "GBP",
			"face_value": {
				"amount": "59025.31",
				"amount_gbp": "59025.31"
			},
			"outstanding_principal": {
				"amount": "0.0",
				"amount_gbp": "0.0"
			},
			"crystalised_loss": {
				"amount": "nan",
				"date": "nan"
			},
			"gross_yield": {
				"annualised": "11.88184119551574"
			}
		}
	}
}]
