[{
	"loan": {
		"seller": {
			"id": "9381"
		},
		"trade": {
			"id": "10408",
			"type": "Standard",
			"advance": {
				"date": "2014-10-27",
				"amount": "488837.92",
				"amount_gbp": "303465.8307",
				"percentage": "88.2"
			},
			"discount": {
				"percentage": "0.99",
				"on": "Facevalue"
			},
			"expected_payment_date": "2014-11-01 00:00:00 +0000",
			"settlement_date": "2014-11-13",
			"arrears": {
				"in_arrears": "No",
				"in_arrears_on_date": "nan"
			},
			"payment": {
				"state": "Repurchased"
			},
			"price_grade": "Unclassified",
			"currency": "USD",
			"face_value": {
				"amount": "554238.0",
				"amount_gbp": "344065.5649"
			},
			"outstanding_principal": {
				"amount": "0.0",
				"amount_gbp": "0.0"
			},
			"crystalised_loss": {
				"amount": "nan",
				"date": "nan"
			},
			"gross_yield": {
				"annualised": "14.299605449973862"
			}
		}
	}
}]
