[{
	"loan": {
		"seller": {
			"id": "1835"
		},
		"trade": {
			"id": "10424",
			"type": "Standard",
			"advance": {
				"date": "2014-10-28",
				"amount": "59500.0",
				"amount_gbp": "59500.0",
				"percentage": "85.0"
			},
			"discount": {
				"percentage": "0.8",
				"on": "Facevalue"
			},
			"expected_payment_date": "2015-01-30 00:00:00 +0000",
			"settlement_date": "2014-12-02",
			"arrears": {
				"in_arrears": "No",
				"in_arrears_on_date": "nan"
			},
			"payment": {
				"state": "Paid"
			},
			"price_grade": "5",
			"currency": "GBP",
			"face_value": {
				"amount": "70000.0",
				"amount_gbp": "70000.0"
			},
			"outstanding_principal": {
				"amount": "0.0",
				"amount_gbp": "0.0"
			},
			"crystalised_loss": {
				"amount": "nan",
				"date": "nan"
			},
			"gross_yield": {
				"annualised": "11.88184119551574"
			}
		}
	}
}]
