[{
	"loan": {
		"seller": {
			"id": "173"
		},
		"trade": {
			"id": "10432",
			"type": "Standard",
			"advance": {
				"date": "2014-10-28",
				"amount": "80906.39",
				"amount_gbp": "50017.5133",
				"percentage": "90.0"
			},
			"discount": {
				"percentage": "0.75",
				"on": "Facevalue"
			},
			"expected_payment_date": "2014-11-24 00:00:00 +0000",
			"settlement_date": "2014-12-02",
			"arrears": {
				"in_arrears": "No",
				"in_arrears_on_date": "nan"
			},
			"payment": {
				"state": "Paid"
			},
			"price_grade": "4",
			"currency": "USD",
			"face_value": {
				"amount": "89896.0",
				"amount_gbp": "55575.0216"
			},
			"outstanding_principal": {
				"amount": "0.0",
				"amount_gbp": "0.0"
			},
			"crystalised_loss": {
				"amount": "nan",
				"date": "nan"
			},
			"gross_yield": {
				"annualised": "10.427491382834429"
			}
		}
	}
}]
