[{
	"loan": {
		"seller": {
			"id": "2101"
		},
		"trade": {
			"id": "10473",
			"type": "MultiDebtor",
			"advance": {
				"date": "2014-11-03",
				"amount": "19301.28",
				"amount_gbp": "19301.28",
				"percentage": "79.0"
			},
			"discount": {
				"percentage": "0.97",
				"on": "Facevalue"
			},
			"expected_payment_date": "2014-12-01 00:00:00 +0000",
			"settlement_date": "2014-12-03",
			"arrears": {
				"in_arrears": "No",
				"in_arrears_on_date": "nan"
			},
			"payment": {
				"state": "Paid"
			},
			"price_grade": "6",
			"currency": "GBP",
			"face_value": {
				"amount": "24432.0",
				"amount_gbp": "24432.0"
			},
			"outstanding_principal": {
				"amount": "0.0",
				"amount_gbp": "0.0"
			},
			"crystalised_loss": {
				"amount": "nan",
				"date": "nan"
			},
			"gross_yield": {
				"annualised": "15.663410959937131"
			}
		}
	}
}]
