[{
	"loan": {
		"seller": {
			"id": "7869"
		},
		"trade": {
			"id": "10490",
			"type": "Standard",
			"advance": {
				"date": "2014-10-30",
				"amount": "425000.0",
				"amount_gbp": "425000.0",
				"percentage": "85.0"
			},
			"discount": {
				"percentage": "0.8",
				"on": "Facevalue"
			},
			"expected_payment_date": "2014-11-14 00:00:00 +0000",
			"settlement_date": "2014-11-12",
			"arrears": {
				"in_arrears": "No",
				"in_arrears_on_date": "nan"
			},
			"payment": {
				"state": "Paid"
			},
			"price_grade": "5",
			"currency": "GBP",
			"face_value": {
				"amount": "500000.0",
				"amount_gbp": "500000.0"
			},
			"outstanding_principal": {
				"amount": "0.0",
				"amount_gbp": "0.0"
			},
			"crystalised_loss": {
				"amount": "nan",
				"date": "nan"
			},
			"gross_yield": {
				"annualised": "11.88184119551574"
			}
		}
	}
}]
