[{
	"loan": {
		"seller": {
			"id": "181"
		},
		"trade": {
			"id": "1049",
			"type": "Standard",
			"advance": {
				"date": "2013-03-28",
				"amount": "8713.78",
				"amount_gbp": "8713.78",
				"percentage": "90.0"
			},
			"discount": {
				"percentage": "0.75",
				"on": "Facevalue"
			},
			"expected_payment_date": "2013-04-22 00:00:00 +0000",
			"settlement_date": "2013-04-19",
			"arrears": {
				"in_arrears": "No",
				"in_arrears_on_date": "nan"
			},
			"payment": {
				"state": "Paid"
			},
			"price_grade": "4",
			"currency": "GBP",
			"face_value": {
				"amount": "9681.95",
				"amount_gbp": "9681.95"
			},
			"outstanding_principal": {
				"amount": "0.0",
				"amount_gbp": "0.0"
			},
			"crystalised_loss": {
				"amount": "nan",
				"date": "nan"
			},
			"gross_yield": {
				"annualised": "10.427491382834429"
			}
		}
	}
}]
