[{
	"loan": {
		"seller": {
			"id": "2353"
		},
		"trade": {
			"id": "10500",
			"type": "Standard",
			"advance": {
				"date": "2014-11-10",
				"amount": "12683.31",
				"amount_gbp": "12683.31",
				"percentage": "80.0"
			},
			"discount": {
				"percentage": "0.9",
				"on": "Facevalue"
			},
			"expected_payment_date": "2014-12-19 00:00:00 +0000",
			"settlement_date": "2014-12-12",
			"arrears": {
				"in_arrears": "No",
				"in_arrears_on_date": "nan"
			},
			"payment": {
				"state": "Paid"
			},
			"price_grade": "6",
			"currency": "GBP",
			"face_value": {
				"amount": "15854.16",
				"amount_gbp": "15854.16"
			},
			"outstanding_principal": {
				"amount": "0.0",
				"amount_gbp": "0.0"
			},
			"crystalised_loss": {
				"amount": "nan",
				"date": "nan"
			},
			"gross_yield": {
				"annualised": "14.299605449973862"
			}
		}
	}
}]
