[{
	"loan": {
		"seller": {
			"id": "8946"
		},
		"trade": {
			"id": "10557",
			"type": "Standard",
			"advance": {
				"date": "2014-11-04",
				"amount": "83530.1",
				"amount_gbp": "65312.1851",
				"percentage": "80.0"
			},
			"discount": {
				"percentage": "1.1",
				"on": "Facevalue"
			},
			"expected_payment_date": "2014-12-09 00:00:00 +0000",
			"settlement_date": "2015-01-02",
			"arrears": {
				"in_arrears": "No",
				"in_arrears_on_date": "nan"
			},
			"payment": {
				"state": "Paid"
			},
			"price_grade": "7",
			"currency": "EUR",
			"face_value": {
				"amount": "104412.64",
				"amount_gbp": "81640.2431"
			},
			"outstanding_principal": {
				"amount": "0.0",
				"amount_gbp": "0.0"
			},
			"crystalised_loss": {
				"amount": "nan",
				"date": "nan"
			},
			"gross_yield": {
				"annualised": "17.73710637049424"
			}
		}
	}
}]
