[{
	"loan": {
		"seller": {
			"id": "10001"
		},
		"trade": {
			"id": "10577",
			"type": "Standard",
			"advance": {
				"date": "2014-11-06",
				"amount": "4465.3",
				"amount_gbp": "4465.3",
				"percentage": "80.0"
			},
			"discount": {
				"percentage": "0.9",
				"on": "Facevalue"
			},
			"expected_payment_date": "2014-12-07 00:00:00 +0000",
			"settlement_date": "2014-12-04",
			"arrears": {
				"in_arrears": "No",
				"in_arrears_on_date": "nan"
			},
			"payment": {
				"state": "Paid"
			},
			"price_grade": "6",
			"currency": "GBP",
			"face_value": {
				"amount": "5581.64",
				"amount_gbp": "5581.64"
			},
			"outstanding_principal": {
				"amount": "0.0",
				"amount_gbp": "0.0"
			},
			"crystalised_loss": {
				"amount": "nan",
				"date": "nan"
			},
			"gross_yield": {
				"annualised": "14.299605449973862"
			}
		}
	}
}]
