[{
	"loan": {
		"seller": {
			"id": "8575"
		},
		"trade": {
			"id": "10609",
			"type": "Standard",
			"advance": {
				"date": "2014-11-13",
				"amount": "229014.09",
				"amount_gbp": "145468.8086",
				"percentage": "85.0"
			},
			"discount": {
				"percentage": "0.8",
				"on": "Facevalue"
			},
			"expected_payment_date": "2014-12-14 00:00:00 +0000",
			"settlement_date": "2014-12-03",
			"arrears": {
				"in_arrears": "No",
				"in_arrears_on_date": "nan"
			},
			"payment": {
				"state": "Paid"
			},
			"price_grade": "5",
			"currency": "USD",
			"face_value": {
				"amount": "269428.34",
				"amount_gbp": "171139.77399999998"
			},
			"outstanding_principal": {
				"amount": "0.0",
				"amount_gbp": "0.0"
			},
			"crystalised_loss": {
				"amount": "nan",
				"date": "nan"
			},
			"gross_yield": {
				"annualised": "11.88184119551574"
			}
		}
	}
}]
