[{
	"loan": {
		"seller": {
			"id": "1004"
		},
		"trade": {
			"id": "10613",
			"type": "Standard",
			"advance": {
				"date": "2014-11-10",
				"amount": "57029.4",
				"amount_gbp": "57029.4",
				"percentage": "90.0"
			},
			"discount": {
				"percentage": "0.75",
				"on": "Facevalue"
			},
			"expected_payment_date": "2015-01-22 00:00:00 +0000",
			"settlement_date": "2015-01-15",
			"arrears": {
				"in_arrears": "No",
				"in_arrears_on_date": "nan"
			},
			"payment": {
				"state": "Paid"
			},
			"price_grade": "4",
			"currency": "GBP",
			"face_value": {
				"amount": "63366.0",
				"amount_gbp": "63366.0"
			},
			"outstanding_principal": {
				"amount": "0.0",
				"amount_gbp": "0.0"
			},
			"crystalised_loss": {
				"amount": "nan",
				"date": "nan"
			},
			"gross_yield": {
				"annualised": "10.427491382834429"
			}
		}
	}
}]
