[{
	"loan": {
		"seller": {
			"id": "2154"
		},
		"trade": {
			"id": "10629",
			"type": "Standard",
			"advance": {
				"date": "2014-11-07",
				"amount": "28566.13",
				"amount_gbp": "28566.13",
				"percentage": "90.0"
			},
			"discount": {
				"percentage": "0.75",
				"on": "Facevalue"
			},
			"expected_payment_date": "2014-11-28 00:00:00 +0000",
			"settlement_date": "2014-12-10",
			"arrears": {
				"in_arrears": "No",
				"in_arrears_on_date": "nan"
			},
			"payment": {
				"state": "Paid"
			},
			"price_grade": "4",
			"currency": "GBP",
			"face_value": {
				"amount": "31740.16",
				"amount_gbp": "31740.16"
			},
			"outstanding_principal": {
				"amount": "0.0",
				"amount_gbp": "0.0"
			},
			"crystalised_loss": {
				"amount": "nan",
				"date": "nan"
			},
			"gross_yield": {
				"annualised": "10.427491382834429"
			}
		}
	}
}]
