[{
	"loan": {
		"seller": {
			"id": "1010"
		},
		"trade": {
			"id": "10633",
			"type": "MultiDebtor",
			"advance": {
				"date": "2014-11-11",
				"amount": "30398.0",
				"amount_gbp": "23819.8728",
				"percentage": "59.0"
			},
			"discount": {
				"percentage": "1.27",
				"on": "Facevalue"
			},
			"expected_payment_date": "2014-12-26 00:00:00 +0000",
			"settlement_date": "2014-12-09",
			"arrears": {
				"in_arrears": "No",
				"in_arrears_on_date": "nan"
			},
			"payment": {
				"state": "Paid"
			},
			"price_grade": "10",
			"currency": "EUR",
			"face_value": {
				"amount": "51522.0",
				"amount_gbp": "40372.6392"
			},
			"outstanding_principal": {
				"amount": "0.0",
				"amount_gbp": "0.0"
			},
			"crystalised_loss": {
				"amount": "nan",
				"date": "nan"
			},
			"gross_yield": {
				"annualised": "29.08044430842771"
			}
		}
	}
}]
