[{
	"loan": {
		"seller": {
			"id": "263"
		},
		"trade": {
			"id": "10648",
			"type": "Standard",
			"advance": {
				"date": "2014-11-10",
				"amount": "10235.3",
				"amount_gbp": "6436.615",
				"percentage": "85.0"
			},
			"discount": {
				"percentage": "0.8",
				"on": "Facevalue"
			},
			"expected_payment_date": "2014-12-19 00:00:00 +0000",
			"settlement_date": "2015-01-20",
			"arrears": {
				"in_arrears": "No",
				"in_arrears_on_date": "nan"
			},
			"payment": {
				"state": "Paid"
			},
			"price_grade": "5",
			"currency": "USD",
			"face_value": {
				"amount": "12041.54",
				"amount_gbp": "7572.4949"
			},
			"outstanding_principal": {
				"amount": "0.0",
				"amount_gbp": "0.0"
			},
			"crystalised_loss": {
				"amount": "nan",
				"date": "nan"
			},
			"gross_yield": {
				"annualised": "11.88184119551574"
			}
		}
	}
}]
