[{
	"loan": {
		"seller": {
			"id": "8946"
		},
		"trade": {
			"id": "10668",
			"type": "Standard",
			"advance": {
				"date": "2014-11-12",
				"amount": "69310.57",
				"amount_gbp": "54616.7291",
				"percentage": "80.0"
			},
			"discount": {
				"percentage": "0.9",
				"on": "Facevalue"
			},
			"expected_payment_date": "2014-12-16 00:00:00 +0000",
			"settlement_date": "2015-01-07",
			"arrears": {
				"in_arrears": "No",
				"in_arrears_on_date": "nan"
			},
			"payment": {
				"state": "Paid"
			},
			"price_grade": "6",
			"currency": "EUR",
			"face_value": {
				"amount": "86638.2",
				"amount_gbp": "68270.9016"
			},
			"outstanding_principal": {
				"amount": "0.0",
				"amount_gbp": "0.0"
			},
			"crystalised_loss": {
				"amount": "nan",
				"date": "nan"
			},
			"gross_yield": {
				"annualised": "14.299605449973862"
			}
		}
	}
}]
