[{
	"loan": {
		"seller": {
			"id": "1577"
		},
		"trade": {
			"id": "10687",
			"type": "Standard",
			"advance": {
				"date": "2014-11-13",
				"amount": "130734.32",
				"amount_gbp": "130734.32",
				"percentage": "85.0"
			},
			"discount": {
				"percentage": "0.8",
				"on": "Facevalue"
			},
			"expected_payment_date": "2014-12-19 00:00:00 +0000",
			"settlement_date": "2014-12-23",
			"arrears": {
				"in_arrears": "No",
				"in_arrears_on_date": "nan"
			},
			"payment": {
				"state": "Paid"
			},
			"price_grade": "5",
			"currency": "GBP",
			"face_value": {
				"amount": "153805.11",
				"amount_gbp": "153805.11"
			},
			"outstanding_principal": {
				"amount": "0.0",
				"amount_gbp": "0.0"
			},
			"crystalised_loss": {
				"amount": "nan",
				"date": "nan"
			},
			"gross_yield": {
				"annualised": "11.88184119551574"
			}
		}
	}
}]
