[{
	"loan": {
		"seller": {
			"id": "550"
		},
		"trade": {
			"id": "1069",
			"type": "Standard",
			"advance": {
				"date": "2013-04-04",
				"amount": "95052.57",
				"amount_gbp": "95052.57",
				"percentage": "80.0"
			},
			"discount": {
				"percentage": "0.65",
				"on": "Facevalue"
			},
			"expected_payment_date": "2013-05-16 00:00:00 +0000",
			"settlement_date": "2013-05-16",
			"arrears": {
				"in_arrears": "No",
				"in_arrears_on_date": "nan"
			},
			"payment": {
				"state": "Paid"
			},
			"price_grade": "4",
			"currency": "GBP",
			"face_value": {
				"amount": "118815.71",
				"amount_gbp": "118815.71"
			},
			"outstanding_principal": {
				"amount": "0.0",
				"amount_gbp": "0.0"
			},
			"crystalised_loss": {
				"amount": "nan",
				"date": "nan"
			},
			"gross_yield": {
				"annualised": "10.164933571080793"
			}
		}
	}
}]
