[{
	"loan": {
		"seller": {
			"id": "10326"
		},
		"trade": {
			"id": "10756",
			"type": "Standard",
			"advance": {
				"date": "2014-11-25",
				"amount": "25286.31",
				"amount_gbp": "25286.31",
				"percentage": "85.0"
			},
			"discount": {
				"percentage": "0.8",
				"on": "Facevalue"
			},
			"expected_payment_date": "2015-01-14 00:00:00 +0000",
			"settlement_date": "2015-01-19",
			"arrears": {
				"in_arrears": "No",
				"in_arrears_on_date": "nan"
			},
			"payment": {
				"state": "Paid"
			},
			"price_grade": "5",
			"currency": "GBP",
			"face_value": {
				"amount": "29748.6",
				"amount_gbp": "29748.6"
			},
			"outstanding_principal": {
				"amount": "0.0",
				"amount_gbp": "0.0"
			},
			"crystalised_loss": {
				"amount": "nan",
				"date": "nan"
			},
			"gross_yield": {
				"annualised": "11.88184119551574"
			}
		}
	}
}]
