[{
	"loan": {
		"seller": {
			"id": "4714"
		},
		"trade": {
			"id": "10783",
			"type": "Standard",
			"advance": {
				"date": "2014-11-21",
				"amount": "95024.9",
				"amount_gbp": "75269.2232",
				"percentage": "90.0"
			},
			"discount": {
				"percentage": "0.75",
				"on": "Facevalue"
			},
			"expected_payment_date": "2015-01-15 00:00:00 +0000",
			"settlement_date": "2015-01-20",
			"arrears": {
				"in_arrears": "No",
				"in_arrears_on_date": "nan"
			},
			"payment": {
				"state": "Paid"
			},
			"price_grade": "4",
			"currency": "EUR",
			"face_value": {
				"amount": "105583.2",
				"amount_gbp": "83632.4527"
			},
			"outstanding_principal": {
				"amount": "0.0",
				"amount_gbp": "0.0"
			},
			"crystalised_loss": {
				"amount": "nan",
				"date": "nan"
			},
			"gross_yield": {
				"annualised": "10.427491382834429"
			}
		}
	}
}]
