[{
	"loan": {
		"seller": {
			"id": "1873"
		},
		"trade": {
			"id": "10799",
			"type": "Standard",
			"advance": {
				"date": "2014-11-25",
				"amount": "127705.33",
				"amount_gbp": "127705.33",
				"percentage": "90.0"
			},
			"discount": {
				"percentage": "0.75",
				"on": "Facevalue"
			},
			"expected_payment_date": "2015-01-05 00:00:00 +0000",
			"settlement_date": "2014-12-31",
			"arrears": {
				"in_arrears": "No",
				"in_arrears_on_date": "nan"
			},
			"payment": {
				"state": "Paid"
			},
			"price_grade": "4",
			"currency": "GBP",
			"face_value": {
				"amount": "141894.8",
				"amount_gbp": "141894.8"
			},
			"outstanding_principal": {
				"amount": "0.0",
				"amount_gbp": "0.0"
			},
			"crystalised_loss": {
				"amount": "nan",
				"date": "nan"
			},
			"gross_yield": {
				"annualised": "10.427491382834429"
			}
		}
	}
}]
