[{
	"loan": {
		"seller": {
			"id": "8206"
		},
		"trade": {
			"id": "10812",
			"type": "MultiDebtor",
			"advance": {
				"date": "2014-11-25",
				"amount": "135824.8",
				"amount_gbp": "135824.8",
				"percentage": "62.0"
			},
			"discount": {
				"percentage": "1.08",
				"on": "Facevalue"
			},
			"expected_payment_date": "2015-01-08 00:00:00 +0000",
			"settlement_date": "2015-01-09",
			"arrears": {
				"in_arrears": "No",
				"in_arrears_on_date": "nan"
			},
			"payment": {
				"state": "Paid"
			},
			"price_grade": "9",
			"currency": "GBP",
			"face_value": {
				"amount": "219072.25",
				"amount_gbp": "219072.25"
			},
			"outstanding_principal": {
				"amount": "0.0",
				"amount_gbp": "0.0"
			},
			"crystalised_loss": {
				"amount": "nan",
				"date": "nan"
			},
			"gross_yield": {
				"annualised": "22.99877879982508"
			}
		}
	}
}]
