[{
	"loan": {
		"seller": {
			"id": "8520"
		},
		"trade": {
			"id": "10832",
			"type": "MultiDebtor",
			"advance": {
				"date": "2014-11-26",
				"amount": "29738.48",
				"amount_gbp": "29738.48",
				"percentage": "76.0"
			},
			"discount": {
				"percentage": "0.94",
				"on": "Facevalue"
			},
			"expected_payment_date": "2015-01-22 00:00:00 +0000",
			"settlement_date": "2015-01-13",
			"arrears": {
				"in_arrears": "No",
				"in_arrears_on_date": "nan"
			},
			"payment": {
				"state": "Paid"
			},
			"price_grade": "6",
			"currency": "GBP",
			"face_value": {
				"amount": "39129.6",
				"amount_gbp": "39129.6"
			},
			"outstanding_principal": {
				"amount": "0.0",
				"amount_gbp": "0.0"
			},
			"crystalised_loss": {
				"amount": "nan",
				"date": "nan"
			},
			"gross_yield": {
				"annualised": "15.800608683458474"
			}
		}
	}
}]
