[{
	"loan": {
		"seller": {
			"id": "263"
		},
		"trade": {
			"id": "10845",
			"type": "Standard",
			"advance": {
				"date": "2014-11-27",
				"amount": "3254.38",
				"amount_gbp": "2577.4689",
				"percentage": "85.0"
			},
			"discount": {
				"percentage": "0.8",
				"on": "Facevalue"
			},
			"expected_payment_date": "2015-01-09 00:00:00 +0000",
			"settlement_date": "2015-01-20",
			"arrears": {
				"in_arrears": "No",
				"in_arrears_on_date": "nan"
			},
			"payment": {
				"state": "Paid"
			},
			"price_grade": "5",
			"currency": "EUR",
			"face_value": {
				"amount": "3828.68",
				"amount_gbp": "3032.3145"
			},
			"outstanding_principal": {
				"amount": "0.0",
				"amount_gbp": "0.0"
			},
			"crystalised_loss": {
				"amount": "nan",
				"date": "nan"
			},
			"gross_yield": {
				"annualised": "11.88184119551574"
			}
		}
	}
}]
