[{
	"loan": {
		"seller": {
			"id": "8539"
		},
		"trade": {
			"id": "10849",
			"type": "Standard",
			"advance": {
				"date": "2014-11-27",
				"amount": "12924.21",
				"amount_gbp": "12924.21",
				"percentage": "80.0"
			},
			"discount": {
				"percentage": "1.1",
				"on": "Facevalue"
			},
			"expected_payment_date": "2015-01-15 00:00:00 +0000",
			"settlement_date": "2015-01-29",
			"arrears": {
				"in_arrears": "No",
				"in_arrears_on_date": "nan"
			},
			"payment": {
				"state": "Paid"
			},
			"price_grade": "7",
			"currency": "GBP",
			"face_value": {
				"amount": "16155.3",
				"amount_gbp": "16155.3"
			},
			"outstanding_principal": {
				"amount": "0.0",
				"amount_gbp": "0.0"
			},
			"crystalised_loss": {
				"amount": "nan",
				"date": "nan"
			},
			"gross_yield": {
				"annualised": "17.73710637049424"
			}
		}
	}
}]
