[{
	"loan": {
		"seller": {
			"id": "8283"
		},
		"trade": {
			"id": "10853",
			"type": "Standard",
			"advance": {
				"date": "2014-12-03",
				"amount": "37226.57",
				"amount_gbp": "37226.57",
				"percentage": "85.0"
			},
			"discount": {
				"percentage": "0.8",
				"on": "Facevalue"
			},
			"expected_payment_date": "2015-02-02 00:00:00 +0000",
			"settlement_date": "2015-02-17",
			"arrears": {
				"in_arrears": "No",
				"in_arrears_on_date": "nan"
			},
			"payment": {
				"state": "Paid"
			},
			"price_grade": "5",
			"currency": "GBP",
			"face_value": {
				"amount": "43795.96",
				"amount_gbp": "43795.96"
			},
			"outstanding_principal": {
				"amount": "0.0",
				"amount_gbp": "0.0"
			},
			"crystalised_loss": {
				"amount": "nan",
				"date": "nan"
			},
			"gross_yield": {
				"annualised": "11.88184119551574"
			}
		}
	}
}]
