[{
	"loan": {
		"seller": {
			"id": "165"
		},
		"trade": {
			"id": "10936",
			"type": "Standard",
			"advance": {
				"date": "2014-12-04",
				"amount": "48000.0",
				"amount_gbp": "30649.6629",
				"percentage": "80.0"
			},
			"discount": {
				"percentage": "1.1",
				"on": "Facevalue"
			},
			"expected_payment_date": "2015-01-16 00:00:00 +0000",
			"settlement_date": "2015-01-09",
			"arrears": {
				"in_arrears": "No",
				"in_arrears_on_date": "nan"
			},
			"payment": {
				"state": "Paid"
			},
			"price_grade": "7",
			"currency": "USD",
			"face_value": {
				"amount": "60000.0",
				"amount_gbp": "38312.0786"
			},
			"outstanding_principal": {
				"amount": "0.0",
				"amount_gbp": "0.0"
			},
			"crystalised_loss": {
				"amount": "nan",
				"date": "nan"
			},
			"gross_yield": {
				"annualised": "17.73710637049424"
			}
		}
	}
}]
