[{
	"loan": {
		"seller": {
			"id": "10461"
		},
		"trade": {
			"id": "11002",
			"type": "MultiDebtor",
			"advance": {
				"date": "2014-12-22",
				"amount": "104879.46",
				"amount_gbp": "104879.46",
				"percentage": "85.0"
			},
			"discount": {
				"percentage": "0.8",
				"on": "Facevalue"
			},
			"expected_payment_date": "2015-01-15 00:00:00 +0000",
			"settlement_date": "2015-05-01",
			"arrears": {
				"in_arrears": "No",
				"in_arrears_on_date": "nan"
			},
			"payment": {
				"state": "Repurchased"
			},
			"price_grade": "5",
			"currency": "GBP",
			"face_value": {
				"amount": "123387.6",
				"amount_gbp": "123387.6"
			},
			"outstanding_principal": {
				"amount": "0.0",
				"amount_gbp": "0.0"
			},
			"crystalised_loss": {
				"amount": "nan",
				"date": "nan"
			},
			"gross_yield": {
				"annualised": "11.88184119551574"
			}
		}
	}
}]
