[{
	"loan": {
		"seller": {
			"id": "1111"
		},
		"trade": {
			"id": "11018",
			"type": "Standard",
			"advance": {
				"date": "2014-12-15",
				"amount": "37617.41",
				"amount_gbp": "37617.41",
				"percentage": "75.0"
			},
			"discount": {
				"percentage": "1.2",
				"on": "Facevalue"
			},
			"expected_payment_date": "2015-01-30 00:00:00 +0000",
			"settlement_date": "2015-01-28",
			"arrears": {
				"in_arrears": "No",
				"in_arrears_on_date": "nan"
			},
			"payment": {
				"state": "Paid"
			},
			"price_grade": "8",
			"currency": "GBP",
			"face_value": {
				"amount": "50156.59",
				"amount_gbp": "50156.59"
			},
			"outstanding_principal": {
				"amount": "0.0",
				"amount_gbp": "0.0"
			},
			"crystalised_loss": {
				"amount": "nan",
				"date": "nan"
			},
			"gross_yield": {
				"annualised": "20.98304065090819"
			}
		}
	}
}]
