[{
	"loan": {
		"seller": {
			"id": "10004"
		},
		"trade": {
			"id": "11022",
			"type": "Standard",
			"advance": {
				"date": "2014-12-10",
				"amount": "105747.52",
				"amount_gbp": "67389.2967",
				"percentage": "85.0"
			},
			"discount": {
				"percentage": "0.8",
				"on": "Facevalue"
			},
			"expected_payment_date": "2015-01-28 00:00:00 +0000",
			"settlement_date": "2015-01-15",
			"arrears": {
				"in_arrears": "No",
				"in_arrears_on_date": "nan"
			},
			"payment": {
				"state": "Paid"
			},
			"price_grade": "5",
			"currency": "USD",
			"face_value": {
				"amount": "124408.87",
				"amount_gbp": "79281.5402"
			},
			"outstanding_principal": {
				"amount": "0.0",
				"amount_gbp": "0.0"
			},
			"crystalised_loss": {
				"amount": "nan",
				"date": "nan"
			},
			"gross_yield": {
				"annualised": "11.88184119551574"
			}
		}
	}
}]
