[{
	"loan": {
		"seller": {
			"id": "1491"
		},
		"trade": {
			"id": "11075",
			"type": "Standard",
			"advance": {
				"date": "2014-12-16",
				"amount": "24230.4",
				"amount_gbp": "24230.4",
				"percentage": "90.0"
			},
			"discount": {
				"percentage": "0.65",
				"on": "Facevalue"
			},
			"expected_payment_date": "2015-01-18 00:00:00 +0000",
			"settlement_date": "2015-01-19",
			"arrears": {
				"in_arrears": "No",
				"in_arrears_on_date": "nan"
			},
			"payment": {
				"state": "Paid"
			},
			"price_grade": "3",
			"currency": "GBP",
			"face_value": {
				"amount": "26922.65",
				"amount_gbp": "26922.65"
			},
			"outstanding_principal": {
				"amount": "0.0",
				"amount_gbp": "0.0"
			},
			"crystalised_loss": {
				"amount": "nan",
				"date": "nan"
			},
			"gross_yield": {
				"annualised": "8.990490026994502"
			}
		}
	}
}]
