[{
	"loan": {
		"seller": {
			"id": "10481"
		},
		"trade": {
			"id": "11079",
			"type": "Standard",
			"advance": {
				"date": "2014-12-15",
				"amount": "12109.4",
				"amount_gbp": "12109.4",
				"percentage": "80.0"
			},
			"discount": {
				"percentage": "1.1",
				"on": "Facevalue"
			},
			"expected_payment_date": "2015-01-23 00:00:00 +0000",
			"settlement_date": "2015-01-06",
			"arrears": {
				"in_arrears": "No",
				"in_arrears_on_date": "nan"
			},
			"payment": {
				"state": "Paid"
			},
			"price_grade": "7",
			"currency": "GBP",
			"face_value": {
				"amount": "15136.73",
				"amount_gbp": "15136.73"
			},
			"outstanding_principal": {
				"amount": "0.0",
				"amount_gbp": "0.0"
			},
			"crystalised_loss": {
				"amount": "nan",
				"date": "nan"
			},
			"gross_yield": {
				"annualised": "17.73710637049424"
			}
		}
	}
}]
