[{
	"loan": {
		"seller": {
			"id": "263"
		},
		"trade": {
			"id": "11167",
			"type": "Standard",
			"advance": {
				"date": "2014-12-18",
				"amount": "28158.68",
				"amount_gbp": "18027.5147",
				"percentage": "85.0"
			},
			"discount": {
				"percentage": "0.8",
				"on": "Facevalue"
			},
			"expected_payment_date": "2015-01-31 00:00:00 +0000",
			"settlement_date": "2015-01-26",
			"arrears": {
				"in_arrears": "No",
				"in_arrears_on_date": "nan"
			},
			"payment": {
				"state": "Paid"
			},
			"price_grade": "5",
			"currency": "USD",
			"face_value": {
				"amount": "33127.84",
				"amount_gbp": "21208.8287"
			},
			"outstanding_principal": {
				"amount": "0.0",
				"amount_gbp": "0.0"
			},
			"crystalised_loss": {
				"amount": "nan",
				"date": "nan"
			},
			"gross_yield": {
				"annualised": "11.88184119551574"
			}
		}
	}
}]
