[{
	"loan": {
		"seller": {
			"id": "1888"
		},
		"trade": {
			"id": "11184",
			"type": "Standard",
			"advance": {
				"date": "2014-12-30",
				"amount": "68984.1",
				"amount_gbp": "68984.1",
				"percentage": "90.0"
			},
			"discount": {
				"percentage": "0.75",
				"on": "Facevalue"
			},
			"expected_payment_date": "2015-02-04 00:00:00 +0000",
			"settlement_date": "2015-02-02",
			"arrears": {
				"in_arrears": "No",
				"in_arrears_on_date": "nan"
			},
			"payment": {
				"state": "Paid"
			},
			"price_grade": "4",
			"currency": "GBP",
			"face_value": {
				"amount": "76649.0",
				"amount_gbp": "76649.0"
			},
			"outstanding_principal": {
				"amount": "0.0",
				"amount_gbp": "0.0"
			},
			"crystalised_loss": {
				"amount": "nan",
				"date": "nan"
			},
			"gross_yield": {
				"annualised": "10.427491382834429"
			}
		}
	}
}]
