[{
	"loan": {
		"seller": {
			"id": "1296"
		},
		"trade": {
			"id": "11192",
			"type": "Standard",
			"advance": {
				"date": "2014-12-19",
				"amount": "29102.47",
				"amount_gbp": "29102.47",
				"percentage": "85.0"
			},
			"discount": {
				"percentage": "0.8",
				"on": "Facevalue"
			},
			"expected_payment_date": "2015-02-06 00:00:00 +0000",
			"settlement_date": "2015-01-19",
			"arrears": {
				"in_arrears": "No",
				"in_arrears_on_date": "nan"
			},
			"payment": {
				"state": "Paid"
			},
			"price_grade": "5",
			"currency": "GBP",
			"face_value": {
				"amount": "34238.19",
				"amount_gbp": "34238.19"
			},
			"outstanding_principal": {
				"amount": "0.0",
				"amount_gbp": "0.0"
			},
			"crystalised_loss": {
				"amount": "nan",
				"date": "nan"
			},
			"gross_yield": {
				"annualised": "11.88184119551574"
			}
		}
	}
}]
