[{
	"loan": {
		"seller": {
			"id": "1901"
		},
		"trade": {
			"id": "11235",
			"type": "Standard",
			"advance": {
				"date": "2014-12-29",
				"amount": "399158.71",
				"amount_gbp": "399158.71",
				"percentage": "85.0"
			},
			"discount": {
				"percentage": "0.8",
				"on": "Facevalue"
			},
			"expected_payment_date": "2015-01-23 00:00:00 +0000",
			"settlement_date": "2015-01-23",
			"arrears": {
				"in_arrears": "No",
				"in_arrears_on_date": "nan"
			},
			"payment": {
				"state": "Paid"
			},
			"price_grade": "5",
			"currency": "GBP",
			"face_value": {
				"amount": "469598.43",
				"amount_gbp": "469598.43"
			},
			"outstanding_principal": {
				"amount": "0.0",
				"amount_gbp": "0.0"
			},
			"crystalised_loss": {
				"amount": "nan",
				"date": "nan"
			},
			"gross_yield": {
				"annualised": "11.88184119551574"
			}
		}
	}
}]
