[{
	"loan": {
		"seller": {
			"id": "1515"
		},
		"trade": {
			"id": "11311",
			"type": "Standard",
			"advance": {
				"date": "2015-01-06",
				"amount": "66358.37",
				"amount_gbp": "66358.37",
				"percentage": "85.0"
			},
			"discount": {
				"percentage": "0.8",
				"on": "Facevalue"
			},
			"expected_payment_date": "2015-02-12 00:00:00 +0000",
			"settlement_date": "2015-02-20",
			"arrears": {
				"in_arrears": "No",
				"in_arrears_on_date": "nan"
			},
			"payment": {
				"state": "Paid"
			},
			"price_grade": "5",
			"currency": "GBP",
			"face_value": {
				"amount": "78068.65",
				"amount_gbp": "78068.65"
			},
			"outstanding_principal": {
				"amount": "0.0",
				"amount_gbp": "0.0"
			},
			"crystalised_loss": {
				"amount": "nan",
				"date": "nan"
			},
			"gross_yield": {
				"annualised": "11.88184119551574"
			}
		}
	}
}]
