[{
	"loan": {
		"seller": {
			"id": "2399"
		},
		"trade": {
			"id": "11331",
			"type": "Standard",
			"advance": {
				"date": "2015-01-07",
				"amount": "29617.83",
				"amount_gbp": "29617.83",
				"percentage": "90.0"
			},
			"discount": {
				"percentage": "0.55",
				"on": "Facevalue"
			},
			"expected_payment_date": "2015-02-20 00:00:00 +0000",
			"settlement_date": "2015-03-18",
			"arrears": {
				"in_arrears": "No",
				"in_arrears_on_date": "nan"
			},
			"payment": {
				"state": "Repurchased"
			},
			"price_grade": "2",
			"currency": "GBP",
			"face_value": {
				"amount": "32908.72",
				"amount_gbp": "32908.72"
			},
			"outstanding_principal": {
				"amount": "0.0",
				"amount_gbp": "0.0"
			},
			"crystalised_loss": {
				"amount": "nan",
				"date": "nan"
			},
			"gross_yield": {
				"annualised": "7.570648792618684"
			}
		}
	}
}]
