[{
	"loan": {
		"seller": {
			"id": "8887"
		},
		"trade": {
			"id": "11370",
			"type": "Standard",
			"advance": {
				"date": "2015-01-12",
				"amount": "69706.29",
				"amount_gbp": "69706.29",
				"percentage": "80.0"
			},
			"discount": {
				"percentage": "0.9",
				"on": "Facevalue"
			},
			"expected_payment_date": "2015-02-13 00:00:00 +0000",
			"settlement_date": "2015-02-02",
			"arrears": {
				"in_arrears": "No",
				"in_arrears_on_date": "nan"
			},
			"payment": {
				"state": "Paid"
			},
			"price_grade": "6",
			"currency": "GBP",
			"face_value": {
				"amount": "87132.84",
				"amount_gbp": "87132.84"
			},
			"outstanding_principal": {
				"amount": "0.0",
				"amount_gbp": "0.0"
			},
			"crystalised_loss": {
				"amount": "nan",
				"date": "nan"
			},
			"gross_yield": {
				"annualised": "14.299605449973862"
			}
		}
	}
}]
