[{
	"loan": {
		"seller": {
			"id": "2218"
		},
		"trade": {
			"id": "11389",
			"type": "Standard",
			"advance": {
				"date": "2015-01-13",
				"amount": "60715.32",
				"amount_gbp": "40025.1137",
				"percentage": "80.0"
			},
			"discount": {
				"percentage": "1.1",
				"on": "Facevalue"
			},
			"expected_payment_date": "2015-03-03 00:00:00 +0000",
			"settlement_date": "2015-03-12",
			"arrears": {
				"in_arrears": "No",
				"in_arrears_on_date": "nan"
			},
			"payment": {
				"state": "Paid"
			},
			"price_grade": "7",
			"currency": "USD",
			"face_value": {
				"amount": "75894.11",
				"amount_gbp": "50031.3658"
			},
			"outstanding_principal": {
				"amount": "0.0",
				"amount_gbp": "0.0"
			},
			"crystalised_loss": {
				"amount": "nan",
				"date": "nan"
			},
			"gross_yield": {
				"annualised": "17.73710637049424"
			}
		}
	}
}]
