[{
	"loan": {
		"seller": {
			"id": "350"
		},
		"trade": {
			"id": "11409",
			"type": "Standard",
			"advance": {
				"date": "2015-01-27",
				"amount": "72541.59",
				"amount_gbp": "47941.867999999995",
				"percentage": "85.0"
			},
			"discount": {
				"percentage": "0.8",
				"on": "Facevalue"
			},
			"expected_payment_date": "2015-03-30 00:00:00 +0000",
			"settlement_date": "2015-04-07",
			"arrears": {
				"in_arrears": "No",
				"in_arrears_on_date": "nan"
			},
			"payment": {
				"state": "Paid"
			},
			"price_grade": "5",
			"currency": "USD",
			"face_value": {
				"amount": "85343.0",
				"amount_gbp": "56402.1666"
			},
			"outstanding_principal": {
				"amount": "0.0",
				"amount_gbp": "0.0"
			},
			"crystalised_loss": {
				"amount": "nan",
				"date": "nan"
			},
			"gross_yield": {
				"annualised": "11.88184119551574"
			}
		}
	}
}]
