[{
	"loan": {
		"seller": {
			"id": "263"
		},
		"trade": {
			"id": "11425",
			"type": "Standard",
			"advance": {
				"date": "2015-01-27",
				"amount": "30515.0",
				"amount_gbp": "20166.998",
				"percentage": "85.0"
			},
			"discount": {
				"percentage": "0.8",
				"on": "Facevalue"
			},
			"expected_payment_date": "2015-02-13 00:00:00 +0000",
			"settlement_date": "2015-02-09",
			"arrears": {
				"in_arrears": "No",
				"in_arrears_on_date": "nan"
			},
			"payment": {
				"state": "Paid"
			},
			"price_grade": "5",
			"currency": "USD",
			"face_value": {
				"amount": "35900.0",
				"amount_gbp": "23725.88"
			},
			"outstanding_principal": {
				"amount": "0.0",
				"amount_gbp": "0.0"
			},
			"crystalised_loss": {
				"amount": "nan",
				"date": "nan"
			},
			"gross_yield": {
				"annualised": "11.88184119551574"
			}
		}
	}
}]
