[{
	"loan": {
		"seller": {
			"id": "8946"
		},
		"trade": {
			"id": "11452",
			"type": "Standard",
			"advance": {
				"date": "2015-01-20",
				"amount": "251515.25",
				"amount_gbp": "192082.1964",
				"percentage": "85.0"
			},
			"discount": {
				"percentage": "0.8",
				"on": "Facevalue"
			},
			"expected_payment_date": "2015-02-27 00:00:00 +0000",
			"settlement_date": "2015-02-17",
			"arrears": {
				"in_arrears": "No",
				"in_arrears_on_date": "nan"
			},
			"payment": {
				"state": "Paid"
			},
			"price_grade": "5",
			"currency": "EUR",
			"face_value": {
				"amount": "295900.32",
				"amount_gbp": "225979.0743"
			},
			"outstanding_principal": {
				"amount": "0.0",
				"amount_gbp": "0.0"
			},
			"crystalised_loss": {
				"amount": "nan",
				"date": "nan"
			},
			"gross_yield": {
				"annualised": "11.88184119551574"
			}
		}
	}
}]
