[{
	"loan": {
		"seller": {
			"id": "8778"
		},
		"trade": {
			"id": "11468",
			"type": "Standard",
			"advance": {
				"date": "2015-01-19",
				"amount": "15580.8",
				"amount_gbp": "15580.8",
				"percentage": "80.0"
			},
			"discount": {
				"percentage": "0.9",
				"on": "Facevalue"
			},
			"expected_payment_date": "2015-02-19 00:00:00 +0000",
			"settlement_date": "2015-02-12",
			"arrears": {
				"in_arrears": "No",
				"in_arrears_on_date": "nan"
			},
			"payment": {
				"state": "Paid"
			},
			"price_grade": "6",
			"currency": "GBP",
			"face_value": {
				"amount": "19476.0",
				"amount_gbp": "19476.0"
			},
			"outstanding_principal": {
				"amount": "0.0",
				"amount_gbp": "0.0"
			},
			"crystalised_loss": {
				"amount": "nan",
				"date": "nan"
			},
			"gross_yield": {
				"annualised": "14.299605449973862"
			}
		}
	}
}]
