[{
	"loan": {
		"seller": {
			"id": "1873"
		},
		"trade": {
			"id": "11487",
			"type": "Standard",
			"advance": {
				"date": "2015-01-20",
				"amount": "113416.71",
				"amount_gbp": "113416.71",
				"percentage": "90.0"
			},
			"discount": {
				"percentage": "0.65",
				"on": "Facevalue"
			},
			"expected_payment_date": "2015-03-04 00:00:00 +0000",
			"settlement_date": "2015-02-27",
			"arrears": {
				"in_arrears": "No",
				"in_arrears_on_date": "nan"
			},
			"payment": {
				"state": "Paid"
			},
			"price_grade": "3",
			"currency": "GBP",
			"face_value": {
				"amount": "126018.55",
				"amount_gbp": "126018.55"
			},
			"outstanding_principal": {
				"amount": "0.0",
				"amount_gbp": "0.0"
			},
			"crystalised_loss": {
				"amount": "nan",
				"date": "nan"
			},
			"gross_yield": {
				"annualised": "8.990490026994502"
			}
		}
	}
}]
