[{
	"loan": {
		"seller": {
			"id": "10182"
		},
		"trade": {
			"id": "11491",
			"type": "Standard",
			"advance": {
				"date": "2015-01-29",
				"amount": "7500.0",
				"amount_gbp": "7500.0",
				"percentage": "60.0"
			},
			"discount": {
				"percentage": "1.4",
				"on": "Facevalue"
			},
			"expected_payment_date": "2015-02-13 00:00:00 +0000",
			"settlement_date": "2015-02-16",
			"arrears": {
				"in_arrears": "No",
				"in_arrears_on_date": "nan"
			},
			"payment": {
				"state": "Paid"
			},
			"price_grade": "10",
			"currency": "GBP",
			"face_value": {
				"amount": "12500.0",
				"amount_gbp": "12500.0"
			},
			"outstanding_principal": {
				"amount": "0.0",
				"amount_gbp": "0.0"
			},
			"crystalised_loss": {
				"amount": "nan",
				"date": "nan"
			},
			"gross_yield": {
				"annualised": "31.836507493097344"
			}
		}
	}
}]
