[{
	"loan": {
		"seller": {
			"id": "294"
		},
		"trade": {
			"id": "11517",
			"type": "Standard",
			"advance": {
				"date": "2015-01-28",
				"amount": "54239.82",
				"amount_gbp": "54239.82",
				"percentage": "80.0"
			},
			"discount": {
				"percentage": "1.1",
				"on": "Facevalue"
			},
			"expected_payment_date": "2015-02-28 00:00:00 +0000",
			"settlement_date": "2015-03-04",
			"arrears": {
				"in_arrears": "No",
				"in_arrears_on_date": "nan"
			},
			"payment": {
				"state": "Paid"
			},
			"price_grade": "7",
			"currency": "GBP",
			"face_value": {
				"amount": "67799.79",
				"amount_gbp": "67799.79"
			},
			"outstanding_principal": {
				"amount": "0.0",
				"amount_gbp": "0.0"
			},
			"crystalised_loss": {
				"amount": "nan",
				"date": "nan"
			},
			"gross_yield": {
				"annualised": "17.73710637049424"
			}
		}
	}
}]
