[{
	"loan": {
		"seller": {
			"id": "2454"
		},
		"trade": {
			"id": "11624",
			"type": "Standard",
			"advance": {
				"date": "2015-01-30",
				"amount": "56323.4",
				"amount_gbp": "56323.4",
				"percentage": "85.0"
			},
			"discount": {
				"percentage": "0.8",
				"on": "Facevalue"
			},
			"expected_payment_date": "2015-04-27 00:00:00 +0000",
			"settlement_date": "2015-04-28",
			"arrears": {
				"in_arrears": "No",
				"in_arrears_on_date": "nan"
			},
			"payment": {
				"state": "Paid"
			},
			"price_grade": "5",
			"currency": "GBP",
			"face_value": {
				"amount": "66262.8",
				"amount_gbp": "66262.8"
			},
			"outstanding_principal": {
				"amount": "0.0",
				"amount_gbp": "0.0"
			},
			"crystalised_loss": {
				"amount": "nan",
				"date": "nan"
			},
			"gross_yield": {
				"annualised": "11.88184119551574"
			}
		}
	}
}]
