[{
	"loan": {
		"seller": {
			"id": "11115"
		},
		"trade": {
			"id": "11649",
			"type": "Standard",
			"advance": {
				"date": "2015-02-03",
				"amount": "19044.71",
				"amount_gbp": "19044.71",
				"percentage": "85.0"
			},
			"discount": {
				"percentage": "0.8",
				"on": "Facevalue"
			},
			"expected_payment_date": "2015-03-14 00:00:00 +0000",
			"settlement_date": "2015-03-04",
			"arrears": {
				"in_arrears": "No",
				"in_arrears_on_date": "nan"
			},
			"payment": {
				"state": "Paid"
			},
			"price_grade": "5",
			"currency": "GBP",
			"face_value": {
				"amount": "22405.53",
				"amount_gbp": "22405.53"
			},
			"outstanding_principal": {
				"amount": "0.0",
				"amount_gbp": "0.0"
			},
			"crystalised_loss": {
				"amount": "nan",
				"date": "nan"
			},
			"gross_yield": {
				"annualised": "11.88184119551574"
			}
		}
	}
}]
