[{
	"loan": {
		"seller": {
			"id": "8777"
		},
		"trade": {
			"id": "11673",
			"type": "Standard",
			"advance": {
				"date": "2015-02-02",
				"amount": "7146.11",
				"amount_gbp": "7146.11",
				"percentage": "85.0"
			},
			"discount": {
				"percentage": "0.8",
				"on": "Facevalue"
			},
			"expected_payment_date": "2015-04-10 00:00:00 +0000",
			"settlement_date": "2015-03-30",
			"arrears": {
				"in_arrears": "No",
				"in_arrears_on_date": "nan"
			},
			"payment": {
				"state": "Paid"
			},
			"price_grade": "5",
			"currency": "GBP",
			"face_value": {
				"amount": "8407.2",
				"amount_gbp": "8407.2"
			},
			"outstanding_principal": {
				"amount": "0.0",
				"amount_gbp": "0.0"
			},
			"crystalised_loss": {
				"amount": "nan",
				"date": "nan"
			},
			"gross_yield": {
				"annualised": "11.88184119551574"
			}
		}
	}
}]
