[{
	"loan": {
		"seller": {
			"id": "8462"
		},
		"trade": {
			"id": "11757",
			"type": "Standard",
			"advance": {
				"date": "2015-02-17",
				"amount": "23035.0",
				"amount_gbp": "17124.218999999997",
				"percentage": "85.0"
			},
			"discount": {
				"percentage": "0.8",
				"on": "Facevalue"
			},
			"expected_payment_date": "2015-02-28 00:00:00 +0000",
			"settlement_date": "2015-02-26",
			"arrears": {
				"in_arrears": "No",
				"in_arrears_on_date": "nan"
			},
			"payment": {
				"state": "Paid"
			},
			"price_grade": "5",
			"currency": "EUR",
			"face_value": {
				"amount": "27100.0",
				"amount_gbp": "20146.14"
			},
			"outstanding_principal": {
				"amount": "0.0",
				"amount_gbp": "0.0"
			},
			"crystalised_loss": {
				"amount": "nan",
				"date": "nan"
			},
			"gross_yield": {
				"annualised": "11.88184119551574"
			}
		}
	}
}]
