[{
	"loan": {
		"seller": {
			"id": "4711"
		},
		"trade": {
			"id": "11777",
			"type": "Standard",
			"advance": {
				"date": "2015-02-13",
				"amount": "30137.4",
				"amount_gbp": "30137.4",
				"percentage": "90.0"
			},
			"discount": {
				"percentage": "0.55",
				"on": "Facevalue"
			},
			"expected_payment_date": "2015-04-07 00:00:00 +0000",
			"settlement_date": "2015-03-09",
			"arrears": {
				"in_arrears": "No",
				"in_arrears_on_date": "nan"
			},
			"payment": {
				"state": "Paid"
			},
			"price_grade": "2",
			"currency": "GBP",
			"face_value": {
				"amount": "33486.0",
				"amount_gbp": "33486.0"
			},
			"outstanding_principal": {
				"amount": "0.0",
				"amount_gbp": "0.0"
			},
			"crystalised_loss": {
				"amount": "nan",
				"date": "nan"
			},
			"gross_yield": {
				"annualised": "7.570648792618684"
			}
		}
	}
}]
