[{
	"loan": {
		"seller": {
			"id": "8887"
		},
		"trade": {
			"id": "11798",
			"type": "Standard",
			"advance": {
				"date": "2015-02-11",
				"amount": "14819.2",
				"amount_gbp": "9687.360999999999",
				"percentage": "80.0"
			},
			"discount": {
				"percentage": "0.9",
				"on": "Facevalue"
			},
			"expected_payment_date": "2015-03-13 00:00:00 +0000",
			"settlement_date": "2015-03-03",
			"arrears": {
				"in_arrears": "No",
				"in_arrears_on_date": "nan"
			},
			"payment": {
				"state": "Paid"
			},
			"price_grade": "6",
			"currency": "USD",
			"face_value": {
				"amount": "18523.96",
				"amount_gbp": "12109.1751"
			},
			"outstanding_principal": {
				"amount": "0.0",
				"amount_gbp": "0.0"
			},
			"crystalised_loss": {
				"amount": "nan",
				"date": "nan"
			},
			"gross_yield": {
				"annualised": "14.299605449973862"
			}
		}
	}
}]
