[{
	"loan": {
		"seller": {
			"id": "774"
		},
		"trade": {
			"id": "11809",
			"type": "MultiDebtor",
			"advance": {
				"date": "2015-02-13",
				"amount": "7911.53",
				"amount_gbp": "7911.53",
				"percentage": "78.0"
			},
			"discount": {
				"percentage": "1.14",
				"on": "Facevalue"
			},
			"expected_payment_date": "2015-04-30 00:00:00 +0000",
			"settlement_date": "2015-04-20",
			"arrears": {
				"in_arrears": "No",
				"in_arrears_on_date": "nan"
			},
			"payment": {
				"state": "Paid"
			},
			"price_grade": "7",
			"currency": "GBP",
			"face_value": {
				"amount": "10143.0",
				"amount_gbp": "10143.0"
			},
			"outstanding_principal": {
				"amount": "0.0",
				"amount_gbp": "0.0"
			},
			"crystalised_loss": {
				"amount": "nan",
				"date": "nan"
			},
			"gross_yield": {
				"annualised": "18.997625578845927"
			}
		}
	}
}]
