[{
	"loan": {
		"seller": {
			"id": "11454"
		},
		"trade": {
			"id": "11829",
			"type": "Standard",
			"advance": {
				"date": "2015-02-20",
				"amount": "11143.51",
				"amount_gbp": "11143.51",
				"percentage": "85.0"
			},
			"discount": {
				"percentage": "0.8",
				"on": "Facevalue"
			},
			"expected_payment_date": "2015-03-15 00:00:00 +0000",
			"settlement_date": "2015-04-10",
			"arrears": {
				"in_arrears": "No",
				"in_arrears_on_date": "nan"
			},
			"payment": {
				"state": "Paid"
			},
			"price_grade": "5",
			"currency": "GBP",
			"face_value": {
				"amount": "13110.0",
				"amount_gbp": "13110.0"
			},
			"outstanding_principal": {
				"amount": "0.0",
				"amount_gbp": "0.0"
			},
			"crystalised_loss": {
				"amount": "nan",
				"date": "nan"
			},
			"gross_yield": {
				"annualised": "11.88184119551574"
			}
		}
	}
}]
