[{
	"loan": {
		"seller": {
			"id": "996"
		},
		"trade": {
			"id": "1182",
			"type": "Standard",
			"advance": {
				"date": "2013-05-22",
				"amount": "84939.47",
				"amount_gbp": "84939.47",
				"percentage": "85.0"
			},
			"discount": {
				"percentage": "0.75",
				"on": "Facevalue"
			},
			"expected_payment_date": "2013-08-01 00:00:00 +0000",
			"settlement_date": "2013-07-18",
			"arrears": {
				"in_arrears": "No",
				"in_arrears_on_date": "nan"
			},
			"payment": {
				"state": "Paid"
			},
			"price_grade": "4",
			"currency": "GBP",
			"face_value": {
				"amount": "99928.8",
				"amount_gbp": "99928.8"
			},
			"outstanding_principal": {
				"amount": "0.0",
				"amount_gbp": "0.0"
			},
			"crystalised_loss": {
				"amount": "nan",
				"date": "nan"
			},
			"gross_yield": {
				"annualised": "11.08639745607627"
			}
		}
	}
}]
