[{
	"loan": {
		"seller": {
			"id": "8716"
		},
		"trade": {
			"id": "11833",
			"type": "Standard",
			"advance": {
				"date": "2015-02-12",
				"amount": "28800.0",
				"amount_gbp": "28800.0",
				"percentage": "80.0"
			},
			"discount": {
				"percentage": "0.9",
				"on": "Facevalue"
			},
			"expected_payment_date": "2015-05-08 00:00:00 +0000",
			"settlement_date": "2015-04-01",
			"arrears": {
				"in_arrears": "No",
				"in_arrears_on_date": "nan"
			},
			"payment": {
				"state": "Paid"
			},
			"price_grade": "6",
			"currency": "GBP",
			"face_value": {
				"amount": "36000.0",
				"amount_gbp": "36000.0"
			},
			"outstanding_principal": {
				"amount": "0.0",
				"amount_gbp": "0.0"
			},
			"crystalised_loss": {
				"amount": "nan",
				"date": "nan"
			},
			"gross_yield": {
				"annualised": "14.299605449973862"
			}
		}
	}
}]
