[{
	"loan": {
		"seller": {
			"id": "10481"
		},
		"trade": {
			"id": "11848",
			"type": "Standard",
			"advance": {
				"date": "2015-02-16",
				"amount": "23977.79",
				"amount_gbp": "23977.79",
				"percentage": "85.0"
			},
			"discount": {
				"percentage": "0.8",
				"on": "Facevalue"
			},
			"expected_payment_date": "2015-03-27 00:00:00 +0000",
			"settlement_date": "2015-03-10",
			"arrears": {
				"in_arrears": "No",
				"in_arrears_on_date": "nan"
			},
			"payment": {
				"state": "Paid"
			},
			"price_grade": "5",
			"currency": "GBP",
			"face_value": {
				"amount": "28209.15",
				"amount_gbp": "28209.15"
			},
			"outstanding_principal": {
				"amount": "0.0",
				"amount_gbp": "0.0"
			},
			"crystalised_loss": {
				"amount": "nan",
				"date": "nan"
			},
			"gross_yield": {
				"annualised": "11.88184119551574"
			}
		}
	}
}]
