[{
	"loan": {
		"seller": {
			"id": "8283"
		},
		"trade": {
			"id": "11887",
			"type": "Standard",
			"advance": {
				"date": "2015-02-18",
				"amount": "3290.62",
				"amount_gbp": "3290.62",
				"percentage": "90.0"
			},
			"discount": {
				"percentage": "0.75",
				"on": "Facevalue"
			},
			"expected_payment_date": "2015-03-20 00:00:00 +0000",
			"settlement_date": "2015-03-17",
			"arrears": {
				"in_arrears": "No",
				"in_arrears_on_date": "nan"
			},
			"payment": {
				"state": "Paid"
			},
			"price_grade": "4",
			"currency": "GBP",
			"face_value": {
				"amount": "3656.25",
				"amount_gbp": "3656.25"
			},
			"outstanding_principal": {
				"amount": "0.0",
				"amount_gbp": "0.0"
			},
			"crystalised_loss": {
				"amount": "nan",
				"date": "nan"
			},
			"gross_yield": {
				"annualised": "10.427491382834429"
			}
		}
	}
}]
