[{
	"loan": {
		"seller": {
			"id": "9"
		},
		"trade": {
			"id": "119",
			"type": "Standard",
			"advance": {
				"date": "2011-07-01",
				"amount": "1912.2839999999999",
				"amount_gbp": "1912.2839999999999",
				"percentage": "90.0"
			},
			"discount": {
				"percentage": "1.5",
				"on": "Facevalue"
			},
			"expected_payment_date": "2011-07-30 00:00:00 +0000",
			"settlement_date": "2011-07-26",
			"arrears": {
				"in_arrears": "No",
				"in_arrears_on_date": "nan"
			},
			"payment": {
				"state": "Paid"
			},
			"price_grade": "8",
			"currency": "GBP",
			"face_value": {
				"amount": "2124.76",
				"amount_gbp": "2124.76"
			},
			"outstanding_principal": {
				"amount": "0.0",
				"amount_gbp": "0.0"
			},
			"crystalised_loss": {
				"amount": "nan",
				"date": "nan"
			},
			"gross_yield": {
				"annualised": "21.843191003260756"
			}
		}
	}
}]
