[{
	"loan": {
		"seller": {
			"id": "578"
		},
		"trade": {
			"id": "1194",
			"type": "Standard",
			"advance": {
				"date": "2013-05-28",
				"amount": "15876.85",
				"amount_gbp": "15876.85",
				"percentage": "90.0"
			},
			"discount": {
				"percentage": "0.5",
				"on": "Facevalue"
			},
			"expected_payment_date": "2013-07-31 00:00:00 +0000",
			"settlement_date": "2013-06-24",
			"arrears": {
				"in_arrears": "No",
				"in_arrears_on_date": "nan"
			},
			"payment": {
				"state": "Paid"
			},
			"price_grade": "4",
			"currency": "GBP",
			"face_value": {
				"amount": "17640.94",
				"amount_gbp": "17640.94"
			},
			"outstanding_principal": {
				"amount": "0.0",
				"amount_gbp": "0.0"
			},
			"crystalised_loss": {
				"amount": "nan",
				"date": "nan"
			},
			"gross_yield": {
				"annualised": "6.803355946764843"
			}
		}
	}
}]
