[{
	"loan": {
		"seller": {
			"id": "1128"
		},
		"trade": {
			"id": "1205",
			"type": "Standard",
			"advance": {
				"date": "2013-06-04",
				"amount": "15275.52",
				"amount_gbp": "15275.52",
				"percentage": "85.0"
			},
			"discount": {
				"percentage": "1.2",
				"on": "Facevalue"
			},
			"expected_payment_date": "2013-07-04 00:00:00 +0000",
			"settlement_date": "2013-07-23",
			"arrears": {
				"in_arrears": "No",
				"in_arrears_on_date": "nan"
			},
			"payment": {
				"state": "Paid"
			},
			"price_grade": "7",
			"currency": "GBP",
			"face_value": {
				"amount": "17971.2",
				"amount_gbp": "17971.2"
			},
			"outstanding_principal": {
				"amount": "0.0",
				"amount_gbp": "0.0"
			},
			"crystalised_loss": {
				"amount": "nan",
				"date": "nan"
			},
			"gross_yield": {
				"annualised": "18.29581824385631"
			}
		}
	}
}]
