[{
	"loan": {
		"seller": {
			"id": "1004"
		},
		"trade": {
			"id": "1248",
			"type": "Standard",
			"advance": {
				"date": "2013-06-10",
				"amount": "21492.0",
				"amount_gbp": "21492.0",
				"percentage": "90.0"
			},
			"discount": {
				"percentage": "0.7",
				"on": "Facevalue"
			},
			"expected_payment_date": "2013-08-01 00:00:00 +0000",
			"settlement_date": "2013-08-01",
			"arrears": {
				"in_arrears": "No",
				"in_arrears_on_date": "nan"
			},
			"payment": {
				"state": "Paid"
			},
			"price_grade": "4",
			"currency": "GBP",
			"face_value": {
				"amount": "23880.0",
				"amount_gbp": "23880.0"
			},
			"outstanding_principal": {
				"amount": "0.0",
				"amount_gbp": "0.0"
			},
			"crystalised_loss": {
				"amount": "nan",
				"date": "nan"
			},
			"gross_yield": {
				"annualised": "9.641533896712007"
			}
		}
	}
}]
