[{
	"loan": {
		"seller": {
			"id": "1018"
		},
		"trade": {
			"id": "1252",
			"type": "Standard",
			"advance": {
				"date": "2013-06-21",
				"amount": "17253.0",
				"amount_gbp": "11169.943000000001",
				"percentage": "90.0"
			},
			"discount": {
				"percentage": "0.7",
				"on": "Facevalue"
			},
			"expected_payment_date": "2013-06-28 00:00:00 +0000",
			"settlement_date": "2013-07-16",
			"arrears": {
				"in_arrears": "No",
				"in_arrears_on_date": "nan"
			},
			"payment": {
				"state": "Paid"
			},
			"price_grade": "4",
			"currency": "USD",
			"face_value": {
				"amount": "19170.0",
				"amount_gbp": "12411.0476"
			},
			"outstanding_principal": {
				"amount": "0.0",
				"amount_gbp": "0.0"
			},
			"crystalised_loss": {
				"amount": "nan",
				"date": "nan"
			},
			"gross_yield": {
				"annualised": "9.641533896712007"
			}
		}
	}
}]
