[{
	"loan": {
		"seller": {
			"id": "9123"
		},
		"trade": {
			"id": "12985",
			"type": "Standard",
			"advance": {
				"date": "2015-02-24",
				"amount": "81296.2",
				"amount_gbp": "81296.2",
				"percentage": "85.0"
			},
			"discount": {
				"percentage": "0.8",
				"on": "Facevalue"
			},
			"expected_payment_date": "2015-04-17 00:00:00 +0000",
			"settlement_date": "2015-04-01",
			"arrears": {
				"in_arrears": "No",
				"in_arrears_on_date": "nan"
			},
			"payment": {
				"state": "Paid"
			},
			"price_grade": "5",
			"currency": "GBP",
			"face_value": {
				"amount": "95642.58",
				"amount_gbp": "95642.58"
			},
			"outstanding_principal": {
				"amount": "0.0",
				"amount_gbp": "0.0"
			},
			"crystalised_loss": {
				"amount": "nan",
				"date": "nan"
			},
			"gross_yield": {
				"annualised": "11.88184119551574"
			}
		}
	}
}]
