[{
	"loan": {
		"seller": {
			"id": "2454"
		},
		"trade": {
			"id": "12993",
			"type": "Standard",
			"advance": {
				"date": "2015-03-12",
				"amount": "31518.0",
				"amount_gbp": "31518.0",
				"percentage": "85.0"
			},
			"discount": {
				"percentage": "0.8",
				"on": "Facevalue"
			},
			"expected_payment_date": "2015-05-25 00:00:00 +0000",
			"settlement_date": "2015-05-26",
			"arrears": {
				"in_arrears": "No",
				"in_arrears_on_date": "nan"
			},
			"payment": {
				"state": "Paid"
			},
			"price_grade": "5",
			"currency": "GBP",
			"face_value": {
				"amount": "37080.0",
				"amount_gbp": "37080.0"
			},
			"outstanding_principal": {
				"amount": "0.0",
				"amount_gbp": "0.0"
			},
			"crystalised_loss": {
				"amount": "nan",
				"date": "nan"
			},
			"gross_yield": {
				"annualised": "11.88184119551574"
			}
		}
	}
}]
