[{
	"loan": {
		"seller": {
			"id": "12690"
		},
		"trade": {
			"id": "13025",
			"type": "Standard",
			"advance": {
				"date": "2015-03-03",
				"amount": "24151.69",
				"amount_gbp": "24151.69",
				"percentage": "80.0"
			},
			"discount": {
				"percentage": "1.1",
				"on": "Facevalue"
			},
			"expected_payment_date": "2015-03-23 00:00:00 +0000",
			"settlement_date": "2015-05-01",
			"arrears": {
				"in_arrears": "No",
				"in_arrears_on_date": "nan"
			},
			"payment": {
				"state": "Repurchased"
			},
			"price_grade": "7",
			"currency": "GBP",
			"face_value": {
				"amount": "30189.62",
				"amount_gbp": "30189.62"
			},
			"outstanding_principal": {
				"amount": "0.0",
				"amount_gbp": "0.0"
			},
			"crystalised_loss": {
				"amount": "nan",
				"date": "nan"
			},
			"gross_yield": {
				"annualised": "17.73710637049424"
			}
		}
	}
}]
