[{
	"loan": {
		"seller": {
			"id": "11157"
		},
		"trade": {
			"id": "13044",
			"type": "MultiDebtor",
			"advance": {
				"date": "2015-02-27",
				"amount": "106832.46",
				"amount_gbp": "106832.46",
				"percentage": "85.0"
			},
			"discount": {
				"percentage": "0.8",
				"on": "Facevalue"
			},
			"expected_payment_date": "2015-03-28 00:00:00 +0000",
			"settlement_date": "2015-04-01",
			"arrears": {
				"in_arrears": "No",
				"in_arrears_on_date": "nan"
			},
			"payment": {
				"state": "Paid"
			},
			"price_grade": "5",
			"currency": "GBP",
			"face_value": {
				"amount": "125685.24",
				"amount_gbp": "125685.24"
			},
			"outstanding_principal": {
				"amount": "0.0",
				"amount_gbp": "0.0"
			},
			"crystalised_loss": {
				"amount": "nan",
				"date": "nan"
			},
			"gross_yield": {
				"annualised": "11.88184119551574"
			}
		}
	}
}]
