[{
	"loan": {
		"seller": {
			"id": "1873"
		},
		"trade": {
			"id": "13052",
			"type": "Standard",
			"advance": {
				"date": "2015-03-02",
				"amount": "224939.26",
				"amount_gbp": "224939.26",
				"percentage": "90.0"
			},
			"discount": {
				"percentage": "0.65",
				"on": "Facevalue"
			},
			"expected_payment_date": "2015-04-01 00:00:00 +0000",
			"settlement_date": "2015-03-31",
			"arrears": {
				"in_arrears": "No",
				"in_arrears_on_date": "nan"
			},
			"payment": {
				"state": "Paid"
			},
			"price_grade": "3",
			"currency": "GBP",
			"face_value": {
				"amount": "249932.5",
				"amount_gbp": "249932.5"
			},
			"outstanding_principal": {
				"amount": "0.0",
				"amount_gbp": "0.0"
			},
			"crystalised_loss": {
				"amount": "nan",
				"date": "nan"
			},
			"gross_yield": {
				"annualised": "8.990490026994502"
			}
		}
	}
}]
