[{
	"loan": {
		"seller": {
			"id": "8265"
		},
		"trade": {
			"id": "13101",
			"type": "Standard",
			"advance": {
				"date": "2015-03-03",
				"amount": "53032.63",
				"amount_gbp": "53032.63",
				"percentage": "90.0"
			},
			"discount": {
				"percentage": "0.65",
				"on": "Facevalue"
			},
			"expected_payment_date": "2015-03-16 00:00:00 +0000",
			"settlement_date": "2015-03-11",
			"arrears": {
				"in_arrears": "No",
				"in_arrears_on_date": "nan"
			},
			"payment": {
				"state": "Paid"
			},
			"price_grade": "3",
			"currency": "GBP",
			"face_value": {
				"amount": "58925.15",
				"amount_gbp": "58925.15"
			},
			"outstanding_principal": {
				"amount": "0.0",
				"amount_gbp": "0.0"
			},
			"crystalised_loss": {
				"amount": "nan",
				"date": "nan"
			},
			"gross_yield": {
				"annualised": "8.990490026994502"
			}
		}
	}
}]
