[{
	"loan": {
		"seller": {
			"id": "773"
		},
		"trade": {
			"id": "13121",
			"type": "Standard",
			"advance": {
				"date": "2015-03-04",
				"amount": "74861.9",
				"amount_gbp": "74861.9",
				"percentage": "85.0"
			},
			"discount": {
				"percentage": "0.75",
				"on": "Facevalue"
			},
			"expected_payment_date": "2015-03-31 00:00:00 +0000",
			"settlement_date": "2015-03-11",
			"arrears": {
				"in_arrears": "No",
				"in_arrears_on_date": "nan"
			},
			"payment": {
				"state": "Paid"
			},
			"price_grade": "5",
			"currency": "GBP",
			"face_value": {
				"amount": "88072.8",
				"amount_gbp": "88072.8"
			},
			"outstanding_principal": {
				"amount": "0.0",
				"amount_gbp": "0.0"
			},
			"crystalised_loss": {
				"amount": "nan",
				"date": "nan"
			},
			"gross_yield": {
				"annualised": "11.08639745607627"
			}
		}
	}
}]
