[{
	"loan": {
		"seller": {
			"id": "173"
		},
		"trade": {
			"id": "13160",
			"type": "Standard",
			"advance": {
				"date": "2015-03-06",
				"amount": "8623.51",
				"amount_gbp": "8623.51",
				"percentage": "90.0"
			},
			"discount": {
				"percentage": "0.75",
				"on": "Facevalue"
			},
			"expected_payment_date": "2015-03-26 00:00:00 +0000",
			"settlement_date": "2015-04-08",
			"arrears": {
				"in_arrears": "No",
				"in_arrears_on_date": "nan"
			},
			"payment": {
				"state": "Repurchased"
			},
			"price_grade": "4",
			"currency": "GBP",
			"face_value": {
				"amount": "9581.7",
				"amount_gbp": "9581.7"
			},
			"outstanding_principal": {
				"amount": "0.0",
				"amount_gbp": "0.0"
			},
			"crystalised_loss": {
				"amount": "nan",
				"date": "nan"
			},
			"gross_yield": {
				"annualised": "10.427491382834429"
			}
		}
	}
}]
