[{
	"loan": {
		"seller": {
			"id": "9441"
		},
		"trade": {
			"id": "13208",
			"type": "MultiDebtor",
			"advance": {
				"date": "2015-03-10",
				"amount": "10258.8",
				"amount_gbp": "10258.8",
				"percentage": "85.0"
			},
			"discount": {
				"percentage": "0.8",
				"on": "Facevalue"
			},
			"expected_payment_date": "2015-03-27 00:00:00 +0000",
			"settlement_date": "2015-04-28",
			"arrears": {
				"in_arrears": "No",
				"in_arrears_on_date": "nan"
			},
			"payment": {
				"state": "Paid"
			},
			"price_grade": "5",
			"currency": "GBP",
			"face_value": {
				"amount": "12069.18",
				"amount_gbp": "12069.18"
			},
			"outstanding_principal": {
				"amount": "0.0",
				"amount_gbp": "0.0"
			},
			"crystalised_loss": {
				"amount": "nan",
				"date": "nan"
			},
			"gross_yield": {
				"annualised": "11.88184119551574"
			}
		}
	}
}]
