[{
	"loan": {
		"seller": {
			"id": "170"
		},
		"trade": {
			"id": "1321",
			"type": "Standard",
			"advance": {
				"date": "2013-06-28",
				"amount": "2353.1",
				"amount_gbp": "2353.1",
				"percentage": "90.0"
			},
			"discount": {
				"percentage": "0.3",
				"on": "Facevalue"
			},
			"expected_payment_date": "2013-07-08 00:00:00 +0000",
			"settlement_date": "2013-07-17",
			"arrears": {
				"in_arrears": "No",
				"in_arrears_on_date": "nan"
			},
			"payment": {
				"state": "Paid"
			},
			"price_grade": "Unclassified",
			"currency": "GBP",
			"face_value": {
				"amount": "2614.56",
				"amount_gbp": "2614.56"
			},
			"outstanding_principal": {
				"amount": "0.0",
				"amount_gbp": "0.0"
			},
			"crystalised_loss": {
				"amount": "nan",
				"date": "nan"
			},
			"gross_yield": {
				"annualised": "4.032670515423953"
			}
		}
	}
}]
