[{
	"loan": {
		"seller": {
			"id": "1843"
		},
		"trade": {
			"id": "13228",
			"type": "Standard",
			"advance": {
				"date": "2015-03-12",
				"amount": "4483.1",
				"amount_gbp": "4483.1",
				"percentage": "90.0"
			},
			"discount": {
				"percentage": "0.65",
				"on": "Facevalue"
			},
			"expected_payment_date": "2015-04-10 00:00:00 +0000",
			"settlement_date": "2015-04-13",
			"arrears": {
				"in_arrears": "No",
				"in_arrears_on_date": "nan"
			},
			"payment": {
				"state": "Paid"
			},
			"price_grade": "3",
			"currency": "GBP",
			"face_value": {
				"amount": "4981.22",
				"amount_gbp": "4981.22"
			},
			"outstanding_principal": {
				"amount": "0.0",
				"amount_gbp": "0.0"
			},
			"crystalised_loss": {
				"amount": "nan",
				"date": "nan"
			},
			"gross_yield": {
				"annualised": "8.990490026994502"
			}
		}
	}
}]
