[{
	"loan": {
		"seller": {
			"id": "8887"
		},
		"trade": {
			"id": "13249",
			"type": "Standard",
			"advance": {
				"date": "2015-03-12",
				"amount": "44883.3",
				"amount_gbp": "29988.4556",
				"percentage": "85.0"
			},
			"discount": {
				"percentage": "0.8",
				"on": "Facevalue"
			},
			"expected_payment_date": "2015-04-10 00:00:00 +0000",
			"settlement_date": "2015-03-31",
			"arrears": {
				"in_arrears": "No",
				"in_arrears_on_date": "nan"
			},
			"payment": {
				"state": "Paid"
			},
			"price_grade": "5",
			"currency": "USD",
			"face_value": {
				"amount": "52803.91",
				"amount_gbp": "35280.5545"
			},
			"outstanding_principal": {
				"amount": "0.0",
				"amount_gbp": "0.0"
			},
			"crystalised_loss": {
				"amount": "nan",
				"date": "nan"
			},
			"gross_yield": {
				"annualised": "11.88184119551574"
			}
		}
	}
}]
