[{
	"loan": {
		"seller": {
			"id": "8783"
		},
		"trade": {
			"id": "13286",
			"type": "Standard",
			"advance": {
				"date": "2015-03-19",
				"amount": "30048.48",
				"amount_gbp": "30048.48",
				"percentage": "85.0"
			},
			"discount": {
				"percentage": "0.8",
				"on": "Facevalue"
			},
			"expected_payment_date": "2015-03-31 00:00:00 +0000",
			"settlement_date": "2015-03-20",
			"arrears": {
				"in_arrears": "No",
				"in_arrears_on_date": "nan"
			},
			"payment": {
				"state": "Paid"
			},
			"price_grade": "5",
			"currency": "GBP",
			"face_value": {
				"amount": "35351.14",
				"amount_gbp": "35351.14"
			},
			"outstanding_principal": {
				"amount": "0.0",
				"amount_gbp": "0.0"
			},
			"crystalised_loss": {
				"amount": "nan",
				"date": "nan"
			},
			"gross_yield": {
				"annualised": "11.88184119551574"
			}
		}
	}
}]
