[{
	"loan": {
		"seller": {
			"id": "2154"
		},
		"trade": {
			"id": "13290",
			"type": "Standard",
			"advance": {
				"date": "2015-03-13",
				"amount": "39102.01",
				"amount_gbp": "39102.01",
				"percentage": "85.0"
			},
			"discount": {
				"percentage": "0.8",
				"on": "Facevalue"
			},
			"expected_payment_date": "2015-04-13 00:00:00 +0000",
			"settlement_date": "2015-04-29",
			"arrears": {
				"in_arrears": "No",
				"in_arrears_on_date": "nan"
			},
			"payment": {
				"state": "Paid"
			},
			"price_grade": "5",
			"currency": "GBP",
			"face_value": {
				"amount": "46002.4",
				"amount_gbp": "46002.4"
			},
			"outstanding_principal": {
				"amount": "0.0",
				"amount_gbp": "0.0"
			},
			"crystalised_loss": {
				"amount": "nan",
				"date": "nan"
			},
			"gross_yield": {
				"annualised": "11.88184119551574"
			}
		}
	}
}]
