[{
	"loan": {
		"seller": {
			"id": "10443"
		},
		"trade": {
			"id": "13336",
			"type": "Standard",
			"advance": {
				"date": "2015-03-18",
				"amount": "60070.11",
				"amount_gbp": "60070.11",
				"percentage": "80.0"
			},
			"discount": {
				"percentage": "1.1",
				"on": "Facevalue"
			},
			"expected_payment_date": "2015-05-08 00:00:00 +0000",
			"settlement_date": "2015-05-22",
			"arrears": {
				"in_arrears": "No",
				"in_arrears_on_date": "nan"
			},
			"payment": {
				"state": "Paid"
			},
			"price_grade": "7",
			"currency": "GBP",
			"face_value": {
				"amount": "75087.65",
				"amount_gbp": "75087.65"
			},
			"outstanding_principal": {
				"amount": "0.0",
				"amount_gbp": "0.0"
			},
			"crystalised_loss": {
				"amount": "nan",
				"date": "nan"
			},
			"gross_yield": {
				"annualised": "17.73710637049424"
			}
		}
	}
}]
