[{
	"loan": {
		"seller": {
			"id": "2218"
		},
		"trade": {
			"id": "13361",
			"type": "MultiDebtor",
			"advance": {
				"date": "2015-03-17",
				"amount": "19972.8",
				"amount_gbp": "13519.9047",
				"percentage": "80.0"
			},
			"discount": {
				"percentage": "0.9",
				"on": "Facevalue"
			},
			"expected_payment_date": "2015-05-31 00:00:00 +0000",
			"settlement_date": "2015-05-18",
			"arrears": {
				"in_arrears": "No",
				"in_arrears_on_date": "nan"
			},
			"payment": {
				"state": "Paid"
			},
			"price_grade": "6",
			"currency": "USD",
			"face_value": {
				"amount": "24966.01",
				"amount_gbp": "16899.8875"
			},
			"outstanding_principal": {
				"amount": "0.0",
				"amount_gbp": "0.0"
			},
			"crystalised_loss": {
				"amount": "nan",
				"date": "nan"
			},
			"gross_yield": {
				"annualised": "14.299605449973862"
			}
		}
	}
}]
