[{
	"loan": {
		"seller": {
			"id": "9592"
		},
		"trade": {
			"id": "13382",
			"type": "Standard",
			"advance": {
				"date": "2015-03-24",
				"amount": "46355.0",
				"amount_gbp": "31089.6",
				"percentage": "85.0"
			},
			"discount": {
				"percentage": "0.8",
				"on": "Facevalue"
			},
			"expected_payment_date": "2015-05-08 00:00:00 +0000",
			"settlement_date": "2015-04-24",
			"arrears": {
				"in_arrears": "No",
				"in_arrears_on_date": "nan"
			},
			"payment": {
				"state": "Paid"
			},
			"price_grade": "5",
			"currency": "USD",
			"face_value": {
				"amount": "54535.27",
				"amount_gbp": "36575.9838"
			},
			"outstanding_principal": {
				"amount": "0.0",
				"amount_gbp": "0.0"
			},
			"crystalised_loss": {
				"amount": "nan",
				"date": "nan"
			},
			"gross_yield": {
				"annualised": "11.88184119551574"
			}
		}
	}
}]
