[{
	"loan": {
		"seller": {
			"id": "1314"
		},
		"trade": {
			"id": "1340",
			"type": "Standard",
			"advance": {
				"date": "2013-07-03",
				"amount": "104841.04",
				"amount_gbp": "104841.04",
				"percentage": "85.0"
			},
			"discount": {
				"percentage": "1.25",
				"on": "Facevalue"
			},
			"expected_payment_date": "2013-08-06 00:00:00 +0000",
			"settlement_date": "2013-07-15",
			"arrears": {
				"in_arrears": "No",
				"in_arrears_on_date": "nan"
			},
			"payment": {
				"state": "Paid"
			},
			"price_grade": "7",
			"currency": "GBP",
			"face_value": {
				"amount": "123342.42",
				"amount_gbp": "123342.42"
			},
			"outstanding_principal": {
				"amount": "0.0",
				"amount_gbp": "0.0"
			},
			"crystalised_loss": {
				"amount": "nan",
				"date": "nan"
			},
			"gross_yield": {
				"annualised": "19.13844421121711"
			}
		}
	}
}]
