[{
	"loan": {
		"seller": {
			"id": "10307"
		},
		"trade": {
			"id": "13414",
			"type": "MultiDebtor",
			"advance": {
				"date": "2015-03-20",
				"amount": "4403.71",
				"amount_gbp": "4403.71",
				"percentage": "75.0"
			},
			"discount": {
				"percentage": "1.2",
				"on": "Facevalue"
			},
			"expected_payment_date": "2015-04-20 00:00:00 +0000",
			"settlement_date": "2015-04-27",
			"arrears": {
				"in_arrears": "No",
				"in_arrears_on_date": "nan"
			},
			"payment": {
				"state": "Paid"
			},
			"price_grade": "8",
			"currency": "GBP",
			"face_value": {
				"amount": "5871.6",
				"amount_gbp": "5871.6"
			},
			"outstanding_principal": {
				"amount": "0.0",
				"amount_gbp": "0.0"
			},
			"crystalised_loss": {
				"amount": "nan",
				"date": "nan"
			},
			"gross_yield": {
				"annualised": "20.98304065090819"
			}
		}
	}
}]
