[{
	"loan": {
		"seller": {
			"id": "12999"
		},
		"trade": {
			"id": "13418",
			"type": "Standard",
			"advance": {
				"date": "2015-03-26",
				"amount": "3352.51",
				"amount_gbp": "3352.51",
				"percentage": "75.0"
			},
			"discount": {
				"percentage": "1.2",
				"on": "Facevalue"
			},
			"expected_payment_date": "2015-05-26 00:00:00 +0000",
			"settlement_date": "2015-05-19",
			"arrears": {
				"in_arrears": "No",
				"in_arrears_on_date": "nan"
			},
			"payment": {
				"state": "Paid"
			},
			"price_grade": "8",
			"currency": "GBP",
			"face_value": {
				"amount": "4470.0",
				"amount_gbp": "4470.0"
			},
			"outstanding_principal": {
				"amount": "0.0",
				"amount_gbp": "0.0"
			},
			"crystalised_loss": {
				"amount": "nan",
				"date": "nan"
			},
			"gross_yield": {
				"annualised": "20.98304065090819"
			}
		}
	}
}]
