[{
	"loan": {
		"seller": {
			"id": "13019"
		},
		"trade": {
			"id": "13463",
			"type": "Standard",
			"advance": {
				"date": "2015-03-20",
				"amount": "388976.61",
				"amount_gbp": "388976.61",
				"percentage": "80.0"
			},
			"discount": {
				"percentage": "0.9",
				"on": "Facevalue"
			},
			"expected_payment_date": "2015-04-17 00:00:00 +0000",
			"settlement_date": "2015-04-21",
			"arrears": {
				"in_arrears": "No",
				"in_arrears_on_date": "nan"
			},
			"payment": {
				"state": "Paid"
			},
			"price_grade": "6",
			"currency": "GBP",
			"face_value": {
				"amount": "486220.8",
				"amount_gbp": "486220.8"
			},
			"outstanding_principal": {
				"amount": "0.0",
				"amount_gbp": "0.0"
			},
			"crystalised_loss": {
				"amount": "nan",
				"date": "nan"
			},
			"gross_yield": {
				"annualised": "14.299605449973862"
			}
		}
	}
}]
