[{
	"loan": {
		"seller": {
			"id": "996"
		},
		"trade": {
			"id": "13480",
			"type": "Standard",
			"advance": {
				"date": "2015-03-23",
				"amount": "15478.0",
				"amount_gbp": "15478.0",
				"percentage": "80.0"
			},
			"discount": {
				"percentage": "0.9",
				"on": "Facevalue"
			},
			"expected_payment_date": "2015-05-05 00:00:00 +0000",
			"settlement_date": "2015-04-22",
			"arrears": {
				"in_arrears": "No",
				"in_arrears_on_date": "nan"
			},
			"payment": {
				"state": "Paid"
			},
			"price_grade": "6",
			"currency": "GBP",
			"face_value": {
				"amount": "19347.48",
				"amount_gbp": "19347.48"
			},
			"outstanding_principal": {
				"amount": "0.0",
				"amount_gbp": "0.0"
			},
			"crystalised_loss": {
				"amount": "nan",
				"date": "nan"
			},
			"gross_yield": {
				"annualised": "14.299605449973862"
			}
		}
	}
}]
