[{
	"loan": {
		"seller": {
			"id": "11508"
		},
		"trade": {
			"id": "13510",
			"type": "Standard",
			"advance": {
				"date": "2015-03-27",
				"amount": "2748.91",
				"amount_gbp": "2748.91",
				"percentage": "70.0"
			},
			"discount": {
				"percentage": "1.3",
				"on": "Facevalue"
			},
			"expected_payment_date": "2015-04-22 00:00:00 +0000",
			"settlement_date": "2015-04-17",
			"arrears": {
				"in_arrears": "No",
				"in_arrears_on_date": "nan"
			},
			"payment": {
				"state": "Paid"
			},
			"price_grade": "9",
			"currency": "GBP",
			"face_value": {
				"amount": "3927.0",
				"amount_gbp": "3927.0"
			},
			"outstanding_principal": {
				"amount": "0.0",
				"amount_gbp": "0.0"
			},
			"crystalised_loss": {
				"amount": "nan",
				"date": "nan"
			},
			"gross_yield": {
				"annualised": "24.604119325578665"
			}
		}
	}
}]
