[{
	"loan": {
		"seller": {
			"id": "10481"
		},
		"trade": {
			"id": "13551",
			"type": "Standard",
			"advance": {
				"date": "2015-03-26",
				"amount": "86354.61",
				"amount_gbp": "86354.61",
				"percentage": "90.0"
			},
			"discount": {
				"percentage": "0.75",
				"on": "Facevalue"
			},
			"expected_payment_date": "2015-05-01 00:00:00 +0000",
			"settlement_date": "2015-04-21",
			"arrears": {
				"in_arrears": "No",
				"in_arrears_on_date": "nan"
			},
			"payment": {
				"state": "Paid"
			},
			"price_grade": "4",
			"currency": "GBP",
			"face_value": {
				"amount": "95949.56",
				"amount_gbp": "95949.56"
			},
			"outstanding_principal": {
				"amount": "0.0",
				"amount_gbp": "0.0"
			},
			"crystalised_loss": {
				"amount": "nan",
				"date": "nan"
			},
			"gross_yield": {
				"annualised": "10.427491382834429"
			}
		}
	}
}]
