[{
	"loan": {
		"seller": {
			"id": "10102"
		},
		"trade": {
			"id": "13567",
			"type": "Standard",
			"advance": {
				"date": "2015-03-31",
				"amount": "15714.58",
				"amount_gbp": "15714.58",
				"percentage": "90.0"
			},
			"discount": {
				"percentage": "0.75",
				"on": "Facevalue"
			},
			"expected_payment_date": "2015-05-08 00:00:00 +0000",
			"settlement_date": "2015-04-07",
			"arrears": {
				"in_arrears": "No",
				"in_arrears_on_date": "nan"
			},
			"payment": {
				"state": "Paid"
			},
			"price_grade": "4",
			"currency": "GBP",
			"face_value": {
				"amount": "17460.64",
				"amount_gbp": "17460.64"
			},
			"outstanding_principal": {
				"amount": "0.0",
				"amount_gbp": "0.0"
			},
			"crystalised_loss": {
				"amount": "nan",
				"date": "nan"
			},
			"gross_yield": {
				"annualised": "10.427491382834429"
			}
		}
	}
}]
