[{
	"loan": {
		"seller": {
			"id": "996"
		},
		"trade": {
			"id": "13571",
			"type": "Standard",
			"advance": {
				"date": "2015-03-27",
				"amount": "49330.93",
				"amount_gbp": "36001.7127",
				"percentage": "85.0"
			},
			"discount": {
				"percentage": "0.8",
				"on": "Facevalue"
			},
			"expected_payment_date": "2015-05-05 00:00:00 +0000",
			"settlement_date": "2015-04-28",
			"arrears": {
				"in_arrears": "No",
				"in_arrears_on_date": "nan"
			},
			"payment": {
				"state": "Paid"
			},
			"price_grade": "5",
			"currency": "EUR",
			"face_value": {
				"amount": "58036.4",
				"amount_gbp": "42354.9637"
			},
			"outstanding_principal": {
				"amount": "0.0",
				"amount_gbp": "0.0"
			},
			"crystalised_loss": {
				"amount": "nan",
				"date": "nan"
			},
			"gross_yield": {
				"annualised": "11.88184119551574"
			}
		}
	}
}]
