[{
	"loan": {
		"seller": {
			"id": "1087"
		},
		"trade": {
			"id": "1360",
			"type": "Standard",
			"advance": {
				"date": "2013-07-08",
				"amount": "10931.36",
				"amount_gbp": "10931.36",
				"percentage": "85.0"
			},
			"discount": {
				"percentage": "1.0",
				"on": "Facevalue"
			},
			"expected_payment_date": "2013-08-18 00:00:00 +0000",
			"settlement_date": "2013-07-11",
			"arrears": {
				"in_arrears": "No",
				"in_arrears_on_date": "nan"
			},
			"payment": {
				"state": "Paid"
			},
			"price_grade": "6",
			"currency": "GBP",
			"face_value": {
				"amount": "12860.4",
				"amount_gbp": "12860.4"
			},
			"outstanding_principal": {
				"amount": "0.0",
				"amount_gbp": "0.0"
			},
			"crystalised_loss": {
				"amount": "nan",
				"date": "nan"
			},
			"gross_yield": {
				"annualised": "14.979654663773092"
			}
		}
	}
}]
