[{
	"loan": {
		"seller": {
			"id": "1491"
		},
		"trade": {
			"id": "13681",
			"type": "Standard",
			"advance": {
				"date": "2015-04-07",
				"amount": "9304.0",
				"amount_gbp": "9304.0",
				"percentage": "80.0"
			},
			"discount": {
				"percentage": "1.1",
				"on": "Facevalue"
			},
			"expected_payment_date": "2015-05-05 00:00:00 +0000",
			"settlement_date": "2015-06-02",
			"arrears": {
				"in_arrears": "No",
				"in_arrears_on_date": "nan"
			},
			"payment": {
				"state": "Paid"
			},
			"price_grade": "7",
			"currency": "GBP",
			"face_value": {
				"amount": "11629.99",
				"amount_gbp": "11629.99"
			},
			"outstanding_principal": {
				"amount": "0.0",
				"amount_gbp": "0.0"
			},
			"crystalised_loss": {
				"amount": "nan",
				"date": "nan"
			},
			"gross_yield": {
				"annualised": "17.73710637049424"
			}
		}
	}
}]
