[{
	"loan": {
		"seller": {
			"id": "9195"
		},
		"trade": {
			"id": "13697",
			"type": "Standard",
			"advance": {
				"date": "2015-04-01",
				"amount": "98833.9",
				"amount_gbp": "98833.9",
				"percentage": "90.0"
			},
			"discount": {
				"percentage": "0.55",
				"on": "Facevalue"
			},
			"expected_payment_date": "2015-05-20 00:00:00 +0000",
			"settlement_date": "2015-05-18",
			"arrears": {
				"in_arrears": "No",
				"in_arrears_on_date": "nan"
			},
			"payment": {
				"state": "Paid"
			},
			"price_grade": "2",
			"currency": "GBP",
			"face_value": {
				"amount": "109815.41",
				"amount_gbp": "109815.41"
			},
			"outstanding_principal": {
				"amount": "0.0",
				"amount_gbp": "0.0"
			},
			"crystalised_loss": {
				"amount": "nan",
				"date": "nan"
			},
			"gross_yield": {
				"annualised": "7.570648792618684"
			}
		}
	}
}]
