[{
	"loan": {
		"seller": {
			"id": "10668"
		},
		"trade": {
			"id": "13789",
			"type": "Standard",
			"advance": {
				"date": "2015-04-10",
				"amount": "21930.0",
				"amount_gbp": "21930.0",
				"percentage": "50.0"
			},
			"discount": {
				"percentage": "1.5",
				"on": "Facevalue"
			},
			"expected_payment_date": "2015-06-10 00:00:00 +0000",
			"settlement_date": "nan",
			"arrears": {
				"in_arrears": "Yes",
				"in_arrears_on_date": "2015-07-29"
			},
			"payment": {
				"state": "Repurchase Demanded"
			},
			"price_grade": "10",
			"currency": "GBP",
			"face_value": {
				"amount": "43860.0",
				"amount_gbp": "43860.0"
			},
			"outstanding_principal": {
				"amount": "21930.0",
				"amount_gbp": "21930.0"
			},
			"crystalised_loss": {
				"amount": "Yes",
				"date": "2016-06-14"
			},
			"gross_yield": {
				"annualised": "42.57608868461793"
			}
		}
	}
}]
