[{
	"loan": {
		"seller": {
			"id": "13057"
		},
		"trade": {
			"id": "13793",
			"type": "Standard",
			"advance": {
				"date": "2015-04-10",
				"amount": "65794.52",
				"amount_gbp": "65794.52",
				"percentage": "80.0"
			},
			"discount": {
				"percentage": "1.1",
				"on": "Facevalue"
			},
			"expected_payment_date": "2015-05-05 00:00:00 +0000",
			"settlement_date": "2015-05-06",
			"arrears": {
				"in_arrears": "No",
				"in_arrears_on_date": "nan"
			},
			"payment": {
				"state": "Paid"
			},
			"price_grade": "7",
			"currency": "GBP",
			"face_value": {
				"amount": "82243.13",
				"amount_gbp": "82243.13"
			},
			"outstanding_principal": {
				"amount": "0.0",
				"amount_gbp": "0.0"
			},
			"crystalised_loss": {
				"amount": "nan",
				"date": "nan"
			},
			"gross_yield": {
				"annualised": "17.73710637049424"
			}
		}
	}
}]
