[{
	"loan": {
		"seller": {
			"id": "9291"
		},
		"trade": {
			"id": "13802",
			"type": "Standard",
			"advance": {
				"date": "2015-04-09",
				"amount": "73753.0",
				"amount_gbp": "73753.0",
				"percentage": "90.0"
			},
			"discount": {
				"percentage": "0.65",
				"on": "Facevalue"
			},
			"expected_payment_date": "2015-05-15 00:00:00 +0000",
			"settlement_date": "2015-05-08",
			"arrears": {
				"in_arrears": "No",
				"in_arrears_on_date": "nan"
			},
			"payment": {
				"state": "Paid"
			},
			"price_grade": "3",
			"currency": "GBP",
			"face_value": {
				"amount": "81947.77",
				"amount_gbp": "81947.77"
			},
			"outstanding_principal": {
				"amount": "0.0",
				"amount_gbp": "0.0"
			},
			"crystalised_loss": {
				"amount": "nan",
				"date": "nan"
			},
			"gross_yield": {
				"annualised": "8.990490026994502"
			}
		}
	}
}]
