[{
	"loan": {
		"seller": {
			"id": "8887"
		},
		"trade": {
			"id": "13814",
			"type": "Standard",
			"advance": {
				"date": "2015-04-10",
				"amount": "114164.62",
				"amount_gbp": "78241.1075",
				"percentage": "85.0"
			},
			"discount": {
				"percentage": "0.8",
				"on": "Facevalue"
			},
			"expected_payment_date": "2015-05-01 00:00:00 +0000",
			"settlement_date": "2015-05-05",
			"arrears": {
				"in_arrears": "No",
				"in_arrears_on_date": "nan"
			},
			"payment": {
				"state": "Paid"
			},
			"price_grade": "5",
			"currency": "USD",
			"face_value": {
				"amount": "134311.33",
				"amount_gbp": "92048.3702"
			},
			"outstanding_principal": {
				"amount": "0.0",
				"amount_gbp": "0.0"
			},
			"crystalised_loss": {
				"amount": "nan",
				"date": "nan"
			},
			"gross_yield": {
				"annualised": "11.88184119551574"
			}
		}
	}
}]
