[{
	"loan": {
		"seller": {
			"id": "1010"
		},
		"trade": {
			"id": "13822",
			"type": "Standard",
			"advance": {
				"date": "2015-04-10",
				"amount": "12155.0",
				"amount_gbp": "12155.0",
				"percentage": "85.0"
			},
			"discount": {
				"percentage": "0.8",
				"on": "Facevalue"
			},
			"expected_payment_date": "2015-06-01 00:00:00 +0000",
			"settlement_date": "2015-06-23",
			"arrears": {
				"in_arrears": "No",
				"in_arrears_on_date": "nan"
			},
			"payment": {
				"state": "Repurchased"
			},
			"price_grade": "5",
			"currency": "GBP",
			"face_value": {
				"amount": "14300.0",
				"amount_gbp": "14300.0"
			},
			"outstanding_principal": {
				"amount": "0.0",
				"amount_gbp": "0.0"
			},
			"crystalised_loss": {
				"amount": "nan",
				"date": "nan"
			},
			"gross_yield": {
				"annualised": "11.88184119551574"
			}
		}
	}
}]
