[{
	"loan": {
		"seller": {
			"id": "13210"
		},
		"trade": {
			"id": "13834",
			"type": "MultiDebtor",
			"advance": {
				"date": "2015-04-20",
				"amount": "10104.41",
				"amount_gbp": "10104.41",
				"percentage": "71.0"
			},
			"discount": {
				"percentage": "1.09",
				"on": "Advance"
			},
			"expected_payment_date": "2015-06-01 00:00:00 +0000",
			"settlement_date": "2015-05-08",
			"arrears": {
				"in_arrears": "No",
				"in_arrears_on_date": "nan"
			},
			"payment": {
				"state": "Paid"
			},
			"price_grade": "6",
			"currency": "GBP",
			"face_value": {
				"amount": "14231.58",
				"amount_gbp": "14231.58"
			},
			"outstanding_principal": {
				"amount": "0.0",
				"amount_gbp": "0.0"
			},
			"crystalised_loss": {
				"amount": "nan",
				"date": "nan"
			},
			"gross_yield": {
				"annualised": "13.89334771322033"
			}
		}
	}
}]
