[{
	"loan": {
		"seller": {
			"id": "165"
		},
		"trade": {
			"id": "13859",
			"type": "Standard",
			"advance": {
				"date": "2015-04-23",
				"amount": "32400.0",
				"amount_gbp": "32400.0",
				"percentage": "90.0"
			},
			"discount": {
				"percentage": "0.8",
				"on": "Advance"
			},
			"expected_payment_date": "2015-07-10 00:00:00 +0000",
			"settlement_date": "2015-07-16",
			"arrears": {
				"in_arrears": "No",
				"in_arrears_on_date": "nan"
			},
			"payment": {
				"state": "Repurchased"
			},
			"price_grade": "4",
			"currency": "GBP",
			"face_value": {
				"amount": "36000.0",
				"amount_gbp": "36000.0"
			},
			"outstanding_principal": {
				"amount": "0.0",
				"amount_gbp": "0.0"
			},
			"crystalised_loss": {
				"amount": "nan",
				"date": "nan"
			},
			"gross_yield": {
				"annualised": "10.033869371614637"
			}
		}
	}
}]
