[{
	"loan": {
		"seller": {
			"id": "8887"
		},
		"trade": {
			"id": "13855",
			"type": "Standard",
			"advance": {
				"date": "2015-04-21",
				"amount": "24031.48",
				"amount_gbp": "24031.48",
				"percentage": "90.0"
			},
			"discount": {
				"percentage": "0.55",
				"on": "Advance"
			},
			"expected_payment_date": "2015-05-08 00:00:00 +0000",
			"settlement_date": "2015-05-11",
			"arrears": {
				"in_arrears": "No",
				"in_arrears_on_date": "nan"
			},
			"payment": {
				"state": "Paid"
			},
			"price_grade": "1",
			"currency": "GBP",
			"face_value": {
				"amount": "26701.65",
				"amount_gbp": "26701.65"
			},
			"outstanding_principal": {
				"amount": "0.0",
				"amount_gbp": "0.0"
			},
			"crystalised_loss": {
				"amount": "nan",
				"date": "nan"
			},
			"gross_yield": {
				"annualised": "6.803355946764843"
			}
		}
	}
}]
