[{
	"loan": {
		"seller": {
			"id": "4743"
		},
		"trade": {
			"id": "13863",
			"type": "Standard",
			"advance": {
				"date": "2015-04-14",
				"amount": "4500.0",
				"amount_gbp": "3074.2616",
				"percentage": "90.0"
			},
			"discount": {
				"percentage": "0.9",
				"on": "Advance"
			},
			"expected_payment_date": "2015-05-10 00:00:00 +0000",
			"settlement_date": "2015-06-03",
			"arrears": {
				"in_arrears": "No",
				"in_arrears_on_date": "nan"
			},
			"payment": {
				"state": "Paid"
			},
			"price_grade": "5",
			"currency": "USD",
			"face_value": {
				"amount": "5000.0",
				"amount_gbp": "3415.8462"
			},
			"outstanding_principal": {
				"amount": "0.0",
				"amount_gbp": "0.0"
			},
			"crystalised_loss": {
				"amount": "nan",
				"date": "nan"
			},
			"gross_yield": {
				"annualised": "11.350967495666751"
			}
		}
	}
}]
