[{
	"loan": {
		"seller": {
			"id": "10411"
		},
		"trade": {
			"id": "13896",
			"type": "Standard",
			"advance": {
				"date": "2015-04-16",
				"amount": "31872.98",
				"amount_gbp": "31872.98",
				"percentage": "85.0"
			},
			"discount": {
				"percentage": "0.8",
				"on": "Advance"
			},
			"expected_payment_date": "2015-06-15 00:00:00 +0000",
			"settlement_date": "2015-06-15",
			"arrears": {
				"in_arrears": "No",
				"in_arrears_on_date": "nan"
			},
			"payment": {
				"state": "Paid"
			},
			"price_grade": "4",
			"currency": "GBP",
			"face_value": {
				"amount": "37497.6",
				"amount_gbp": "37497.6"
			},
			"outstanding_principal": {
				"amount": "0.0",
				"amount_gbp": "0.0"
			},
			"crystalised_loss": {
				"amount": "nan",
				"date": "nan"
			},
			"gross_yield": {
				"annualised": "10.033869371614637"
			}
		}
	}
}]
