[{
	"loan": {
		"seller": {
			"id": "10305"
		},
		"trade": {
			"id": "13906",
			"type": "Standard",
			"advance": {
				"date": "2015-05-07",
				"amount": "17606.4",
				"amount_gbp": "11563.6904",
				"percentage": "80.0"
			},
			"discount": {
				"percentage": "1.4",
				"on": "Advance"
			},
			"expected_payment_date": "2015-05-30 00:00:00 +0000",
			"settlement_date": "2015-06-12",
			"arrears": {
				"in_arrears": "No",
				"in_arrears_on_date": "nan"
			},
			"payment": {
				"state": "Paid"
			},
			"price_grade": "8",
			"currency": "USD",
			"face_value": {
				"amount": "22008.0",
				"amount_gbp": "14454.613000000001"
			},
			"outstanding_principal": {
				"amount": "0.0",
				"amount_gbp": "0.0"
			},
			"crystalised_loss": {
				"amount": "nan",
				"date": "nan"
			},
			"gross_yield": {
				"annualised": "18.1559128918122"
			}
		}
	}
}]
