[{
	"loan": {
		"seller": {
			"id": "9592"
		},
		"trade": {
			"id": "13926",
			"type": "Standard",
			"advance": {
				"date": "2015-04-23",
				"amount": "55335.53",
				"amount_gbp": "36832.1342",
				"percentage": "85.0"
			},
			"discount": {
				"percentage": "1.0",
				"on": "Advance"
			},
			"expected_payment_date": "2015-05-30 00:00:00 +0000",
			"settlement_date": "2015-05-18",
			"arrears": {
				"in_arrears": "No",
				"in_arrears_on_date": "nan"
			},
			"payment": {
				"state": "Paid"
			},
			"price_grade": "6",
			"currency": "USD",
			"face_value": {
				"amount": "65100.63",
				"amount_gbp": "43331.9269"
			},
			"outstanding_principal": {
				"amount": "0.0",
				"amount_gbp": "0.0"
			},
			"crystalised_loss": {
				"amount": "nan",
				"date": "nan"
			},
			"gross_yield": {
				"annualised": "12.682503013196976"
			}
		}
	}
}]
