[{
	"loan": {
		"seller": {
			"id": "9190"
		},
		"trade": {
			"id": "13947",
			"type": "Standard",
			"advance": {
				"date": "2015-04-21",
				"amount": "5460.0",
				"amount_gbp": "5460.0",
				"percentage": "70.0"
			},
			"discount": {
				"percentage": "0.9",
				"on": "Advance"
			},
			"expected_payment_date": "2015-06-12 00:00:00 +0000",
			"settlement_date": "2015-06-09",
			"arrears": {
				"in_arrears": "No",
				"in_arrears_on_date": "nan"
			},
			"payment": {
				"state": "Paid"
			},
			"price_grade": "6",
			"currency": "GBP",
			"face_value": {
				"amount": "7800.0",
				"amount_gbp": "7800.0"
			},
			"outstanding_principal": {
				"amount": "0.0",
				"amount_gbp": "0.0"
			},
			"crystalised_loss": {
				"amount": "nan",
				"date": "nan"
			},
			"gross_yield": {
				"annualised": "11.350967495666751"
			}
		}
	}
}]
