[{
	"loan": {
		"seller": {
			"id": "414"
		},
		"trade": {
			"id": "13967",
			"type": "Standard",
			"advance": {
				"date": "2015-04-21",
				"amount": "23930.48",
				"amount_gbp": "23930.48",
				"percentage": "85.0"
			},
			"discount": {
				"percentage": "0.8",
				"on": "Advance"
			},
			"expected_payment_date": "2015-05-15 00:00:00 +0000",
			"settlement_date": "2015-04-28",
			"arrears": {
				"in_arrears": "No",
				"in_arrears_on_date": "nan"
			},
			"payment": {
				"state": "Paid"
			},
			"price_grade": "5",
			"currency": "GBP",
			"face_value": {
				"amount": "28153.5",
				"amount_gbp": "28153.5"
			},
			"outstanding_principal": {
				"amount": "0.0",
				"amount_gbp": "0.0"
			},
			"crystalised_loss": {
				"amount": "nan",
				"date": "nan"
			},
			"gross_yield": {
				"annualised": "10.033869371614637"
			}
		}
	}
}]
