[{
	"loan": {
		"seller": {
			"id": "2170"
		},
		"trade": {
			"id": "13971",
			"type": "Standard",
			"advance": {
				"date": "2015-04-22",
				"amount": "16997.49",
				"amount_gbp": "11279.4476",
				"percentage": "85.0"
			},
			"discount": {
				"percentage": "1.2",
				"on": "Advance"
			},
			"expected_payment_date": "2015-07-06 00:00:00 +0000",
			"settlement_date": "2015-06-23",
			"arrears": {
				"in_arrears": "No",
				"in_arrears_on_date": "nan"
			},
			"payment": {
				"state": "Paid"
			},
			"price_grade": "7",
			"currency": "USD",
			"face_value": {
				"amount": "19997.0",
				"amount_gbp": "13269.9071"
			},
			"outstanding_principal": {
				"amount": "0.0",
				"amount_gbp": "0.0"
			},
			"crystalised_loss": {
				"amount": "nan",
				"date": "nan"
			},
			"gross_yield": {
				"annualised": "15.389462418258605"
			}
		}
	}
}]
