[{
	"loan": {
		"seller": {
			"id": "9592"
		},
		"trade": {
			"id": "13988",
			"type": "Standard",
			"advance": {
				"date": "2015-04-24",
				"amount": "248903.71",
				"amount_gbp": "248903.71",
				"percentage": "90.0"
			},
			"discount": {
				"percentage": "1.0",
				"on": "Advance"
			},
			"expected_payment_date": "2015-06-05 00:00:00 +0000",
			"settlement_date": "2015-05-26",
			"arrears": {
				"in_arrears": "No",
				"in_arrears_on_date": "nan"
			},
			"payment": {
				"state": "Paid"
			},
			"price_grade": "6",
			"currency": "GBP",
			"face_value": {
				"amount": "276559.67",
				"amount_gbp": "276559.67"
			},
			"outstanding_principal": {
				"amount": "0.0",
				"amount_gbp": "0.0"
			},
			"crystalised_loss": {
				"amount": "nan",
				"date": "nan"
			},
			"gross_yield": {
				"annualised": "12.682503013196976"
			}
		}
	}
}]
