[{
	"loan": {
		"seller": {
			"id": "1351"
		},
		"trade": {
			"id": "1399",
			"type": "Standard",
			"advance": {
				"date": "2013-07-16",
				"amount": "41580.0",
				"amount_gbp": "41580.0",
				"percentage": "80.0"
			},
			"discount": {
				"percentage": "1.0",
				"on": "Facevalue"
			},
			"expected_payment_date": "2013-08-30 00:00:00 +0000",
			"settlement_date": "2013-08-29",
			"arrears": {
				"in_arrears": "No",
				"in_arrears_on_date": "nan"
			},
			"payment": {
				"state": "Paid"
			},
			"price_grade": "6",
			"currency": "GBP",
			"face_value": {
				"amount": "51975.0",
				"amount_gbp": "51975.0"
			},
			"outstanding_principal": {
				"amount": "0.0",
				"amount_gbp": "0.0"
			},
			"crystalised_loss": {
				"amount": "nan",
				"date": "nan"
			},
			"gross_yield": {
				"annualised": "16.075451772299807"
			}
		}
	}
}]
