[{
	"loan": {
		"seller": {
			"id": "2168"
		},
		"trade": {
			"id": "14037",
			"type": "Standard",
			"advance": {
				"date": "2015-04-28",
				"amount": "45500.0",
				"amount_gbp": "29772.5816",
				"percentage": "80.0"
			},
			"discount": {
				"percentage": "0.9",
				"on": "Advance"
			},
			"expected_payment_date": "2015-06-05 00:00:00 +0000",
			"settlement_date": "2015-06-02",
			"arrears": {
				"in_arrears": "No",
				"in_arrears_on_date": "nan"
			},
			"payment": {
				"state": "Paid"
			},
			"price_grade": "5",
			"currency": "USD",
			"face_value": {
				"amount": "56875.0",
				"amount_gbp": "37215.727"
			},
			"outstanding_principal": {
				"amount": "0.0",
				"amount_gbp": "0.0"
			},
			"crystalised_loss": {
				"amount": "nan",
				"date": "nan"
			},
			"gross_yield": {
				"annualised": "11.350967495666751"
			}
		}
	}
}]
