[{
	"loan": {
		"seller": {
			"id": "10975"
		},
		"trade": {
			"id": "14056",
			"type": "Standard",
			"advance": {
				"date": "2015-04-28",
				"amount": "19976.08",
				"amount_gbp": "19976.08",
				"percentage": "85.0"
			},
			"discount": {
				"percentage": "0.55",
				"on": "Advance"
			},
			"expected_payment_date": "2015-06-05 00:00:00 +0000",
			"settlement_date": "2015-06-12",
			"arrears": {
				"in_arrears": "No",
				"in_arrears_on_date": "nan"
			},
			"payment": {
				"state": "Paid"
			},
			"price_grade": "1",
			"currency": "GBP",
			"face_value": {
				"amount": "23501.29",
				"amount_gbp": "23501.29"
			},
			"outstanding_principal": {
				"amount": "0.0",
				"amount_gbp": "0.0"
			},
			"crystalised_loss": {
				"amount": "nan",
				"date": "nan"
			},
			"gross_yield": {
				"annualised": "6.803355946764843"
			}
		}
	}
}]
