[{
	"loan": {
		"seller": {
			"id": "263"
		},
		"trade": {
			"id": "14060",
			"type": "Standard",
			"advance": {
				"date": "2015-04-28",
				"amount": "33877.19",
				"amount_gbp": "22167.2836",
				"percentage": "55.0"
			},
			"discount": {
				"percentage": "0.8",
				"on": "Advance"
			},
			"expected_payment_date": "2015-06-26 00:00:00 +0000",
			"settlement_date": "2015-06-05",
			"arrears": {
				"in_arrears": "No",
				"in_arrears_on_date": "nan"
			},
			"payment": {
				"state": "Paid"
			},
			"price_grade": "5",
			"currency": "USD",
			"face_value": {
				"amount": "61594.85",
				"amount_gbp": "40304.1249"
			},
			"outstanding_principal": {
				"amount": "0.0",
				"amount_gbp": "0.0"
			},
			"crystalised_loss": {
				"amount": "nan",
				"date": "nan"
			},
			"gross_yield": {
				"annualised": "10.033869371614637"
			}
		}
	}
}]
