[{
	"loan": {
		"seller": {
			"id": "9001"
		},
		"trade": {
			"id": "14076",
			"type": "MultiDebtor",
			"advance": {
				"date": "2015-04-27",
				"amount": "9086.52",
				"amount_gbp": "9086.52",
				"percentage": "85.0"
			},
			"discount": {
				"percentage": "0.8",
				"on": "Advance"
			},
			"expected_payment_date": "2015-06-09 00:00:00 +0000",
			"settlement_date": "2015-06-22",
			"arrears": {
				"in_arrears": "No",
				"in_arrears_on_date": "nan"
			},
			"payment": {
				"state": "Paid"
			},
			"price_grade": "4",
			"currency": "GBP",
			"face_value": {
				"amount": "10690.0",
				"amount_gbp": "10690.0"
			},
			"outstanding_principal": {
				"amount": "0.0",
				"amount_gbp": "0.0"
			},
			"crystalised_loss": {
				"amount": "nan",
				"date": "nan"
			},
			"gross_yield": {
				"annualised": "10.033869371614637"
			}
		}
	}
}]
