[{
	"loan": {
		"seller": {
			"id": "9592"
		},
		"trade": {
			"id": "14099",
			"type": "Standard",
			"advance": {
				"date": "2015-05-01",
				"amount": "30350.0",
				"amount_gbp": "30350.0",
				"percentage": "90.0"
			},
			"discount": {
				"percentage": "1.0",
				"on": "Advance"
			},
			"expected_payment_date": "2015-06-12 00:00:00 +0000",
			"settlement_date": "2015-08-10",
			"arrears": {
				"in_arrears": "No",
				"in_arrears_on_date": "nan"
			},
			"payment": {
				"state": "Repurchased"
			},
			"price_grade": "6",
			"currency": "GBP",
			"face_value": {
				"amount": "33722.21",
				"amount_gbp": "33722.21"
			},
			"outstanding_principal": {
				"amount": "0.0",
				"amount_gbp": "0.0"
			},
			"crystalised_loss": {
				"amount": "nan",
				"date": "nan"
			},
			"gross_yield": {
				"annualised": "12.682503013196976"
			}
		}
	}
}]
