[{
	"loan": {
		"seller": {
			"id": "8946"
		},
		"trade": {
			"id": "14125",
			"type": "Standard",
			"advance": {
				"date": "2015-04-29",
				"amount": "92304.91",
				"amount_gbp": "66099.546",
				"percentage": "85.0"
			},
			"discount": {
				"percentage": "0.8",
				"on": "Advance"
			},
			"expected_payment_date": "2015-06-09 00:00:00 +0000",
			"settlement_date": "2015-05-22",
			"arrears": {
				"in_arrears": "No",
				"in_arrears_on_date": "nan"
			},
			"payment": {
				"state": "Paid"
			},
			"price_grade": "4",
			"currency": "EUR",
			"face_value": {
				"amount": "108594.0",
				"amount_gbp": "77764.1634"
			},
			"outstanding_principal": {
				"amount": "0.0",
				"amount_gbp": "0.0"
			},
			"crystalised_loss": {
				"amount": "nan",
				"date": "nan"
			},
			"gross_yield": {
				"annualised": "10.033869371614637"
			}
		}
	}
}]
