[{
	"loan": {
		"seller": {
			"id": "9593"
		},
		"trade": {
			"id": "14133",
			"type": "MultiDebtor",
			"advance": {
				"date": "2015-04-29",
				"amount": "28626.2",
				"amount_gbp": "28626.2",
				"percentage": "85.0"
			},
			"discount": {
				"percentage": "1.1",
				"on": "Advance"
			},
			"expected_payment_date": "2015-05-29 00:00:00 +0000",
			"settlement_date": "2015-05-18",
			"arrears": {
				"in_arrears": "No",
				"in_arrears_on_date": "nan"
			},
			"payment": {
				"state": "Paid"
			},
			"price_grade": "6",
			"currency": "GBP",
			"face_value": {
				"amount": "33677.88",
				"amount_gbp": "33677.88"
			},
			"outstanding_principal": {
				"amount": "0.0",
				"amount_gbp": "0.0"
			},
			"crystalised_loss": {
				"amount": "nan",
				"date": "nan"
			},
			"gross_yield": {
				"annualised": "14.02861964998534"
			}
		}
	}
}]
