[{
	"loan": {
		"seller": {
			"id": "10461"
		},
		"trade": {
			"id": "14144",
			"type": "MultiDebtor",
			"advance": {
				"date": "2015-04-29",
				"amount": "38745.6",
				"amount_gbp": "38745.6",
				"percentage": "80.0"
			},
			"discount": {
				"percentage": "1.2",
				"on": "Advance"
			},
			"expected_payment_date": "2015-05-31 00:00:00 +0000",
			"settlement_date": "2015-05-19",
			"arrears": {
				"in_arrears": "No",
				"in_arrears_on_date": "nan"
			},
			"payment": {
				"state": "Paid"
			},
			"price_grade": "7",
			"currency": "GBP",
			"face_value": {
				"amount": "48432.0",
				"amount_gbp": "48432.0"
			},
			"outstanding_principal": {
				"amount": "0.0",
				"amount_gbp": "0.0"
			},
			"crystalised_loss": {
				"amount": "nan",
				"date": "nan"
			},
			"gross_yield": {
				"annualised": "15.389462418258605"
			}
		}
	}
}]
