[{
	"loan": {
		"seller": {
			"id": "9291"
		},
		"trade": {
			"id": "14152",
			"type": "Standard",
			"advance": {
				"date": "2015-05-07",
				"amount": "8831.2",
				"amount_gbp": "8831.2",
				"percentage": "80.0"
			},
			"discount": {
				"percentage": "0.7",
				"on": "Advance"
			},
			"expected_payment_date": "2015-06-12 00:00:00 +0000",
			"settlement_date": "2015-06-09",
			"arrears": {
				"in_arrears": "No",
				"in_arrears_on_date": "nan"
			},
			"payment": {
				"state": "Paid"
			},
			"price_grade": "3",
			"currency": "GBP",
			"face_value": {
				"amount": "11039.0",
				"amount_gbp": "11039.0"
			},
			"outstanding_principal": {
				"amount": "0.0",
				"amount_gbp": "0.0"
			},
			"crystalised_loss": {
				"amount": "nan",
				"date": "nan"
			},
			"gross_yield": {
				"annualised": "8.731066191550553"
			}
		}
	}
}]
