[{
	"loan": {
		"seller": {
			"id": "9751"
		},
		"trade": {
			"id": "14172",
			"type": "Standard",
			"advance": {
				"date": "2015-05-06",
				"amount": "1541.19",
				"amount_gbp": "1541.19",
				"percentage": "60.0"
			},
			"discount": {
				"percentage": "1.2",
				"on": "Advance"
			},
			"expected_payment_date": "2015-05-14 00:00:00 +0000",
			"settlement_date": "2015-05-08",
			"arrears": {
				"in_arrears": "No",
				"in_arrears_on_date": "nan"
			},
			"payment": {
				"state": "Paid"
			},
			"price_grade": "8",
			"currency": "GBP",
			"face_value": {
				"amount": "2568.6",
				"amount_gbp": "2568.6"
			},
			"outstanding_principal": {
				"amount": "0.0",
				"amount_gbp": "0.0"
			},
			"crystalised_loss": {
				"amount": "nan",
				"date": "nan"
			},
			"gross_yield": {
				"annualised": "15.389462418258605"
			}
		}
	}
}]
