[{
	"loan": {
		"seller": {
			"id": "323"
		},
		"trade": {
			"id": "1419",
			"type": "Standard",
			"advance": {
				"date": "2013-07-22",
				"amount": "67588.77",
				"amount_gbp": "67588.77",
				"percentage": "85.0"
			},
			"discount": {
				"percentage": "1.0",
				"on": "Facevalue"
			},
			"expected_payment_date": "2013-08-15 00:00:00 +0000",
			"settlement_date": "2013-08-09",
			"arrears": {
				"in_arrears": "No",
				"in_arrears_on_date": "nan"
			},
			"payment": {
				"state": "Paid"
			},
			"price_grade": "6",
			"currency": "GBP",
			"face_value": {
				"amount": "79516.21",
				"amount_gbp": "79516.21"
			},
			"outstanding_principal": {
				"amount": "0.0",
				"amount_gbp": "0.0"
			},
			"crystalised_loss": {
				"amount": "nan",
				"date": "nan"
			},
			"gross_yield": {
				"annualised": "14.979654663773092"
			}
		}
	}
}]
