[{
	"loan": {
		"seller": {
			"id": "13544"
		},
		"trade": {
			"id": "14220",
			"type": "Standard",
			"advance": {
				"date": "2015-05-20",
				"amount": "195500.0",
				"amount_gbp": "195500.0",
				"percentage": "85.0"
			},
			"discount": {
				"percentage": "0.9",
				"on": "Advance"
			},
			"expected_payment_date": "2015-06-04 00:00:00 +0000",
			"settlement_date": "2015-05-28",
			"arrears": {
				"in_arrears": "No",
				"in_arrears_on_date": "nan"
			},
			"payment": {
				"state": "Paid"
			},
			"price_grade": "5",
			"currency": "GBP",
			"face_value": {
				"amount": "230000.0",
				"amount_gbp": "230000.0"
			},
			"outstanding_principal": {
				"amount": "0.0",
				"amount_gbp": "0.0"
			},
			"crystalised_loss": {
				"amount": "nan",
				"date": "nan"
			},
			"gross_yield": {
				"annualised": "11.350967495666751"
			}
		}
	}
}]
