[{
	"loan": {
		"seller": {
			"id": "9291"
		},
		"trade": {
			"id": "14328",
			"type": "Standard",
			"advance": {
				"date": "2015-05-08",
				"amount": "6858.4",
				"amount_gbp": "6858.4",
				"percentage": "90.0"
			},
			"discount": {
				"percentage": "0.7",
				"on": "Advance"
			},
			"expected_payment_date": "2015-06-12 00:00:00 +0000",
			"settlement_date": "2015-06-08",
			"arrears": {
				"in_arrears": "No",
				"in_arrears_on_date": "nan"
			},
			"payment": {
				"state": "Paid"
			},
			"price_grade": "3",
			"currency": "GBP",
			"face_value": {
				"amount": "7620.46",
				"amount_gbp": "7620.46"
			},
			"outstanding_principal": {
				"amount": "0.0",
				"amount_gbp": "0.0"
			},
			"crystalised_loss": {
				"amount": "nan",
				"date": "nan"
			},
			"gross_yield": {
				"annualised": "8.731066191550553"
			}
		}
	}
}]
