[{
	"loan": {
		"seller": {
			"id": "10503"
		},
		"trade": {
			"id": "14349",
			"type": "Standard",
			"advance": {
				"date": "2015-05-13",
				"amount": "8199.17",
				"amount_gbp": "8199.17",
				"percentage": "85.0"
			},
			"discount": {
				"percentage": "0.8",
				"on": "Advance"
			},
			"expected_payment_date": "2015-06-14 00:00:00 +0000",
			"settlement_date": "2015-06-01",
			"arrears": {
				"in_arrears": "No",
				"in_arrears_on_date": "nan"
			},
			"payment": {
				"state": "Paid"
			},
			"price_grade": "4",
			"currency": "GBP",
			"face_value": {
				"amount": "9646.07",
				"amount_gbp": "9646.07"
			},
			"outstanding_principal": {
				"amount": "0.0",
				"amount_gbp": "0.0"
			},
			"crystalised_loss": {
				"amount": "nan",
				"date": "nan"
			},
			"gross_yield": {
				"annualised": "10.033869371614637"
			}
		}
	}
}]
