[{
	"loan": {
		"seller": {
			"id": "1010"
		},
		"trade": {
			"id": "14345",
			"type": "Standard",
			"advance": {
				"date": "2015-05-08",
				"amount": "90270.0",
				"amount_gbp": "65716.56",
				"percentage": "90.0"
			},
			"discount": {
				"percentage": "0.9",
				"on": "Advance"
			},
			"expected_payment_date": "2015-05-31 00:00:00 +0000",
			"settlement_date": "2015-05-14",
			"arrears": {
				"in_arrears": "No",
				"in_arrears_on_date": "nan"
			},
			"payment": {
				"state": "Paid"
			},
			"price_grade": "5",
			"currency": "EUR",
			"face_value": {
				"amount": "100300.0",
				"amount_gbp": "73018.4"
			},
			"outstanding_principal": {
				"amount": "0.0",
				"amount_gbp": "0.0"
			},
			"crystalised_loss": {
				"amount": "nan",
				"date": "nan"
			},
			"gross_yield": {
				"annualised": "11.350967495666751"
			}
		}
	}
}]
