[{
	"loan": {
		"seller": {
			"id": "13730"
		},
		"trade": {
			"id": "14406",
			"type": "MultiDebtor",
			"advance": {
				"date": "2015-05-15",
				"amount": "29410.0",
				"amount_gbp": "29410.0",
				"percentage": "85.0"
			},
			"discount": {
				"percentage": "1.4",
				"on": "Advance"
			},
			"expected_payment_date": "2015-06-06 00:00:00 +0000",
			"settlement_date": "2015-06-08",
			"arrears": {
				"in_arrears": "No",
				"in_arrears_on_date": "nan"
			},
			"payment": {
				"state": "Paid"
			},
			"price_grade": "8",
			"currency": "GBP",
			"face_value": {
				"amount": "34600.0",
				"amount_gbp": "34600.0"
			},
			"outstanding_principal": {
				"amount": "0.0",
				"amount_gbp": "0.0"
			},
			"crystalised_loss": {
				"amount": "nan",
				"date": "nan"
			},
			"gross_yield": {
				"annualised": "18.1559128918122"
			}
		}
	}
}]
