[{
	"loan": {
		"seller": {
			"id": "263"
		},
		"trade": {
			"id": "14410",
			"type": "Standard",
			"advance": {
				"date": "2015-05-12",
				"amount": "85309.69",
				"amount_gbp": "54378.3805",
				"percentage": "85.0"
			},
			"discount": {
				"percentage": "0.8",
				"on": "Advance"
			},
			"expected_payment_date": "2015-06-24 00:00:00 +0000",
			"settlement_date": "2015-06-08",
			"arrears": {
				"in_arrears": "No",
				"in_arrears_on_date": "nan"
			},
			"payment": {
				"state": "Paid"
			},
			"price_grade": "5",
			"currency": "USD",
			"face_value": {
				"amount": "100364.38",
				"amount_gbp": "63974.5899"
			},
			"outstanding_principal": {
				"amount": "0.0",
				"amount_gbp": "0.0"
			},
			"crystalised_loss": {
				"amount": "nan",
				"date": "nan"
			},
			"gross_yield": {
				"annualised": "10.033869371614637"
			}
		}
	}
}]
