[{
	"loan": {
		"seller": {
			"id": "8802"
		},
		"trade": {
			"id": "14447",
			"type": "Standard",
			"advance": {
				"date": "2015-05-14",
				"amount": "20952.72",
				"amount_gbp": "20952.72",
				"percentage": "90.0"
			},
			"discount": {
				"percentage": "0.63",
				"on": "Advance"
			},
			"expected_payment_date": "2015-06-26 00:00:00 +0000",
			"settlement_date": "2015-06-03",
			"arrears": {
				"in_arrears": "No",
				"in_arrears_on_date": "nan"
			},
			"payment": {
				"state": "Paid"
			},
			"price_grade": "2",
			"currency": "GBP",
			"face_value": {
				"amount": "23280.8",
				"amount_gbp": "23280.8"
			},
			"outstanding_principal": {
				"amount": "0.0",
				"amount_gbp": "0.0"
			},
			"crystalised_loss": {
				"amount": "nan",
				"date": "nan"
			},
			"gross_yield": {
				"annualised": "7.82753380297514"
			}
		}
	}
}]
