[{
	"loan": {
		"seller": {
			"id": "8456"
		},
		"trade": {
			"id": "14471",
			"type": "Standard",
			"advance": {
				"date": "2015-05-14",
				"amount": "130612.39",
				"amount_gbp": "82709.3608",
				"percentage": "85.0"
			},
			"discount": {
				"percentage": "0.9",
				"on": "Advance"
			},
			"expected_payment_date": "2015-06-15 00:00:00 +0000",
			"settlement_date": "2015-06-16",
			"arrears": {
				"in_arrears": "No",
				"in_arrears_on_date": "nan"
			},
			"payment": {
				"state": "Repurchased"
			},
			"price_grade": "5",
			"currency": "USD",
			"face_value": {
				"amount": "153661.62",
				"amount_gbp": "97305.1207"
			},
			"outstanding_principal": {
				"amount": "0.0",
				"amount_gbp": "0.0"
			},
			"crystalised_loss": {
				"amount": "nan",
				"date": "nan"
			},
			"gross_yield": {
				"annualised": "11.350967495666751"
			}
		}
	}
}]
