[{
	"loan": {
		"seller": {
			"id": "8777"
		},
		"trade": {
			"id": "14514",
			"type": "Standard",
			"advance": {
				"date": "2015-05-14",
				"amount": "4147.2",
				"amount_gbp": "4147.2",
				"percentage": "80.0"
			},
			"discount": {
				"percentage": "0.9",
				"on": "Advance"
			},
			"expected_payment_date": "2015-07-31 00:00:00 +0000",
			"settlement_date": "2015-08-05",
			"arrears": {
				"in_arrears": "No",
				"in_arrears_on_date": "nan"
			},
			"payment": {
				"state": "Paid"
			},
			"price_grade": "5",
			"currency": "GBP",
			"face_value": {
				"amount": "5184.0",
				"amount_gbp": "5184.0"
			},
			"outstanding_principal": {
				"amount": "0.0",
				"amount_gbp": "0.0"
			},
			"crystalised_loss": {
				"amount": "nan",
				"date": "nan"
			},
			"gross_yield": {
				"annualised": "11.350967495666751"
			}
		}
	}
}]
