[{
	"loan": {
		"seller": {
			"id": "13743"
		},
		"trade": {
			"id": "14522",
			"type": "Standard",
			"advance": {
				"date": "2015-05-19",
				"amount": "9301.39",
				"amount_gbp": "9301.39",
				"percentage": "75.0"
			},
			"discount": {
				"percentage": "1.2",
				"on": "Advance"
			},
			"expected_payment_date": "2015-06-30 00:00:00 +0000",
			"settlement_date": "2015-06-15",
			"arrears": {
				"in_arrears": "No",
				"in_arrears_on_date": "nan"
			},
			"payment": {
				"state": "Paid"
			},
			"price_grade": "7",
			"currency": "GBP",
			"face_value": {
				"amount": "12401.83",
				"amount_gbp": "12401.83"
			},
			"outstanding_principal": {
				"amount": "0.0",
				"amount_gbp": "0.0"
			},
			"crystalised_loss": {
				"amount": "nan",
				"date": "nan"
			},
			"gross_yield": {
				"annualised": "15.389462418258605"
			}
		}
	}
}]
