[{
	"loan": {
		"seller": {
			"id": "10750"
		},
		"trade": {
			"id": "14534",
			"type": "Standard",
			"advance": {
				"date": "2015-05-15",
				"amount": "49089.27",
				"amount_gbp": "49089.27",
				"percentage": "80.0"
			},
			"discount": {
				"percentage": "0.9",
				"on": "Advance"
			},
			"expected_payment_date": "2015-06-05 00:00:00 +0000",
			"settlement_date": "2015-05-28",
			"arrears": {
				"in_arrears": "No",
				"in_arrears_on_date": "nan"
			},
			"payment": {
				"state": "Paid"
			},
			"price_grade": "5",
			"currency": "GBP",
			"face_value": {
				"amount": "61361.58",
				"amount_gbp": "61361.58"
			},
			"outstanding_principal": {
				"amount": "0.0",
				"amount_gbp": "0.0"
			},
			"crystalised_loss": {
				"amount": "nan",
				"date": "nan"
			},
			"gross_yield": {
				"annualised": "11.350967495666751"
			}
		}
	}
}]
