[{
	"loan": {
		"seller": {
			"id": "996"
		},
		"trade": {
			"id": "1454",
			"type": "Standard",
			"advance": {
				"date": "2013-07-29",
				"amount": "48473.59",
				"amount_gbp": "48473.59",
				"percentage": "85.0"
			},
			"discount": {
				"percentage": "0.75",
				"on": "Facevalue"
			},
			"expected_payment_date": "2013-10-10 00:00:00 +0000",
			"settlement_date": "2013-10-11",
			"arrears": {
				"in_arrears": "No",
				"in_arrears_on_date": "nan"
			},
			"payment": {
				"state": "Paid"
			},
			"price_grade": "4",
			"currency": "GBP",
			"face_value": {
				"amount": "57027.77",
				"amount_gbp": "57027.77"
			},
			"outstanding_principal": {
				"amount": "0.0",
				"amount_gbp": "0.0"
			},
			"crystalised_loss": {
				"amount": "nan",
				"date": "nan"
			},
			"gross_yield": {
				"annualised": "11.08639745607627"
			}
		}
	}
}]
