[{
	"loan": {
		"seller": {
			"id": "13892"
		},
		"trade": {
			"id": "14559",
			"type": "Standard",
			"advance": {
				"date": "2015-05-19",
				"amount": "12420.0",
				"amount_gbp": "12420.0",
				"percentage": "60.0"
			},
			"discount": {
				"percentage": "1.4",
				"on": "Advance"
			},
			"expected_payment_date": "2015-06-06 00:00:00 +0000",
			"settlement_date": "2015-06-22",
			"arrears": {
				"in_arrears": "No",
				"in_arrears_on_date": "nan"
			},
			"payment": {
				"state": "Paid"
			},
			"price_grade": "8",
			"currency": "GBP",
			"face_value": {
				"amount": "20700.0",
				"amount_gbp": "20700.0"
			},
			"outstanding_principal": {
				"amount": "0.0",
				"amount_gbp": "0.0"
			},
			"crystalised_loss": {
				"amount": "nan",
				"date": "nan"
			},
			"gross_yield": {
				"annualised": "18.1559128918122"
			}
		}
	}
}]
