[{
	"loan": {
		"seller": {
			"id": "14152"
		},
		"trade": {
			"id": "14555",
			"type": "MultiDebtor",
			"advance": {
				"date": "2015-05-20",
				"amount": "10610.38",
				"amount_gbp": "10610.38",
				"percentage": "72.0"
			},
			"discount": {
				"percentage": "1.43",
				"on": "Advance"
			},
			"expected_payment_date": "2015-07-09 00:00:00 +0000",
			"settlement_date": "2015-07-03",
			"arrears": {
				"in_arrears": "No",
				"in_arrears_on_date": "nan"
			},
			"payment": {
				"state": "Paid"
			},
			"price_grade": "8",
			"currency": "GBP",
			"face_value": {
				"amount": "14736.6",
				"amount_gbp": "14736.6"
			},
			"outstanding_principal": {
				"amount": "0.0",
				"amount_gbp": "0.0"
			},
			"crystalised_loss": {
				"amount": "nan",
				"date": "nan"
			},
			"gross_yield": {
				"annualised": "18.57608461311797"
			}
		}
	}
}]
