[{
	"loan": {
		"seller": {
			"id": "13252"
		},
		"trade": {
			"id": "14563",
			"type": "Standard",
			"advance": {
				"date": "2015-05-29",
				"amount": "7680.2",
				"amount_gbp": "7680.2",
				"percentage": "85.0"
			},
			"discount": {
				"percentage": "0.63",
				"on": "Advance"
			},
			"expected_payment_date": "2015-06-29 00:00:00 +0000",
			"settlement_date": "2015-06-26",
			"arrears": {
				"in_arrears": "No",
				"in_arrears_on_date": "nan"
			},
			"payment": {
				"state": "Paid"
			},
			"price_grade": "2",
			"currency": "GBP",
			"face_value": {
				"amount": "9035.52",
				"amount_gbp": "9035.52"
			},
			"outstanding_principal": {
				"amount": "0.0",
				"amount_gbp": "0.0"
			},
			"crystalised_loss": {
				"amount": "nan",
				"date": "nan"
			},
			"gross_yield": {
				"annualised": "7.82753380297514"
			}
		}
	}
}]
