[{
	"loan": {
		"seller": {
			"id": "11454"
		},
		"trade": {
			"id": "14575",
			"type": "Standard",
			"advance": {
				"date": "2015-05-21",
				"amount": "9633.92",
				"amount_gbp": "9633.92",
				"percentage": "85.0"
			},
			"discount": {
				"percentage": "0.8",
				"on": "Advance"
			},
			"expected_payment_date": "2015-06-26 00:00:00 +0000",
			"settlement_date": "2015-06-12",
			"arrears": {
				"in_arrears": "No",
				"in_arrears_on_date": "nan"
			},
			"payment": {
				"state": "Paid"
			},
			"price_grade": "4",
			"currency": "GBP",
			"face_value": {
				"amount": "11334.0",
				"amount_gbp": "11334.0"
			},
			"outstanding_principal": {
				"amount": "0.0",
				"amount_gbp": "0.0"
			},
			"crystalised_loss": {
				"amount": "nan",
				"date": "nan"
			},
			"gross_yield": {
				"annualised": "10.033869371614637"
			}
		}
	}
}]
