[{
	"loan": {
		"seller": {
			"id": "13895"
		},
		"trade": {
			"id": "14670",
			"type": "Standard",
			"advance": {
				"date": "2015-05-21",
				"amount": "80881.52",
				"amount_gbp": "80881.52",
				"percentage": "80.0"
			},
			"discount": {
				"percentage": "1.2",
				"on": "Advance"
			},
			"expected_payment_date": "2015-06-30 00:00:00 +0000",
			"settlement_date": "2015-06-19",
			"arrears": {
				"in_arrears": "No",
				"in_arrears_on_date": "nan"
			},
			"payment": {
				"state": "Paid"
			},
			"price_grade": "7",
			"currency": "GBP",
			"face_value": {
				"amount": "101101.89",
				"amount_gbp": "101101.89"
			},
			"outstanding_principal": {
				"amount": "0.0",
				"amount_gbp": "0.0"
			},
			"crystalised_loss": {
				"amount": "nan",
				"date": "nan"
			},
			"gross_yield": {
				"annualised": "15.389462418258605"
			}
		}
	}
}]
