[{
	"loan": {
		"seller": {
			"id": "263"
		},
		"trade": {
			"id": "14685",
			"type": "Standard",
			"advance": {
				"date": "2015-05-26",
				"amount": "51192.07",
				"amount_gbp": "33247.2019",
				"percentage": "55.0"
			},
			"discount": {
				"percentage": "0.8",
				"on": "Advance"
			},
			"expected_payment_date": "2015-06-30 00:00:00 +0000",
			"settlement_date": "2015-06-24",
			"arrears": {
				"in_arrears": "No",
				"in_arrears_on_date": "nan"
			},
			"payment": {
				"state": "Paid"
			},
			"price_grade": "5",
			"currency": "USD",
			"face_value": {
				"amount": "93076.46",
				"amount_gbp": "60449.4374"
			},
			"outstanding_principal": {
				"amount": "0.0",
				"amount_gbp": "0.0"
			},
			"crystalised_loss": {
				"amount": "nan",
				"date": "nan"
			},
			"gross_yield": {
				"annualised": "10.033869371614637"
			}
		}
	}
}]
