[{
	"loan": {
		"seller": {
			"id": "10120"
		},
		"trade": {
			"id": "14723",
			"type": "Standard",
			"advance": {
				"date": "2015-05-26",
				"amount": "94092.98",
				"amount_gbp": "94092.98",
				"percentage": "80.0"
			},
			"discount": {
				"percentage": "0.63",
				"on": "Advance"
			},
			"expected_payment_date": "2015-06-30 00:00:00 +0000",
			"settlement_date": "2015-06-15",
			"arrears": {
				"in_arrears": "No",
				"in_arrears_on_date": "nan"
			},
			"payment": {
				"state": "Paid"
			},
			"price_grade": "2",
			"currency": "GBP",
			"face_value": {
				"amount": "117616.2",
				"amount_gbp": "117616.2"
			},
			"outstanding_principal": {
				"amount": "0.0",
				"amount_gbp": "0.0"
			},
			"crystalised_loss": {
				"amount": "nan",
				"date": "nan"
			},
			"gross_yield": {
				"annualised": "7.82753380297514"
			}
		}
	}
}]
