[{
	"loan": {
		"seller": {
			"id": "773"
		},
		"trade": {
			"id": "1474",
			"type": "Standard",
			"advance": {
				"date": "2013-08-02",
				"amount": "126183.04",
				"amount_gbp": "126183.04",
				"percentage": "85.0"
			},
			"discount": {
				"percentage": "0.85",
				"on": "Facevalue"
			},
			"expected_payment_date": "2013-08-31 00:00:00 +0000",
			"settlement_date": "2013-08-09",
			"arrears": {
				"in_arrears": "No",
				"in_arrears_on_date": "nan"
			},
			"payment": {
				"state": "Paid"
			},
			"price_grade": "5",
			"currency": "GBP",
			"face_value": {
				"amount": "148450.65",
				"amount_gbp": "148450.65"
			},
			"outstanding_principal": {
				"amount": "0.0",
				"amount_gbp": "0.0"
			},
			"crystalised_loss": {
				"amount": "nan",
				"date": "nan"
			},
			"gross_yield": {
				"annualised": "12.682503013196976"
			}
		}
	}
}]
