[{
	"loan": {
		"seller": {
			"id": "8471"
		},
		"trade": {
			"id": "14762",
			"type": "Standard",
			"advance": {
				"date": "2015-05-27",
				"amount": "15908.63",
				"amount_gbp": "15908.63",
				"percentage": "90.0"
			},
			"discount": {
				"percentage": "0.55",
				"on": "Advance"
			},
			"expected_payment_date": "2015-06-25 00:00:00 +0000",
			"settlement_date": "2015-06-25",
			"arrears": {
				"in_arrears": "No",
				"in_arrears_on_date": "nan"
			},
			"payment": {
				"state": "Paid"
			},
			"price_grade": "1",
			"currency": "GBP",
			"face_value": {
				"amount": "17676.25",
				"amount_gbp": "17676.25"
			},
			"outstanding_principal": {
				"amount": "0.0",
				"amount_gbp": "0.0"
			},
			"crystalised_loss": {
				"amount": "nan",
				"date": "nan"
			},
			"gross_yield": {
				"annualised": "6.803355946764843"
			}
		}
	}
}]
