[{
	"loan": {
		"seller": {
			"id": "998"
		},
		"trade": {
			"id": "1478",
			"type": "Standard",
			"advance": {
				"date": "2013-08-13",
				"amount": "12567.85",
				"amount_gbp": "12567.85",
				"percentage": "75.0"
			},
			"discount": {
				"percentage": "1.25",
				"on": "Facevalue"
			},
			"expected_payment_date": "2013-08-30 00:00:00 +0000",
			"settlement_date": "2013-09-20",
			"arrears": {
				"in_arrears": "No",
				"in_arrears_on_date": "nan"
			},
			"payment": {
				"state": "Paid"
			},
			"price_grade": "8",
			"currency": "GBP",
			"face_value": {
				"amount": "16757.14",
				"amount_gbp": "16757.14"
			},
			"outstanding_principal": {
				"amount": "0.0",
				"amount_gbp": "0.0"
			},
			"crystalised_loss": {
				"amount": "nan",
				"date": "nan"
			},
			"gross_yield": {
				"annualised": "21.843191003260756"
			}
		}
	}
}]
