[{
	"loan": {
		"seller": {
			"id": "8211"
		},
		"trade": {
			"id": "14806",
			"type": "Standard",
			"advance": {
				"date": "2015-06-01",
				"amount": "37241.4",
				"amount_gbp": "37241.4",
				"percentage": "55.0"
			},
			"discount": {
				"percentage": "0.9",
				"on": "Advance"
			},
			"expected_payment_date": "2015-08-11 00:00:00 +0000",
			"settlement_date": "2015-08-11",
			"arrears": {
				"in_arrears": "No",
				"in_arrears_on_date": "nan"
			},
			"payment": {
				"state": "Paid"
			},
			"price_grade": "6",
			"currency": "GBP",
			"face_value": {
				"amount": "67711.65",
				"amount_gbp": "67711.65"
			},
			"outstanding_principal": {
				"amount": "0.0",
				"amount_gbp": "0.0"
			},
			"crystalised_loss": {
				"amount": "nan",
				"date": "nan"
			},
			"gross_yield": {
				"annualised": "11.350967495666751"
			}
		}
	}
}]
