[{
	"loan": {
		"seller": {
			"id": "1087"
		},
		"trade": {
			"id": "1481",
			"type": "Standard",
			"advance": {
				"date": "2013-08-01",
				"amount": "11311.8",
				"amount_gbp": "11311.8",
				"percentage": "85.0"
			},
			"discount": {
				"percentage": "1.0",
				"on": "Facevalue"
			},
			"expected_payment_date": "2013-09-10 00:00:00 +0000",
			"settlement_date": "2013-08-08",
			"arrears": {
				"in_arrears": "No",
				"in_arrears_on_date": "nan"
			},
			"payment": {
				"state": "Paid"
			},
			"price_grade": "6",
			"currency": "GBP",
			"face_value": {
				"amount": "13308.0",
				"amount_gbp": "13308.0"
			},
			"outstanding_principal": {
				"amount": "0.0",
				"amount_gbp": "0.0"
			},
			"crystalised_loss": {
				"amount": "nan",
				"date": "nan"
			},
			"gross_yield": {
				"annualised": "14.979654663773092"
			}
		}
	}
}]
