[{
	"loan": {
		"seller": {
			"id": "1010"
		},
		"trade": {
			"id": "14826",
			"type": "Standard",
			"advance": {
				"date": "2015-05-28",
				"amount": "8239.69",
				"amount_gbp": "8239.69",
				"percentage": "85.0"
			},
			"discount": {
				"percentage": "1.0",
				"on": "Advance"
			},
			"expected_payment_date": "2015-06-30 00:00:00 +0000",
			"settlement_date": "2015-07-07",
			"arrears": {
				"in_arrears": "No",
				"in_arrears_on_date": "nan"
			},
			"payment": {
				"state": "Paid"
			},
			"price_grade": "6",
			"currency": "GBP",
			"face_value": {
				"amount": "9693.75",
				"amount_gbp": "9693.75"
			},
			"outstanding_principal": {
				"amount": "0.0",
				"amount_gbp": "0.0"
			},
			"crystalised_loss": {
				"amount": "nan",
				"date": "nan"
			},
			"gross_yield": {
				"annualised": "12.682503013196976"
			}
		}
	}
}]
