[{
	"loan": {
		"seller": {
			"id": "14117"
		},
		"trade": {
			"id": "14830",
			"type": "Standard",
			"advance": {
				"date": "2015-06-08",
				"amount": "10434.2",
				"amount_gbp": "10434.2",
				"percentage": "85.0"
			},
			"discount": {
				"percentage": "0.8",
				"on": "Advance"
			},
			"expected_payment_date": "2015-08-11 00:00:00 +0000",
			"settlement_date": "2015-08-14",
			"arrears": {
				"in_arrears": "No",
				"in_arrears_on_date": "nan"
			},
			"payment": {
				"state": "Paid"
			},
			"price_grade": "4",
			"currency": "GBP",
			"face_value": {
				"amount": "12275.52",
				"amount_gbp": "12275.52"
			},
			"outstanding_principal": {
				"amount": "0.0",
				"amount_gbp": "0.0"
			},
			"crystalised_loss": {
				"amount": "nan",
				"date": "nan"
			},
			"gross_yield": {
				"annualised": "10.033869371614637"
			}
		}
	}
}]
