[{
	"loan": {
		"seller": {
			"id": "10918"
		},
		"trade": {
			"id": "14871",
			"type": "Standard",
			"advance": {
				"date": "2015-05-29",
				"amount": "16995.07",
				"amount_gbp": "16995.07",
				"percentage": "80.0"
			},
			"discount": {
				"percentage": "0.63",
				"on": "Advance"
			},
			"expected_payment_date": "2015-07-03 00:00:00 +0000",
			"settlement_date": "2015-06-30",
			"arrears": {
				"in_arrears": "No",
				"in_arrears_on_date": "nan"
			},
			"payment": {
				"state": "Paid"
			},
			"price_grade": "2",
			"currency": "GBP",
			"face_value": {
				"amount": "21243.82",
				"amount_gbp": "21243.82"
			},
			"outstanding_principal": {
				"amount": "0.0",
				"amount_gbp": "0.0"
			},
			"crystalised_loss": {
				"amount": "nan",
				"date": "nan"
			},
			"gross_yield": {
				"annualised": "7.82753380297514"
			}
		}
	}
}]
