[{
	"loan": {
		"seller": {
			"id": "173"
		},
		"trade": {
			"id": "14888",
			"type": "Standard",
			"advance": {
				"date": "2015-06-02",
				"amount": "36992.7",
				"amount_gbp": "26793.8126",
				"percentage": "90.0"
			},
			"discount": {
				"percentage": "0.63",
				"on": "Advance"
			},
			"expected_payment_date": "2015-08-01 00:00:00 +0000",
			"settlement_date": "2015-06-22",
			"arrears": {
				"in_arrears": "No",
				"in_arrears_on_date": "nan"
			},
			"payment": {
				"state": "Paid"
			},
			"price_grade": "2",
			"currency": "EUR",
			"face_value": {
				"amount": "41103.0",
				"amount_gbp": "29770.9029"
			},
			"outstanding_principal": {
				"amount": "0.0",
				"amount_gbp": "0.0"
			},
			"crystalised_loss": {
				"amount": "nan",
				"date": "nan"
			},
			"gross_yield": {
				"annualised": "7.82753380297514"
			}
		}
	}
}]
