[{
	"loan": {
		"seller": {
			"id": "10615"
		},
		"trade": {
			"id": "14902",
			"type": "Standard",
			"advance": {
				"date": "2015-06-02",
				"amount": "21957.6",
				"amount_gbp": "21957.6",
				"percentage": "70.0"
			},
			"discount": {
				"percentage": "1.0",
				"on": "Advance"
			},
			"expected_payment_date": "2015-07-04 00:00:00 +0000",
			"settlement_date": "2015-07-06",
			"arrears": {
				"in_arrears": "No",
				"in_arrears_on_date": "nan"
			},
			"payment": {
				"state": "Paid"
			},
			"price_grade": "6",
			"currency": "GBP",
			"face_value": {
				"amount": "31368.0",
				"amount_gbp": "31368.0"
			},
			"outstanding_principal": {
				"amount": "0.0",
				"amount_gbp": "0.0"
			},
			"crystalised_loss": {
				"amount": "nan",
				"date": "nan"
			},
			"gross_yield": {
				"annualised": "12.682503013196976"
			}
		}
	}
}]
