[{
	"loan": {
		"seller": {
			"id": "1010"
		},
		"trade": {
			"id": "14914",
			"type": "Standard",
			"advance": {
				"date": "2015-06-02",
				"amount": "10989.0",
				"amount_gbp": "7959.3327",
				"percentage": "90.0"
			},
			"discount": {
				"percentage": "1.0",
				"on": "Advance"
			},
			"expected_payment_date": "2015-08-07 00:00:00 +0000",
			"settlement_date": "2015-07-02",
			"arrears": {
				"in_arrears": "No",
				"in_arrears_on_date": "nan"
			},
			"payment": {
				"state": "Paid"
			},
			"price_grade": "6",
			"currency": "EUR",
			"face_value": {
				"amount": "12210.0",
				"amount_gbp": "8843.703000000001"
			},
			"outstanding_principal": {
				"amount": "0.0",
				"amount_gbp": "0.0"
			},
			"crystalised_loss": {
				"amount": "nan",
				"date": "nan"
			},
			"gross_yield": {
				"annualised": "12.682503013196976"
			}
		}
	}
}]
