[{
	"loan": {
		"seller": {
			"id": "8042"
		},
		"trade": {
			"id": "14943",
			"type": "Standard",
			"advance": {
				"date": "2015-06-10",
				"amount": "12747.6",
				"amount_gbp": "12747.6",
				"percentage": "85.0"
			},
			"discount": {
				"percentage": "0.63",
				"on": "Advance"
			},
			"expected_payment_date": "2015-07-10 00:00:00 +0000",
			"settlement_date": "2015-07-20",
			"arrears": {
				"in_arrears": "No",
				"in_arrears_on_date": "nan"
			},
			"payment": {
				"state": "Paid"
			},
			"price_grade": "2",
			"currency": "GBP",
			"face_value": {
				"amount": "14997.16",
				"amount_gbp": "14997.16"
			},
			"outstanding_principal": {
				"amount": "0.0",
				"amount_gbp": "0.0"
			},
			"crystalised_loss": {
				"amount": "nan",
				"date": "nan"
			},
			"gross_yield": {
				"annualised": "7.82753380297514"
			}
		}
	}
}]
