[{
	"loan": {
		"seller": {
			"id": "14125"
		},
		"trade": {
			"id": "14975",
			"type": "Standard",
			"advance": {
				"date": "2015-06-03",
				"amount": "28575.3",
				"amount_gbp": "28575.3",
				"percentage": "85.0"
			},
			"discount": {
				"percentage": "1.2",
				"on": "Advance"
			},
			"expected_payment_date": "2015-07-17 00:00:00 +0000",
			"settlement_date": "2015-08-07",
			"arrears": {
				"in_arrears": "No",
				"in_arrears_on_date": "nan"
			},
			"payment": {
				"state": "Paid"
			},
			"price_grade": "7",
			"currency": "GBP",
			"face_value": {
				"amount": "33618.0",
				"amount_gbp": "33618.0"
			},
			"outstanding_principal": {
				"amount": "0.0",
				"amount_gbp": "0.0"
			},
			"crystalised_loss": {
				"amount": "nan",
				"date": "nan"
			},
			"gross_yield": {
				"annualised": "15.389462418258605"
			}
		}
	}
}]
