[{
	"loan": {
		"seller": {
			"id": "2472"
		},
		"trade": {
			"id": "15041",
			"type": "Standard",
			"advance": {
				"date": "2015-06-05",
				"amount": "3624.4",
				"amount_gbp": "3624.4",
				"percentage": "55.0"
			},
			"discount": {
				"percentage": "0.9",
				"on": "Advance"
			},
			"expected_payment_date": "2015-07-15 00:00:00 +0000",
			"settlement_date": "2015-07-09",
			"arrears": {
				"in_arrears": "No",
				"in_arrears_on_date": "nan"
			},
			"payment": {
				"state": "Paid"
			},
			"price_grade": "5",
			"currency": "GBP",
			"face_value": {
				"amount": "6589.8",
				"amount_gbp": "6589.8"
			},
			"outstanding_principal": {
				"amount": "0.0",
				"amount_gbp": "0.0"
			},
			"crystalised_loss": {
				"amount": "nan",
				"date": "nan"
			},
			"gross_yield": {
				"annualised": "11.350967495666751"
			}
		}
	}
}]
