[{
	"loan": {
		"seller": {
			"id": "13614"
		},
		"trade": {
			"id": "15082",
			"type": "Standard",
			"advance": {
				"date": "2015-06-12",
				"amount": "15435.28",
				"amount_gbp": "15435.28",
				"percentage": "85.0"
			},
			"discount": {
				"percentage": "0.9",
				"on": "Advance"
			},
			"expected_payment_date": "2015-07-01 00:00:00 +0000",
			"settlement_date": "2015-07-17",
			"arrears": {
				"in_arrears": "No",
				"in_arrears_on_date": "nan"
			},
			"payment": {
				"state": "Repurchased"
			},
			"price_grade": "5",
			"currency": "GBP",
			"face_value": {
				"amount": "18159.17",
				"amount_gbp": "18159.17"
			},
			"outstanding_principal": {
				"amount": "0.0",
				"amount_gbp": "0.0"
			},
			"crystalised_loss": {
				"amount": "nan",
				"date": "nan"
			},
			"gross_yield": {
				"annualised": "11.350967495666751"
			}
		}
	}
}]
