[{
	"loan": {
		"seller": {
			"id": "8887"
		},
		"trade": {
			"id": "15104",
			"type": "Standard",
			"advance": {
				"date": "2015-06-09",
				"amount": "23859.31",
				"amount_gbp": "15597.9523",
				"percentage": "85.0"
			},
			"discount": {
				"percentage": "0.9",
				"on": "Advance"
			},
			"expected_payment_date": "2015-07-17 00:00:00 +0000",
			"settlement_date": "2015-08-12",
			"arrears": {
				"in_arrears": "No",
				"in_arrears_on_date": "nan"
			},
			"payment": {
				"state": "Paid"
			},
			"price_grade": "5",
			"currency": "USD",
			"face_value": {
				"amount": "28069.8",
				"amount_gbp": "18350.5475"
			},
			"outstanding_principal": {
				"amount": "0.0",
				"amount_gbp": "0.0"
			},
			"crystalised_loss": {
				"amount": "nan",
				"date": "nan"
			},
			"gross_yield": {
				"annualised": "11.350967495666751"
			}
		}
	}
}]
