[{
	"loan": {
		"seller": {
			"id": "13730"
		},
		"trade": {
			"id": "15108",
			"type": "MultiDebtor",
			"advance": {
				"date": "2015-06-16",
				"amount": "20400.0",
				"amount_gbp": "20400.0",
				"percentage": "85.0"
			},
			"discount": {
				"percentage": "1.2",
				"on": "Advance"
			},
			"expected_payment_date": "2015-08-01 00:00:00 +0000",
			"settlement_date": "2015-08-04",
			"arrears": {
				"in_arrears": "No",
				"in_arrears_on_date": "nan"
			},
			"payment": {
				"state": "Repurchased"
			},
			"price_grade": "7",
			"currency": "GBP",
			"face_value": {
				"amount": "24000.0",
				"amount_gbp": "24000.0"
			},
			"outstanding_principal": {
				"amount": "0.0",
				"amount_gbp": "0.0"
			},
			"crystalised_loss": {
				"amount": "nan",
				"date": "nan"
			},
			"gross_yield": {
				"annualised": "15.389462418258605"
			}
		}
	}
}]
