[{
	"loan": {
		"seller": {
			"id": "14033"
		},
		"trade": {
			"id": "15124",
			"type": "Standard",
			"advance": {
				"date": "2015-06-10",
				"amount": "9348.49",
				"amount_gbp": "9348.49",
				"percentage": "60.0"
			},
			"discount": {
				"percentage": "1.0",
				"on": "Advance"
			},
			"expected_payment_date": "2015-07-14 00:00:00 +0000",
			"settlement_date": "2015-06-30",
			"arrears": {
				"in_arrears": "No",
				"in_arrears_on_date": "nan"
			},
			"payment": {
				"state": "Paid"
			},
			"price_grade": "6",
			"currency": "GBP",
			"face_value": {
				"amount": "15580.8",
				"amount_gbp": "15580.8"
			},
			"outstanding_principal": {
				"amount": "0.0",
				"amount_gbp": "0.0"
			},
			"crystalised_loss": {
				"amount": "nan",
				"date": "nan"
			},
			"gross_yield": {
				"annualised": "12.682503013196976"
			}
		}
	}
}]
