[{
	"loan": {
		"seller": {
			"id": "9123"
		},
		"trade": {
			"id": "15149",
			"type": "Standard",
			"advance": {
				"date": "2015-06-11",
				"amount": "98805.52",
				"amount_gbp": "98805.52",
				"percentage": "85.0"
			},
			"discount": {
				"percentage": "0.9",
				"on": "Advance"
			},
			"expected_payment_date": "2015-07-31 00:00:00 +0000",
			"settlement_date": "2015-07-31",
			"arrears": {
				"in_arrears": "No",
				"in_arrears_on_date": "nan"
			},
			"payment": {
				"state": "Paid"
			},
			"price_grade": "5",
			"currency": "GBP",
			"face_value": {
				"amount": "116241.78",
				"amount_gbp": "116241.78"
			},
			"outstanding_principal": {
				"amount": "0.0",
				"amount_gbp": "0.0"
			},
			"crystalised_loss": {
				"amount": "nan",
				"date": "nan"
			},
			"gross_yield": {
				"annualised": "11.350967495666751"
			}
		}
	}
}]
