[{
	"loan": {
		"seller": {
			"id": "8539"
		},
		"trade": {
			"id": "15169",
			"type": "Standard",
			"advance": {
				"date": "2015-06-11",
				"amount": "12160.0",
				"amount_gbp": "12160.0",
				"percentage": "80.0"
			},
			"discount": {
				"percentage": "0.55",
				"on": "Advance"
			},
			"expected_payment_date": "2015-07-22 00:00:00 +0000",
			"settlement_date": "2015-07-15",
			"arrears": {
				"in_arrears": "No",
				"in_arrears_on_date": "nan"
			},
			"payment": {
				"state": "Paid"
			},
			"price_grade": "1",
			"currency": "GBP",
			"face_value": {
				"amount": "15200.0",
				"amount_gbp": "15200.0"
			},
			"outstanding_principal": {
				"amount": "0.0",
				"amount_gbp": "0.0"
			},
			"crystalised_loss": {
				"amount": "nan",
				"date": "nan"
			},
			"gross_yield": {
				"annualised": "6.803355946764843"
			}
		}
	}
}]
