[{
	"loan": {
		"seller": {
			"id": "350"
		},
		"trade": {
			"id": "15173",
			"type": "Standard",
			"advance": {
				"date": "2015-06-16",
				"amount": "44000.0",
				"amount_gbp": "28177.2625",
				"percentage": "80.0"
			},
			"discount": {
				"percentage": "0.9",
				"on": "Advance"
			},
			"expected_payment_date": "2015-07-26 00:00:00 +0000",
			"settlement_date": "2015-07-24",
			"arrears": {
				"in_arrears": "No",
				"in_arrears_on_date": "nan"
			},
			"payment": {
				"state": "Paid"
			},
			"price_grade": "5",
			"currency": "USD",
			"face_value": {
				"amount": "55000.0",
				"amount_gbp": "35221.5782"
			},
			"outstanding_principal": {
				"amount": "0.0",
				"amount_gbp": "0.0"
			},
			"crystalised_loss": {
				"amount": "nan",
				"date": "nan"
			},
			"gross_yield": {
				"annualised": "11.350967495666751"
			}
		}
	}
}]
