[{
	"loan": {
		"seller": {
			"id": "2218"
		},
		"trade": {
			"id": "15190",
			"type": "Standard",
			"advance": {
				"date": "2015-06-12",
				"amount": "113553.04",
				"amount_gbp": "73323.6875",
				"percentage": "90.0"
			},
			"discount": {
				"percentage": "0.63",
				"on": "Advance"
			},
			"expected_payment_date": "2015-07-31 00:00:00 +0000",
			"settlement_date": "2015-08-26",
			"arrears": {
				"in_arrears": "No",
				"in_arrears_on_date": "nan"
			},
			"payment": {
				"state": "Repurchased"
			},
			"price_grade": "2",
			"currency": "USD",
			"face_value": {
				"amount": "126170.06",
				"amount_gbp": "81470.7738"
			},
			"outstanding_principal": {
				"amount": "0.0",
				"amount_gbp": "0.0"
			},
			"crystalised_loss": {
				"amount": "nan",
				"date": "nan"
			},
			"gross_yield": {
				"annualised": "7.82753380297514"
			}
		}
	}
}]
