[{
	"loan": {
		"seller": {
			"id": "1010"
		},
		"trade": {
			"id": "15201",
			"type": "Standard",
			"advance": {
				"date": "2015-06-12",
				"amount": "11379.4",
				"amount_gbp": "8244.3753",
				"percentage": "85.0"
			},
			"discount": {
				"percentage": "0.9",
				"on": "Advance"
			},
			"expected_payment_date": "2015-07-10 00:00:00 +0000",
			"settlement_date": "2015-06-26",
			"arrears": {
				"in_arrears": "No",
				"in_arrears_on_date": "nan"
			},
			"payment": {
				"state": "Paid"
			},
			"price_grade": "5",
			"currency": "EUR",
			"face_value": {
				"amount": "13387.5",
				"amount_gbp": "9699.2437"
			},
			"outstanding_principal": {
				"amount": "0.0",
				"amount_gbp": "0.0"
			},
			"crystalised_loss": {
				"amount": "nan",
				"date": "nan"
			},
			"gross_yield": {
				"annualised": "11.350967495666751"
			}
		}
	}
}]
