[{
	"loan": {
		"seller": {
			"id": "1486"
		},
		"trade": {
			"id": "15237",
			"type": "Standard",
			"advance": {
				"date": "2015-06-17",
				"amount": "11722.06",
				"amount_gbp": "11722.06",
				"percentage": "75.0"
			},
			"discount": {
				"percentage": "1.4",
				"on": "Advance"
			},
			"expected_payment_date": "2015-08-15 00:00:00 +0000",
			"settlement_date": "2015-08-14",
			"arrears": {
				"in_arrears": "No",
				"in_arrears_on_date": "nan"
			},
			"payment": {
				"state": "Paid"
			},
			"price_grade": "8",
			"currency": "GBP",
			"face_value": {
				"amount": "15629.4",
				"amount_gbp": "15629.4"
			},
			"outstanding_principal": {
				"amount": "0.0",
				"amount_gbp": "0.0"
			},
			"crystalised_loss": {
				"amount": "nan",
				"date": "nan"
			},
			"gross_yield": {
				"annualised": "18.1559128918122"
			}
		}
	}
}]
