[{
	"loan": {
		"seller": {
			"id": "4743"
		},
		"trade": {
			"id": "15256",
			"type": "Standard",
			"advance": {
				"date": "2015-06-15",
				"amount": "43556.38",
				"amount_gbp": "43556.38",
				"percentage": "90.0"
			},
			"discount": {
				"percentage": "0.9",
				"on": "Advance"
			},
			"expected_payment_date": "2015-07-12 00:00:00 +0000",
			"settlement_date": "2015-06-23",
			"arrears": {
				"in_arrears": "No",
				"in_arrears_on_date": "nan"
			},
			"payment": {
				"state": "Paid"
			},
			"price_grade": "5",
			"currency": "GBP",
			"face_value": {
				"amount": "48396.0",
				"amount_gbp": "48396.0"
			},
			"outstanding_principal": {
				"amount": "0.0",
				"amount_gbp": "0.0"
			},
			"crystalised_loss": {
				"amount": "nan",
				"date": "nan"
			},
			"gross_yield": {
				"annualised": "11.350967495666751"
			}
		}
	}
}]
