[{
	"loan": {
		"seller": {
			"id": "350"
		},
		"trade": {
			"id": "15260",
			"type": "Standard",
			"advance": {
				"date": "2015-06-22",
				"amount": "12000.0",
				"amount_gbp": "8602.8",
				"percentage": "80.0"
			},
			"discount": {
				"percentage": "0.9",
				"on": "Advance"
			},
			"expected_payment_date": "2015-07-15 00:00:00 +0000",
			"settlement_date": "2015-07-14",
			"arrears": {
				"in_arrears": "No",
				"in_arrears_on_date": "nan"
			},
			"payment": {
				"state": "Paid"
			},
			"price_grade": "5",
			"currency": "EUR",
			"face_value": {
				"amount": "15000.0",
				"amount_gbp": "10753.5"
			},
			"outstanding_principal": {
				"amount": "0.0",
				"amount_gbp": "0.0"
			},
			"crystalised_loss": {
				"amount": "nan",
				"date": "nan"
			},
			"gross_yield": {
				"annualised": "11.350967495666751"
			}
		}
	}
}]
