[{
	"loan": {
		"seller": {
			"id": "9720"
		},
		"trade": {
			"id": "15299",
			"type": "Standard",
			"advance": {
				"date": "2015-06-18",
				"amount": "48860.0",
				"amount_gbp": "35017.962",
				"percentage": "80.0"
			},
			"discount": {
				"percentage": "1.1",
				"on": "Advance"
			},
			"expected_payment_date": "2015-10-31 00:00:00 +0000",
			"settlement_date": "2015-11-04",
			"arrears": {
				"in_arrears": "No",
				"in_arrears_on_date": "nan"
			},
			"payment": {
				"state": "Paid"
			},
			"price_grade": "7",
			"currency": "EUR",
			"face_value": {
				"amount": "61075.0",
				"amount_gbp": "43772.4525"
			},
			"outstanding_principal": {
				"amount": "0.0",
				"amount_gbp": "0.0"
			},
			"crystalised_loss": {
				"amount": "nan",
				"date": "nan"
			},
			"gross_yield": {
				"annualised": "14.02861964998534"
			}
		}
	}
}]
