[{
	"loan": {
		"seller": {
			"id": "10879"
		},
		"trade": {
			"id": "15325",
			"type": "Standard",
			"advance": {
				"date": "2015-06-18",
				"amount": "108777.69",
				"amount_gbp": "108777.69",
				"percentage": "85.0"
			},
			"discount": {
				"percentage": "0.9",
				"on": "Advance"
			},
			"expected_payment_date": "2015-07-24 00:00:00 +0000",
			"settlement_date": "2015-07-14",
			"arrears": {
				"in_arrears": "No",
				"in_arrears_on_date": "nan"
			},
			"payment": {
				"state": "Paid"
			},
			"price_grade": "5",
			"currency": "GBP",
			"face_value": {
				"amount": "127973.76",
				"amount_gbp": "127973.76"
			},
			"outstanding_principal": {
				"amount": "0.0",
				"amount_gbp": "0.0"
			},
			"crystalised_loss": {
				"amount": "nan",
				"date": "nan"
			},
			"gross_yield": {
				"annualised": "11.350967495666751"
			}
		}
	}
}]
