[{
	"loan": {
		"seller": {
			"id": "10053"
		},
		"trade": {
			"id": "15348",
			"type": "Standard",
			"advance": {
				"date": "2015-06-18",
				"amount": "60382.0",
				"amount_gbp": "60382.0",
				"percentage": "85.0"
			},
			"discount": {
				"percentage": "0.9",
				"on": "Advance"
			},
			"expected_payment_date": "2015-08-07 00:00:00 +0000",
			"settlement_date": "2015-08-05",
			"arrears": {
				"in_arrears": "No",
				"in_arrears_on_date": "nan"
			},
			"payment": {
				"state": "Paid"
			},
			"price_grade": "5",
			"currency": "GBP",
			"face_value": {
				"amount": "71037.64",
				"amount_gbp": "71037.64"
			},
			"outstanding_principal": {
				"amount": "0.0",
				"amount_gbp": "0.0"
			},
			"crystalised_loss": {
				"amount": "nan",
				"date": "nan"
			},
			"gross_yield": {
				"annualised": "11.350967495666751"
			}
		}
	}
}]
