[{
	"loan": {
		"seller": {
			"id": "13856"
		},
		"trade": {
			"id": "15352",
			"type": "Standard",
			"advance": {
				"date": "2015-06-19",
				"amount": "322869.34",
				"amount_gbp": "322869.34",
				"percentage": "80.0"
			},
			"discount": {
				"percentage": "0.9",
				"on": "Advance"
			},
			"expected_payment_date": "2015-07-22 00:00:00 +0000",
			"settlement_date": "2015-07-23",
			"arrears": {
				"in_arrears": "No",
				"in_arrears_on_date": "nan"
			},
			"payment": {
				"state": "Paid"
			},
			"price_grade": "5",
			"currency": "GBP",
			"face_value": {
				"amount": "403586.69",
				"amount_gbp": "403586.69"
			},
			"outstanding_principal": {
				"amount": "0.0",
				"amount_gbp": "0.0"
			},
			"crystalised_loss": {
				"amount": "nan",
				"date": "nan"
			},
			"gross_yield": {
				"annualised": "11.350967495666751"
			}
		}
	}
}]
