[{
	"loan": {
		"seller": {
			"id": "11182"
		},
		"trade": {
			"id": "15372",
			"type": "Standard",
			"advance": {
				"date": "2015-06-22",
				"amount": "4380.18",
				"amount_gbp": "4380.18",
				"percentage": "85.0"
			},
			"discount": {
				"percentage": "0.9",
				"on": "Advance"
			},
			"expected_payment_date": "2015-08-13 00:00:00 +0000",
			"settlement_date": "2015-08-17",
			"arrears": {
				"in_arrears": "No",
				"in_arrears_on_date": "nan"
			},
			"payment": {
				"state": "Repurchased"
			},
			"price_grade": "5",
			"currency": "GBP",
			"face_value": {
				"amount": "5153.12",
				"amount_gbp": "5153.12"
			},
			"outstanding_principal": {
				"amount": "0.0",
				"amount_gbp": "0.0"
			},
			"crystalised_loss": {
				"amount": "nan",
				"date": "nan"
			},
			"gross_yield": {
				"annualised": "11.350967495666751"
			}
		}
	}
}]
