[{
	"loan": {
		"seller": {
			"id": "126"
		},
		"trade": {
			"id": "154",
			"type": "Standard",
			"advance": {
				"date": "2011-10-10",
				"amount": "29160.0",
				"amount_gbp": "29160.0",
				"percentage": "81.0"
			},
			"discount": {
				"percentage": "1.75",
				"on": "Facevalue"
			},
			"expected_payment_date": "2011-11-03 00:00:00 +0000",
			"settlement_date": "2011-11-09",
			"arrears": {
				"in_arrears": "No",
				"in_arrears_on_date": "nan"
			},
			"payment": {
				"state": "Paid"
			},
			"price_grade": "10",
			"currency": "GBP",
			"face_value": {
				"amount": "36000.0",
				"amount_gbp": "36000.0"
			},
			"outstanding_principal": {
				"amount": "0.0",
				"amount_gbp": "0.0"
			},
			"crystalised_loss": {
				"amount": "nan",
				"date": "nan"
			},
			"gross_yield": {
				"annualised": "29.23216233131989"
			}
		}
	}
}]
