[{
	"loan": {
		"seller": {
			"id": "8744"
		},
		"trade": {
			"id": "15431",
			"type": "Standard",
			"advance": {
				"date": "2015-06-22",
				"amount": "5103.0",
				"amount_gbp": "5103.0",
				"percentage": "90.0"
			},
			"discount": {
				"percentage": "0.7",
				"on": "Advance"
			},
			"expected_payment_date": "2015-07-17 00:00:00 +0000",
			"settlement_date": "2015-07-24",
			"arrears": {
				"in_arrears": "No",
				"in_arrears_on_date": "nan"
			},
			"payment": {
				"state": "Paid"
			},
			"price_grade": "3",
			"currency": "GBP",
			"face_value": {
				"amount": "5670.0",
				"amount_gbp": "5670.0"
			},
			"outstanding_principal": {
				"amount": "0.0",
				"amount_gbp": "0.0"
			},
			"crystalised_loss": {
				"amount": "nan",
				"date": "nan"
			},
			"gross_yield": {
				"annualised": "8.731066191550553"
			}
		}
	}
}]
