[{
	"loan": {
		"seller": {
			"id": "13150"
		},
		"trade": {
			"id": "15485",
			"type": "Standard",
			"advance": {
				"date": "2015-06-24",
				"amount": "152680.91",
				"amount_gbp": "152680.91",
				"percentage": "85.0"
			},
			"discount": {
				"percentage": "0.63",
				"on": "Advance"
			},
			"expected_payment_date": "2015-08-03 00:00:00 +0000",
			"settlement_date": "2015-08-19",
			"arrears": {
				"in_arrears": "No",
				"in_arrears_on_date": "nan"
			},
			"payment": {
				"state": "Repurchased"
			},
			"price_grade": "2",
			"currency": "GBP",
			"face_value": {
				"amount": "179624.58",
				"amount_gbp": "179624.58"
			},
			"outstanding_principal": {
				"amount": "0.0",
				"amount_gbp": "0.0"
			},
			"crystalised_loss": {
				"amount": "nan",
				"date": "nan"
			},
			"gross_yield": {
				"annualised": "7.82753380297514"
			}
		}
	}
}]
