[{
	"loan": {
		"seller": {
			"id": "10920"
		},
		"trade": {
			"id": "15519",
			"type": "Standard",
			"advance": {
				"date": "2015-06-29",
				"amount": "4447.82",
				"amount_gbp": "4447.82",
				"percentage": "85.0"
			},
			"discount": {
				"percentage": "1.2",
				"on": "Advance"
			},
			"expected_payment_date": "2015-08-14 00:00:00 +0000",
			"settlement_date": "2015-08-25",
			"arrears": {
				"in_arrears": "No",
				"in_arrears_on_date": "nan"
			},
			"payment": {
				"state": "Paid"
			},
			"price_grade": "7",
			"currency": "GBP",
			"face_value": {
				"amount": "5232.75",
				"amount_gbp": "5232.75"
			},
			"outstanding_principal": {
				"amount": "0.0",
				"amount_gbp": "0.0"
			},
			"crystalised_loss": {
				"amount": "nan",
				"date": "nan"
			},
			"gross_yield": {
				"annualised": "15.389462418258605"
			}
		}
	}
}]
