[{
	"loan": {
		"seller": {
			"id": "13267"
		},
		"trade": {
			"id": "15523",
			"type": "MultiDebtor",
			"advance": {
				"date": "2015-06-26",
				"amount": "40890.88",
				"amount_gbp": "40890.88",
				"percentage": "80.0"
			},
			"discount": {
				"percentage": "1.07",
				"on": "Advance"
			},
			"expected_payment_date": "2015-08-25 00:00:00 +0000",
			"settlement_date": "2015-09-10",
			"arrears": {
				"in_arrears": "No",
				"in_arrears_on_date": "nan"
			},
			"payment": {
				"state": "Paid"
			},
			"price_grade": "6",
			"currency": "GBP",
			"face_value": {
				"amount": "51113.57",
				"amount_gbp": "51113.57"
			},
			"outstanding_principal": {
				"amount": "0.0",
				"amount_gbp": "0.0"
			},
			"crystalised_loss": {
				"amount": "nan",
				"date": "nan"
			},
			"gross_yield": {
				"annualised": "13.623245038182375"
			}
		}
	}
}]
