[{
	"loan": {
		"seller": {
			"id": "10481"
		},
		"trade": {
			"id": "15539",
			"type": "Standard",
			"advance": {
				"date": "2015-06-29",
				"amount": "56756.11",
				"amount_gbp": "56756.11",
				"percentage": "90.0"
			},
			"discount": {
				"percentage": "0.7",
				"on": "Advance"
			},
			"expected_payment_date": "2015-08-10 00:00:00 +0000",
			"settlement_date": "2015-07-22",
			"arrears": {
				"in_arrears": "No",
				"in_arrears_on_date": "nan"
			},
			"payment": {
				"state": "Paid"
			},
			"price_grade": "3",
			"currency": "GBP",
			"face_value": {
				"amount": "63062.35",
				"amount_gbp": "63062.35"
			},
			"outstanding_principal": {
				"amount": "0.0",
				"amount_gbp": "0.0"
			},
			"crystalised_loss": {
				"amount": "nan",
				"date": "nan"
			},
			"gross_yield": {
				"annualised": "8.731066191550553"
			}
		}
	}
}]
