[{
	"loan": {
		"seller": {
			"id": "996"
		},
		"trade": {
			"id": "15581",
			"type": "Standard",
			"advance": {
				"date": "2015-06-30",
				"amount": "85082.58",
				"amount_gbp": "60527.7474",
				"percentage": "85.0"
			},
			"discount": {
				"percentage": "0.63",
				"on": "Advance"
			},
			"expected_payment_date": "2015-08-10 00:00:00 +0000",
			"settlement_date": "2015-08-14",
			"arrears": {
				"in_arrears": "No",
				"in_arrears_on_date": "nan"
			},
			"payment": {
				"state": "Paid"
			},
			"price_grade": "2",
			"currency": "EUR",
			"face_value": {
				"amount": "100097.14",
				"amount_gbp": "71209.1036"
			},
			"outstanding_principal": {
				"amount": "0.0",
				"amount_gbp": "0.0"
			},
			"crystalised_loss": {
				"amount": "nan",
				"date": "nan"
			},
			"gross_yield": {
				"annualised": "7.82753380297514"
			}
		}
	}
}]
