[{
	"loan": {
		"seller": {
			"id": "9592"
		},
		"trade": {
			"id": "15597",
			"type": "Standard",
			"advance": {
				"date": "2015-07-01",
				"amount": "13633.07",
				"amount_gbp": "8707.9699",
				"percentage": "90.0"
			},
			"discount": {
				"percentage": "1.0",
				"on": "Advance"
			},
			"expected_payment_date": "2015-08-14 00:00:00 +0000",
			"settlement_date": "2015-08-26",
			"arrears": {
				"in_arrears": "No",
				"in_arrears_on_date": "nan"
			},
			"payment": {
				"state": "Repurchased"
			},
			"price_grade": "6",
			"currency": "USD",
			"face_value": {
				"amount": "15147.85",
				"amount_gbp": "9675.5186"
			},
			"outstanding_principal": {
				"amount": "0.0",
				"amount_gbp": "0.0"
			},
			"crystalised_loss": {
				"amount": "nan",
				"date": "nan"
			},
			"gross_yield": {
				"annualised": "12.682503013196976"
			}
		}
	}
}]
