[{
	"loan": {
		"seller": {
			"id": "9592"
		},
		"trade": {
			"id": "15606",
			"type": "Standard",
			"advance": {
				"date": "2015-07-06",
				"amount": "27098.39",
				"amount_gbp": "17428.8336",
				"percentage": "80.0"
			},
			"discount": {
				"percentage": "1.2",
				"on": "Advance"
			},
			"expected_payment_date": "2015-08-21 00:00:00 +0000",
			"settlement_date": "2015-08-04",
			"arrears": {
				"in_arrears": "No",
				"in_arrears_on_date": "nan"
			},
			"payment": {
				"state": "Paid"
			},
			"price_grade": "7",
			"currency": "USD",
			"face_value": {
				"amount": "33872.99",
				"amount_gbp": "21786.0437"
			},
			"outstanding_principal": {
				"amount": "0.0",
				"amount_gbp": "0.0"
			},
			"crystalised_loss": {
				"amount": "nan",
				"date": "nan"
			},
			"gross_yield": {
				"annualised": "15.389462418258605"
			}
		}
	}
}]
