[{
	"loan": {
		"seller": {
			"id": "12999"
		},
		"trade": {
			"id": "15610",
			"type": "MultiDebtor",
			"advance": {
				"date": "2015-07-08",
				"amount": "3403.8",
				"amount_gbp": "3403.8",
				"percentage": "61.0"
			},
			"discount": {
				"percentage": "1.7",
				"on": "Advance"
			},
			"expected_payment_date": "2015-08-31 00:00:00 +0000",
			"settlement_date": "2015-09-03",
			"arrears": {
				"in_arrears": "No",
				"in_arrears_on_date": "nan"
			},
			"payment": {
				"state": "Paid"
			},
			"price_grade": "9",
			"currency": "GBP",
			"face_value": {
				"amount": "5580.0",
				"amount_gbp": "5580.0"
			},
			"outstanding_principal": {
				"amount": "0.0",
				"amount_gbp": "0.0"
			},
			"crystalised_loss": {
				"amount": "nan",
				"date": "nan"
			},
			"gross_yield": {
				"annualised": "22.419735005332388"
			}
		}
	}
}]
