[{
	"loan": {
		"seller": {
			"id": "173"
		},
		"trade": {
			"id": "15626",
			"type": "Standard",
			"advance": {
				"date": "2015-07-01",
				"amount": "14175.0",
				"amount_gbp": "10050.075",
				"percentage": "90.0"
			},
			"discount": {
				"percentage": "0.8",
				"on": "Advance"
			},
			"expected_payment_date": "2015-08-31 00:00:00 +0000",
			"settlement_date": "2015-09-09",
			"arrears": {
				"in_arrears": "No",
				"in_arrears_on_date": "nan"
			},
			"payment": {
				"state": "Repurchased"
			},
			"price_grade": "4",
			"currency": "EUR",
			"face_value": {
				"amount": "15750.0",
				"amount_gbp": "11166.75"
			},
			"outstanding_principal": {
				"amount": "0.0",
				"amount_gbp": "0.0"
			},
			"crystalised_loss": {
				"amount": "nan",
				"date": "nan"
			},
			"gross_yield": {
				"annualised": "10.033869371614637"
			}
		}
	}
}]
