[{
	"loan": {
		"seller": {
			"id": "300"
		},
		"trade": {
			"id": "15667",
			"type": "Standard",
			"advance": {
				"date": "2015-07-06",
				"amount": "3198.4",
				"amount_gbp": "3198.4",
				"percentage": "80.0"
			},
			"discount": {
				"percentage": "1.0",
				"on": "Advance"
			},
			"expected_payment_date": "2015-08-20 00:00:00 +0000",
			"settlement_date": "2015-08-10",
			"arrears": {
				"in_arrears": "No",
				"in_arrears_on_date": "nan"
			},
			"payment": {
				"state": "Paid"
			},
			"price_grade": "6",
			"currency": "GBP",
			"face_value": {
				"amount": "3998.0",
				"amount_gbp": "3998.0"
			},
			"outstanding_principal": {
				"amount": "0.0",
				"amount_gbp": "0.0"
			},
			"crystalised_loss": {
				"amount": "nan",
				"date": "nan"
			},
			"gross_yield": {
				"annualised": "12.682503013196976"
			}
		}
	}
}]
