[{
	"loan": {
		"seller": {
			"id": "15190"
		},
		"trade": {
			"id": "15688",
			"type": "Standard",
			"advance": {
				"date": "2015-07-08",
				"amount": "141159.61",
				"amount_gbp": "141159.61",
				"percentage": "80.0"
			},
			"discount": {
				"percentage": "1.0",
				"on": "Advance"
			},
			"expected_payment_date": "2015-08-10 00:00:00 +0000",
			"settlement_date": "2015-07-20",
			"arrears": {
				"in_arrears": "No",
				"in_arrears_on_date": "nan"
			},
			"payment": {
				"state": "Paid"
			},
			"price_grade": "6",
			"currency": "GBP",
			"face_value": {
				"amount": "176449.48",
				"amount_gbp": "176449.48"
			},
			"outstanding_principal": {
				"amount": "0.0",
				"amount_gbp": "0.0"
			},
			"crystalised_loss": {
				"amount": "nan",
				"date": "nan"
			},
			"gross_yield": {
				"annualised": "12.682503013196976"
			}
		}
	}
}]
