[{
	"loan": {
		"seller": {
			"id": "1296"
		},
		"trade": {
			"id": "15702",
			"type": "Standard",
			"advance": {
				"date": "2015-07-02",
				"amount": "63483.32",
				"amount_gbp": "63483.32",
				"percentage": "85.0"
			},
			"discount": {
				"percentage": "0.8",
				"on": "Advance"
			},
			"expected_payment_date": "2015-08-14 00:00:00 +0000",
			"settlement_date": "2015-08-06",
			"arrears": {
				"in_arrears": "No",
				"in_arrears_on_date": "nan"
			},
			"payment": {
				"state": "Paid"
			},
			"price_grade": "4",
			"currency": "GBP",
			"face_value": {
				"amount": "74686.26",
				"amount_gbp": "74686.26"
			},
			"outstanding_principal": {
				"amount": "0.0",
				"amount_gbp": "0.0"
			},
			"crystalised_loss": {
				"amount": "nan",
				"date": "nan"
			},
			"gross_yield": {
				"annualised": "10.033869371614637"
			}
		}
	}
}]
