[{
	"loan": {
		"seller": {
			"id": "8991"
		},
		"trade": {
			"id": "15714",
			"type": "Standard",
			"advance": {
				"date": "2015-07-09",
				"amount": "12217.48",
				"amount_gbp": "12217.48",
				"percentage": "55.0"
			},
			"discount": {
				"percentage": "0.8",
				"on": "Advance"
			},
			"expected_payment_date": "2015-07-26 00:00:00 +0000",
			"settlement_date": "2015-07-24",
			"arrears": {
				"in_arrears": "No",
				"in_arrears_on_date": "nan"
			},
			"payment": {
				"state": "Paid"
			},
			"price_grade": "4",
			"currency": "GBP",
			"face_value": {
				"amount": "22213.62",
				"amount_gbp": "22213.62"
			},
			"outstanding_principal": {
				"amount": "0.0",
				"amount_gbp": "0.0"
			},
			"crystalised_loss": {
				"amount": "nan",
				"date": "nan"
			},
			"gross_yield": {
				"annualised": "10.033869371614637"
			}
		}
	}
}]
