[{
	"loan": {
		"seller": {
			"id": "8290"
		},
		"trade": {
			"id": "15722",
			"type": "Standard",
			"advance": {
				"date": "2015-07-03",
				"amount": "25274.8",
				"amount_gbp": "17950.1629",
				"percentage": "85.0"
			},
			"discount": {
				"percentage": "1.0",
				"on": "Advance"
			},
			"expected_payment_date": "2015-09-09 00:00:00 +0000",
			"settlement_date": "2015-09-14",
			"arrears": {
				"in_arrears": "No",
				"in_arrears_on_date": "nan"
			},
			"payment": {
				"state": "Paid"
			},
			"price_grade": "6",
			"currency": "EUR",
			"face_value": {
				"amount": "29735.0",
				"amount_gbp": "21117.797000000002"
			},
			"outstanding_principal": {
				"amount": "0.0",
				"amount_gbp": "0.0"
			},
			"crystalised_loss": {
				"amount": "nan",
				"date": "nan"
			},
			"gross_yield": {
				"annualised": "12.682503013196976"
			}
		}
	}
}]
