[{
	"loan": {
		"seller": {
			"id": "15357"
		},
		"trade": {
			"id": "15738",
			"type": "Standard",
			"advance": {
				"date": "2015-07-06",
				"amount": "19200.0",
				"amount_gbp": "19200.0",
				"percentage": "80.0"
			},
			"discount": {
				"percentage": "1.2",
				"on": "Advance"
			},
			"expected_payment_date": "2015-08-14 00:00:00 +0000",
			"settlement_date": "2015-08-11",
			"arrears": {
				"in_arrears": "No",
				"in_arrears_on_date": "nan"
			},
			"payment": {
				"state": "Paid"
			},
			"price_grade": "7",
			"currency": "GBP",
			"face_value": {
				"amount": "24000.0",
				"amount_gbp": "24000.0"
			},
			"outstanding_principal": {
				"amount": "0.0",
				"amount_gbp": "0.0"
			},
			"crystalised_loss": {
				"amount": "nan",
				"date": "nan"
			},
			"gross_yield": {
				"annualised": "15.389462418258605"
			}
		}
	}
}]
