[{
	"loan": {
		"seller": {
			"id": "14760"
		},
		"trade": {
			"id": "15734",
			"type": "Standard",
			"advance": {
				"date": "2015-07-10",
				"amount": "8707.08",
				"amount_gbp": "8707.08",
				"percentage": "70.0"
			},
			"discount": {
				"percentage": "0.9",
				"on": "Advance"
			},
			"expected_payment_date": "2015-08-09 00:00:00 +0000",
			"settlement_date": "2015-07-16",
			"arrears": {
				"in_arrears": "No",
				"in_arrears_on_date": "nan"
			},
			"payment": {
				"state": "Paid"
			},
			"price_grade": "5",
			"currency": "GBP",
			"face_value": {
				"amount": "12438.67",
				"amount_gbp": "12438.67"
			},
			"outstanding_principal": {
				"amount": "0.0",
				"amount_gbp": "0.0"
			},
			"crystalised_loss": {
				"amount": "nan",
				"date": "nan"
			},
			"gross_yield": {
				"annualised": "11.350967495666751"
			}
		}
	}
}]
