[{
	"loan": {
		"seller": {
			"id": "1249"
		},
		"trade": {
			"id": "15763",
			"type": "Standard",
			"advance": {
				"date": "2015-07-08",
				"amount": "7301.4",
				"amount_gbp": "7301.4",
				"percentage": "80.0"
			},
			"discount": {
				"percentage": "1.0",
				"on": "Advance"
			},
			"expected_payment_date": "2015-08-18 00:00:00 +0000",
			"settlement_date": "2015-08-05",
			"arrears": {
				"in_arrears": "No",
				"in_arrears_on_date": "nan"
			},
			"payment": {
				"state": "Repurchased"
			},
			"price_grade": "6",
			"currency": "GBP",
			"face_value": {
				"amount": "9126.75",
				"amount_gbp": "9126.75"
			},
			"outstanding_principal": {
				"amount": "0.0",
				"amount_gbp": "0.0"
			},
			"crystalised_loss": {
				"amount": "nan",
				"date": "nan"
			},
			"gross_yield": {
				"annualised": "12.682503013196976"
			}
		}
	}
}]
