[{
	"loan": {
		"seller": {
			"id": "13687"
		},
		"trade": {
			"id": "15775",
			"type": "Standard",
			"advance": {
				"date": "2015-07-07",
				"amount": "151902.0",
				"amount_gbp": "107501.0454",
				"percentage": "75.0"
			},
			"discount": {
				"percentage": "0.9",
				"on": "Advance"
			},
			"expected_payment_date": "2015-08-19 00:00:00 +0000",
			"settlement_date": "2015-08-11",
			"arrears": {
				"in_arrears": "No",
				"in_arrears_on_date": "nan"
			},
			"payment": {
				"state": "Paid"
			},
			"price_grade": "5",
			"currency": "EUR",
			"face_value": {
				"amount": "202536.0",
				"amount_gbp": "143334.7272"
			},
			"outstanding_principal": {
				"amount": "0.0",
				"amount_gbp": "0.0"
			},
			"crystalised_loss": {
				"amount": "nan",
				"date": "nan"
			},
			"gross_yield": {
				"annualised": "11.350967495666751"
			}
		}
	}
}]
