[{
	"loan": {
		"seller": {
			"id": "122"
		},
		"trade": {
			"id": "158",
			"type": "Standard",
			"advance": {
				"date": "2011-10-11",
				"amount": "7345.128000000001",
				"amount_gbp": "7345.128000000001",
				"percentage": "80.0"
			},
			"discount": {
				"percentage": "1.25",
				"on": "Facevalue"
			},
			"expected_payment_date": "2011-11-13 00:00:00 +0000",
			"settlement_date": "2011-12-07",
			"arrears": {
				"in_arrears": "No",
				"in_arrears_on_date": "nan"
			},
			"payment": {
				"state": "Paid"
			},
			"price_grade": "8",
			"currency": "GBP",
			"face_value": {
				"amount": "9181.41",
				"amount_gbp": "9181.41"
			},
			"outstanding_principal": {
				"amount": "0.0",
				"amount_gbp": "0.0"
			},
			"crystalised_loss": {
				"amount": "nan",
				"date": "nan"
			},
			"gross_yield": {
				"annualised": "20.412703266704927"
			}
		}
	}
}]
