[{
	"loan": {
		"seller": {
			"id": "8206"
		},
		"trade": {
			"id": "15807",
			"type": "Standard",
			"advance": {
				"date": "2015-07-14",
				"amount": "2748.21",
				"amount_gbp": "2748.21",
				"percentage": "80.0"
			},
			"discount": {
				"percentage": "1.0",
				"on": "Advance"
			},
			"expected_payment_date": "2015-09-02 00:00:00 +0000",
			"settlement_date": "2015-09-07",
			"arrears": {
				"in_arrears": "No",
				"in_arrears_on_date": "nan"
			},
			"payment": {
				"state": "Paid"
			},
			"price_grade": "6",
			"currency": "GBP",
			"face_value": {
				"amount": "3435.31",
				"amount_gbp": "3435.31"
			},
			"outstanding_principal": {
				"amount": "0.0",
				"amount_gbp": "0.0"
			},
			"crystalised_loss": {
				"amount": "nan",
				"date": "nan"
			},
			"gross_yield": {
				"annualised": "12.682503013196976"
			}
		}
	}
}]
