[{
	"loan": {
		"seller": {
			"id": "1010"
		},
		"trade": {
			"id": "15870",
			"type": "Standard",
			"advance": {
				"date": "2015-07-09",
				"amount": "38311.67",
				"amount_gbp": "38311.67",
				"percentage": "90.0"
			},
			"discount": {
				"percentage": "1.0",
				"on": "Advance"
			},
			"expected_payment_date": "2015-09-11 00:00:00 +0000",
			"settlement_date": "2015-09-10",
			"arrears": {
				"in_arrears": "No",
				"in_arrears_on_date": "nan"
			},
			"payment": {
				"state": "Paid"
			},
			"price_grade": "6",
			"currency": "GBP",
			"face_value": {
				"amount": "42568.5",
				"amount_gbp": "42568.5"
			},
			"outstanding_principal": {
				"amount": "0.0",
				"amount_gbp": "0.0"
			},
			"crystalised_loss": {
				"amount": "nan",
				"date": "nan"
			},
			"gross_yield": {
				"annualised": "12.682503013196976"
			}
		}
	}
}]
