[{
	"loan": {
		"seller": {
			"id": "10498"
		},
		"trade": {
			"id": "15885",
			"type": "Standard",
			"advance": {
				"date": "2015-08-12",
				"amount": "27105.8",
				"amount_gbp": "27105.8",
				"percentage": "75.0"
			},
			"discount": {
				"percentage": "1.2",
				"on": "Advance"
			},
			"expected_payment_date": "2015-08-31 00:00:00 +0000",
			"settlement_date": "2015-09-03",
			"arrears": {
				"in_arrears": "No",
				"in_arrears_on_date": "nan"
			},
			"payment": {
				"state": "Paid"
			},
			"price_grade": "8",
			"currency": "GBP",
			"face_value": {
				"amount": "36141.0",
				"amount_gbp": "36141.0"
			},
			"outstanding_principal": {
				"amount": "0.0",
				"amount_gbp": "0.0"
			},
			"crystalised_loss": {
				"amount": "nan",
				"date": "nan"
			},
			"gross_yield": {
				"annualised": "15.389462418258605"
			}
		}
	}
}]
