[{
	"loan": {
		"seller": {
			"id": "1491"
		},
		"trade": {
			"id": "15919",
			"type": "Standard",
			"advance": {
				"date": "2015-07-14",
				"amount": "15312.68",
				"amount_gbp": "15312.68",
				"percentage": "80.0"
			},
			"discount": {
				"percentage": "0.63",
				"on": "Advance"
			},
			"expected_payment_date": "2015-08-21 00:00:00 +0000",
			"settlement_date": "2015-08-07",
			"arrears": {
				"in_arrears": "No",
				"in_arrears_on_date": "nan"
			},
			"payment": {
				"state": "Paid"
			},
			"price_grade": "2",
			"currency": "GBP",
			"face_value": {
				"amount": "19140.86",
				"amount_gbp": "19140.86"
			},
			"outstanding_principal": {
				"amount": "0.0",
				"amount_gbp": "0.0"
			},
			"crystalised_loss": {
				"amount": "nan",
				"date": "nan"
			},
			"gross_yield": {
				"annualised": "7.82753380297514"
			}
		}
	}
}]
