[{
	"loan": {
		"seller": {
			"id": "8520"
		},
		"trade": {
			"id": "15939",
			"type": "Standard",
			"advance": {
				"date": "2015-07-13",
				"amount": "26528.01",
				"amount_gbp": "18874.6791",
				"percentage": "80.0"
			},
			"discount": {
				"percentage": "0.9",
				"on": "Advance"
			},
			"expected_payment_date": "2015-08-14 00:00:00 +0000",
			"settlement_date": "2015-08-13",
			"arrears": {
				"in_arrears": "No",
				"in_arrears_on_date": "nan"
			},
			"payment": {
				"state": "Paid"
			},
			"price_grade": "5",
			"currency": "EUR",
			"face_value": {
				"amount": "33160.06",
				"amount_gbp": "23593.3826"
			},
			"outstanding_principal": {
				"amount": "0.0",
				"amount_gbp": "0.0"
			},
			"crystalised_loss": {
				"amount": "nan",
				"date": "nan"
			},
			"gross_yield": {
				"annualised": "11.350967495666751"
			}
		}
	}
}]
