[{
	"loan": {
		"seller": {
			"id": "14152"
		},
		"trade": {
			"id": "15942",
			"type": "MultiDebtor",
			"advance": {
				"date": "2015-07-15",
				"amount": "12474.83",
				"amount_gbp": "12474.83",
				"percentage": "69.0"
			},
			"discount": {
				"percentage": "0.9",
				"on": "Advance"
			},
			"expected_payment_date": "2015-10-14 00:00:00 +0000",
			"settlement_date": "2015-10-12",
			"arrears": {
				"in_arrears": "No",
				"in_arrears_on_date": "nan"
			},
			"payment": {
				"state": "Paid"
			},
			"price_grade": "5",
			"currency": "GBP",
			"face_value": {
				"amount": "18079.48",
				"amount_gbp": "18079.48"
			},
			"outstanding_principal": {
				"amount": "0.0",
				"amount_gbp": "0.0"
			},
			"crystalised_loss": {
				"amount": "nan",
				"date": "nan"
			},
			"gross_yield": {
				"annualised": "11.350967495666751"
			}
		}
	}
}]
