[{
	"loan": {
		"seller": {
			"id": "9592"
		},
		"trade": {
			"id": "15958",
			"type": "Standard",
			"advance": {
				"date": "2015-07-14",
				"amount": "16798.0",
				"amount_gbp": "16798.0",
				"percentage": "85.0"
			},
			"discount": {
				"percentage": "0.9",
				"on": "Advance"
			},
			"expected_payment_date": "2015-10-08 00:00:00 +0000",
			"settlement_date": "2015-11-03",
			"arrears": {
				"in_arrears": "No",
				"in_arrears_on_date": "nan"
			},
			"payment": {
				"state": "Repurchased"
			},
			"price_grade": "5",
			"currency": "GBP",
			"face_value": {
				"amount": "19762.34",
				"amount_gbp": "19762.34"
			},
			"outstanding_principal": {
				"amount": "0.0",
				"amount_gbp": "0.0"
			},
			"crystalised_loss": {
				"amount": "nan",
				"date": "nan"
			},
			"gross_yield": {
				"annualised": "11.350967495666751"
			}
		}
	}
}]
