[{
	"loan": {
		"seller": {
			"id": "9291"
		},
		"trade": {
			"id": "15981",
			"type": "Standard",
			"advance": {
				"date": "2015-07-17",
				"amount": "45104.4",
				"amount_gbp": "45104.4",
				"percentage": "85.0"
			},
			"discount": {
				"percentage": "0.63",
				"on": "Advance"
			},
			"expected_payment_date": "2015-08-21 00:00:00 +0000",
			"settlement_date": "2015-08-14",
			"arrears": {
				"in_arrears": "No",
				"in_arrears_on_date": "nan"
			},
			"payment": {
				"state": "Paid"
			},
			"price_grade": "2",
			"currency": "GBP",
			"face_value": {
				"amount": "53064.0",
				"amount_gbp": "53064.0"
			},
			"outstanding_principal": {
				"amount": "0.0",
				"amount_gbp": "0.0"
			},
			"crystalised_loss": {
				"amount": "nan",
				"date": "nan"
			},
			"gross_yield": {
				"annualised": "7.82753380297514"
			}
		}
	}
}]
