[{
	"loan": {
		"seller": {
			"id": "4727"
		},
		"trade": {
			"id": "15997",
			"type": "Standard",
			"advance": {
				"date": "2015-07-16",
				"amount": "11627.74",
				"amount_gbp": "11627.74",
				"percentage": "80.0"
			},
			"discount": {
				"percentage": "0.55",
				"on": "Advance"
			},
			"expected_payment_date": "2015-09-17 00:00:00 +0000",
			"settlement_date": "2015-08-13",
			"arrears": {
				"in_arrears": "No",
				"in_arrears_on_date": "nan"
			},
			"payment": {
				"state": "Paid"
			},
			"price_grade": "1",
			"currency": "GBP",
			"face_value": {
				"amount": "14534.68",
				"amount_gbp": "14534.68"
			},
			"outstanding_principal": {
				"amount": "0.0",
				"amount_gbp": "0.0"
			},
			"crystalised_loss": {
				"amount": "nan",
				"date": "nan"
			},
			"gross_yield": {
				"annualised": "6.803355946764843"
			}
		}
	}
}]
