[{
	"loan": {
		"seller": {
			"id": "15249"
		},
		"trade": {
			"id": "16084",
			"type": "Standard",
			"advance": {
				"date": "2015-07-27",
				"amount": "21659.37",
				"amount_gbp": "21659.37",
				"percentage": "80.0"
			},
			"discount": {
				"percentage": "0.63",
				"on": "Advance"
			},
			"expected_payment_date": "2015-07-31 00:00:00 +0000",
			"settlement_date": "2015-07-28",
			"arrears": {
				"in_arrears": "No",
				"in_arrears_on_date": "nan"
			},
			"payment": {
				"state": "Paid"
			},
			"price_grade": "2",
			"currency": "GBP",
			"face_value": {
				"amount": "27074.19",
				"amount_gbp": "27074.19"
			},
			"outstanding_principal": {
				"amount": "0.0",
				"amount_gbp": "0.0"
			},
			"crystalised_loss": {
				"amount": "nan",
				"date": "nan"
			},
			"gross_yield": {
				"annualised": "7.82753380297514"
			}
		}
	}
}]
