[{
	"loan": {
		"seller": {
			"id": "15473"
		},
		"trade": {
			"id": "16134",
			"type": "Standard",
			"advance": {
				"date": "2015-07-22",
				"amount": "174371.79",
				"amount_gbp": "174371.79",
				"percentage": "80.0"
			},
			"discount": {
				"percentage": "0.63",
				"on": "Advance"
			},
			"expected_payment_date": "2015-08-17 00:00:00 +0000",
			"settlement_date": "2015-07-31",
			"arrears": {
				"in_arrears": "No",
				"in_arrears_on_date": "nan"
			},
			"payment": {
				"state": "Paid"
			},
			"price_grade": "2",
			"currency": "GBP",
			"face_value": {
				"amount": "217964.72",
				"amount_gbp": "217964.72"
			},
			"outstanding_principal": {
				"amount": "0.0",
				"amount_gbp": "0.0"
			},
			"crystalised_loss": {
				"amount": "nan",
				"date": "nan"
			},
			"gross_yield": {
				"annualised": "7.82753380297514"
			}
		}
	}
}]
