[{
	"loan": {
		"seller": {
			"id": "774"
		},
		"trade": {
			"id": "16138",
			"type": "Standard",
			"advance": {
				"date": "2015-07-22",
				"amount": "8040.0",
				"amount_gbp": "8040.0",
				"percentage": "80.0"
			},
			"discount": {
				"percentage": "1.2",
				"on": "Advance"
			},
			"expected_payment_date": "2015-07-31 00:00:00 +0000",
			"settlement_date": "2015-08-11",
			"arrears": {
				"in_arrears": "No",
				"in_arrears_on_date": "nan"
			},
			"payment": {
				"state": "Repurchased"
			},
			"price_grade": "7",
			"currency": "GBP",
			"face_value": {
				"amount": "10050.0",
				"amount_gbp": "10050.0"
			},
			"outstanding_principal": {
				"amount": "0.0",
				"amount_gbp": "0.0"
			},
			"crystalised_loss": {
				"amount": "nan",
				"date": "nan"
			},
			"gross_yield": {
				"annualised": "15.389462418258605"
			}
		}
	}
}]
