[{
	"loan": {
		"seller": {
			"id": "13500"
		},
		"trade": {
			"id": "16159",
			"type": "Standard",
			"advance": {
				"date": "2015-07-22",
				"amount": "111271.2",
				"amount_gbp": "77689.5518",
				"percentage": "80.0"
			},
			"discount": {
				"percentage": "1.2",
				"on": "Advance"
			},
			"expected_payment_date": "2015-08-31 00:00:00 +0000",
			"settlement_date": "2015-09-01",
			"arrears": {
				"in_arrears": "No",
				"in_arrears_on_date": "nan"
			},
			"payment": {
				"state": "Paid"
			},
			"price_grade": "7",
			"currency": "EUR",
			"face_value": {
				"amount": "139089.0",
				"amount_gbp": "97111.9398"
			},
			"outstanding_principal": {
				"amount": "0.0",
				"amount_gbp": "0.0"
			},
			"crystalised_loss": {
				"amount": "nan",
				"date": "nan"
			},
			"gross_yield": {
				"annualised": "15.389462418258605"
			}
		}
	}
}]
