[{
	"loan": {
		"seller": {
			"id": "1910"
		},
		"trade": {
			"id": "16163",
			"type": "Standard",
			"advance": {
				"date": "2015-07-23",
				"amount": "90826.06",
				"amount_gbp": "90826.06",
				"percentage": "85.0"
			},
			"discount": {
				"percentage": "0.9",
				"on": "Advance"
			},
			"expected_payment_date": "2015-10-26 00:00:00 +0000",
			"settlement_date": "2015-09-22",
			"arrears": {
				"in_arrears": "No",
				"in_arrears_on_date": "nan"
			},
			"payment": {
				"state": "Paid"
			},
			"price_grade": "5",
			"currency": "GBP",
			"face_value": {
				"amount": "106854.22",
				"amount_gbp": "106854.22"
			},
			"outstanding_principal": {
				"amount": "0.0",
				"amount_gbp": "0.0"
			},
			"crystalised_loss": {
				"amount": "nan",
				"date": "nan"
			},
			"gross_yield": {
				"annualised": "11.350967495666751"
			}
		}
	}
}]
