[{
	"loan": {
		"seller": {
			"id": "4743"
		},
		"trade": {
			"id": "16179",
			"type": "Standard",
			"advance": {
				"date": "2015-07-23",
				"amount": "36000.0",
				"amount_gbp": "23055.1868",
				"percentage": "90.0"
			},
			"discount": {
				"percentage": "0.9",
				"on": "Advance"
			},
			"expected_payment_date": "2015-08-29 00:00:00 +0000",
			"settlement_date": "2015-07-30",
			"arrears": {
				"in_arrears": "No",
				"in_arrears_on_date": "nan"
			},
			"payment": {
				"state": "Paid"
			},
			"price_grade": "5",
			"currency": "USD",
			"face_value": {
				"amount": "40000.0",
				"amount_gbp": "25616.8736"
			},
			"outstanding_principal": {
				"amount": "0.0",
				"amount_gbp": "0.0"
			},
			"crystalised_loss": {
				"amount": "nan",
				"date": "nan"
			},
			"gross_yield": {
				"annualised": "11.350967495666751"
			}
		}
	}
}]
