[{
	"loan": {
		"seller": {
			"id": "9001"
		},
		"trade": {
			"id": "16196",
			"type": "Standard",
			"advance": {
				"date": "2015-07-23",
				"amount": "1760.0",
				"amount_gbp": "1760.0",
				"percentage": "80.0"
			},
			"discount": {
				"percentage": "0.63",
				"on": "Advance"
			},
			"expected_payment_date": "2015-09-07 00:00:00 +0000",
			"settlement_date": "2015-09-11",
			"arrears": {
				"in_arrears": "No",
				"in_arrears_on_date": "nan"
			},
			"payment": {
				"state": "Paid"
			},
			"price_grade": "2",
			"currency": "GBP",
			"face_value": {
				"amount": "2200.0",
				"amount_gbp": "2200.0"
			},
			"outstanding_principal": {
				"amount": "0.0",
				"amount_gbp": "0.0"
			},
			"crystalised_loss": {
				"amount": "nan",
				"date": "nan"
			},
			"gross_yield": {
				"annualised": "7.82753380297514"
			}
		}
	}
}]
