[{
	"loan": {
		"seller": {
			"id": "13500"
		},
		"trade": {
			"id": "16207",
			"type": "Standard",
			"advance": {
				"date": "2015-07-24",
				"amount": "55370.12",
				"amount_gbp": "55370.12",
				"percentage": "60.0"
			},
			"discount": {
				"percentage": "0.9",
				"on": "Advance"
			},
			"expected_payment_date": "2015-08-24 00:00:00 +0000",
			"settlement_date": "2015-08-27",
			"arrears": {
				"in_arrears": "No",
				"in_arrears_on_date": "nan"
			},
			"payment": {
				"state": "Paid"
			},
			"price_grade": "5",
			"currency": "GBP",
			"face_value": {
				"amount": "92283.56",
				"amount_gbp": "92283.56"
			},
			"outstanding_principal": {
				"amount": "0.0",
				"amount_gbp": "0.0"
			},
			"crystalised_loss": {
				"amount": "nan",
				"date": "nan"
			},
			"gross_yield": {
				"annualised": "11.350967495666751"
			}
		}
	}
}]
