[{
	"loan": {
		"seller": {
			"id": "8520"
		},
		"trade": {
			"id": "16227",
			"type": "Standard",
			"advance": {
				"date": "2015-07-24",
				"amount": "23526.72",
				"amount_gbp": "15203.4357",
				"percentage": "80.0"
			},
			"discount": {
				"percentage": "0.9",
				"on": "Advance"
			},
			"expected_payment_date": "2015-09-18 00:00:00 +0000",
			"settlement_date": "2015-09-02",
			"arrears": {
				"in_arrears": "No",
				"in_arrears_on_date": "nan"
			},
			"payment": {
				"state": "Paid"
			},
			"price_grade": "5",
			"currency": "USD",
			"face_value": {
				"amount": "29408.38",
				"amount_gbp": "19004.2817"
			},
			"outstanding_principal": {
				"amount": "0.0",
				"amount_gbp": "0.0"
			},
			"crystalised_loss": {
				"amount": "nan",
				"date": "nan"
			},
			"gross_yield": {
				"annualised": "11.350967495666751"
			}
		}
	}
}]
