[{
	"loan": {
		"seller": {
			"id": "11508"
		},
		"trade": {
			"id": "16231",
			"type": "Standard",
			"advance": {
				"date": "2015-07-30",
				"amount": "4271.21",
				"amount_gbp": "4271.21",
				"percentage": "80.0"
			},
			"discount": {
				"percentage": "0.9",
				"on": "Advance"
			},
			"expected_payment_date": "2015-08-31 00:00:00 +0000",
			"settlement_date": "2015-09-07",
			"arrears": {
				"in_arrears": "No",
				"in_arrears_on_date": "nan"
			},
			"payment": {
				"state": "Paid"
			},
			"price_grade": "5",
			"currency": "GBP",
			"face_value": {
				"amount": "5339.0",
				"amount_gbp": "5339.0"
			},
			"outstanding_principal": {
				"amount": "0.0",
				"amount_gbp": "0.0"
			},
			"crystalised_loss": {
				"amount": "nan",
				"date": "nan"
			},
			"gross_yield": {
				"annualised": "11.350967495666751"
			}
		}
	}
}]
