[{
	"loan": {
		"seller": {
			"id": "10147"
		},
		"trade": {
			"id": "16246",
			"type": "Standard",
			"advance": {
				"date": "2015-07-24",
				"amount": "10594.91",
				"amount_gbp": "10594.91",
				"percentage": "90.0"
			},
			"discount": {
				"percentage": "0.8",
				"on": "Advance"
			},
			"expected_payment_date": "2015-09-04 00:00:00 +0000",
			"settlement_date": "2015-08-18",
			"arrears": {
				"in_arrears": "No",
				"in_arrears_on_date": "nan"
			},
			"payment": {
				"state": "Paid"
			},
			"price_grade": "4",
			"currency": "GBP",
			"face_value": {
				"amount": "11772.14",
				"amount_gbp": "11772.14"
			},
			"outstanding_principal": {
				"amount": "0.0",
				"amount_gbp": "0.0"
			},
			"crystalised_loss": {
				"amount": "nan",
				"date": "nan"
			},
			"gross_yield": {
				"annualised": "10.033869371614637"
			}
		}
	}
}]
