[{
	"loan": {
		"seller": {
			"id": "919"
		},
		"trade": {
			"id": "16289",
			"type": "MultiDebtor",
			"advance": {
				"date": "2015-07-31",
				"amount": "5292.78",
				"amount_gbp": "5292.78",
				"percentage": "75.0"
			},
			"discount": {
				"percentage": "1.42",
				"on": "Advance"
			},
			"expected_payment_date": "2015-10-23 00:00:00 +0000",
			"settlement_date": "2015-10-05",
			"arrears": {
				"in_arrears": "No",
				"in_arrears_on_date": "nan"
			},
			"payment": {
				"state": "Repurchased"
			},
			"price_grade": "8",
			"currency": "GBP",
			"face_value": {
				"amount": "7057.03",
				"amount_gbp": "7057.03"
			},
			"outstanding_principal": {
				"amount": "0.0",
				"amount_gbp": "0.0"
			},
			"crystalised_loss": {
				"amount": "nan",
				"date": "nan"
			},
			"gross_yield": {
				"annualised": "18.43587543436032"
			}
		}
	}
}]
