[{
	"loan": {
		"seller": {
			"id": "8946"
		},
		"trade": {
			"id": "16303",
			"type": "Standard",
			"advance": {
				"date": "2015-07-29",
				"amount": "83589.0",
				"amount_gbp": "58955.3217",
				"percentage": "85.0"
			},
			"discount": {
				"percentage": "0.8",
				"on": "Advance"
			},
			"expected_payment_date": "2015-08-31 00:00:00 +0000",
			"settlement_date": "2015-09-10",
			"arrears": {
				"in_arrears": "No",
				"in_arrears_on_date": "nan"
			},
			"payment": {
				"state": "Paid"
			},
			"price_grade": "4",
			"currency": "EUR",
			"face_value": {
				"amount": "98340.0",
				"amount_gbp": "69359.202"
			},
			"outstanding_principal": {
				"amount": "0.0",
				"amount_gbp": "0.0"
			},
			"crystalised_loss": {
				"amount": "nan",
				"date": "nan"
			},
			"gross_yield": {
				"annualised": "10.033869371614637"
			}
		}
	}
}]
