[{
	"loan": {
		"seller": {
			"id": "13809"
		},
		"trade": {
			"id": "16342",
			"type": "Standard",
			"advance": {
				"date": "2015-07-30",
				"amount": "21865.74",
				"amount_gbp": "21865.74",
				"percentage": "85.0"
			},
			"discount": {
				"percentage": "0.8",
				"on": "Advance"
			},
			"expected_payment_date": "2015-09-02 00:00:00 +0000",
			"settlement_date": "2015-08-26",
			"arrears": {
				"in_arrears": "No",
				"in_arrears_on_date": "nan"
			},
			"payment": {
				"state": "Paid"
			},
			"price_grade": "4",
			"currency": "GBP",
			"face_value": {
				"amount": "25724.4",
				"amount_gbp": "25724.4"
			},
			"outstanding_principal": {
				"amount": "0.0",
				"amount_gbp": "0.0"
			},
			"crystalised_loss": {
				"amount": "nan",
				"date": "nan"
			},
			"gross_yield": {
				"annualised": "10.033869371614637"
			}
		}
	}
}]
