[{
	"loan": {
		"seller": {
			"id": "8283"
		},
		"trade": {
			"id": "16354",
			"type": "Standard",
			"advance": {
				"date": "2015-07-30",
				"amount": "4524.47",
				"amount_gbp": "4524.47",
				"percentage": "90.0"
			},
			"discount": {
				"percentage": "0.55",
				"on": "Advance"
			},
			"expected_payment_date": "2015-09-25 00:00:00 +0000",
			"settlement_date": "2015-10-07",
			"arrears": {
				"in_arrears": "No",
				"in_arrears_on_date": "nan"
			},
			"payment": {
				"state": "Paid"
			},
			"price_grade": "1",
			"currency": "GBP",
			"face_value": {
				"amount": "5027.22",
				"amount_gbp": "5027.22"
			},
			"outstanding_principal": {
				"amount": "0.0",
				"amount_gbp": "0.0"
			},
			"crystalised_loss": {
				"amount": "nan",
				"date": "nan"
			},
			"gross_yield": {
				"annualised": "6.803355946764843"
			}
		}
	}
}]
