[{
	"loan": {
		"seller": {
			"id": "2154"
		},
		"trade": {
			"id": "16378",
			"type": "Standard",
			"advance": {
				"date": "2015-07-31",
				"amount": "3229.79",
				"amount_gbp": "3229.79",
				"percentage": "80.0"
			},
			"discount": {
				"percentage": "1.2",
				"on": "Advance"
			},
			"expected_payment_date": "2015-08-28 00:00:00 +0000",
			"settlement_date": "2015-08-28",
			"arrears": {
				"in_arrears": "No",
				"in_arrears_on_date": "nan"
			},
			"payment": {
				"state": "Paid"
			},
			"price_grade": "7",
			"currency": "GBP",
			"face_value": {
				"amount": "4037.2",
				"amount_gbp": "4037.2"
			},
			"outstanding_principal": {
				"amount": "0.0",
				"amount_gbp": "0.0"
			},
			"crystalised_loss": {
				"amount": "nan",
				"date": "nan"
			},
			"gross_yield": {
				"annualised": "15.389462418258605"
			}
		}
	}
}]
