[{
	"loan": {
		"seller": {
			"id": "2454"
		},
		"trade": {
			"id": "16374",
			"type": "Standard",
			"advance": {
				"date": "2015-07-30",
				"amount": "28254.0",
				"amount_gbp": "28254.0",
				"percentage": "85.0"
			},
			"discount": {
				"percentage": "0.63",
				"on": "Advance"
			},
			"expected_payment_date": "2015-09-09 00:00:00 +0000",
			"settlement_date": "2015-09-07",
			"arrears": {
				"in_arrears": "No",
				"in_arrears_on_date": "nan"
			},
			"payment": {
				"state": "Paid"
			},
			"price_grade": "2",
			"currency": "GBP",
			"face_value": {
				"amount": "33240.0",
				"amount_gbp": "33240.0"
			},
			"outstanding_principal": {
				"amount": "0.0",
				"amount_gbp": "0.0"
			},
			"crystalised_loss": {
				"amount": "nan",
				"date": "nan"
			},
			"gross_yield": {
				"annualised": "7.82753380297514"
			}
		}
	}
}]
