[{
	"loan": {
		"seller": {
			"id": "15473"
		},
		"trade": {
			"id": "16421",
			"type": "Standard",
			"advance": {
				"date": "2015-08-05",
				"amount": "32448.42",
				"amount_gbp": "32448.42",
				"percentage": "55.0"
			},
			"discount": {
				"percentage": "0.9",
				"on": "Advance"
			},
			"expected_payment_date": "2015-09-30 00:00:00 +0000",
			"settlement_date": "2015-10-20",
			"arrears": {
				"in_arrears": "No",
				"in_arrears_on_date": "nan"
			},
			"payment": {
				"state": "Repurchased"
			},
			"price_grade": "5",
			"currency": "GBP",
			"face_value": {
				"amount": "58997.15",
				"amount_gbp": "58997.15"
			},
			"outstanding_principal": {
				"amount": "0.0",
				"amount_gbp": "0.0"
			},
			"crystalised_loss": {
				"amount": "nan",
				"date": "nan"
			},
			"gross_yield": {
				"annualised": "11.350967495666751"
			}
		}
	}
}]
