[{
	"loan": {
		"seller": {
			"id": "2495"
		},
		"trade": {
			"id": "16476",
			"type": "Standard",
			"advance": {
				"date": "2015-08-04",
				"amount": "23791.52",
				"amount_gbp": "23791.52",
				"percentage": "85.0"
			},
			"discount": {
				"percentage": "0.7",
				"on": "Advance"
			},
			"expected_payment_date": "2015-09-04 00:00:00 +0000",
			"settlement_date": "2015-09-08",
			"arrears": {
				"in_arrears": "No",
				"in_arrears_on_date": "nan"
			},
			"payment": {
				"state": "Paid"
			},
			"price_grade": "3",
			"currency": "GBP",
			"face_value": {
				"amount": "27990.0",
				"amount_gbp": "27990.0"
			},
			"outstanding_principal": {
				"amount": "0.0",
				"amount_gbp": "0.0"
			},
			"crystalised_loss": {
				"amount": "nan",
				"date": "nan"
			},
			"gross_yield": {
				"annualised": "8.731066191550553"
			}
		}
	}
}]
