[{
	"loan": {
		"seller": {
			"id": "1373"
		},
		"trade": {
			"id": "16483",
			"type": "Standard",
			"advance": {
				"date": "2015-08-04",
				"amount": "176506.36",
				"amount_gbp": "176506.36",
				"percentage": "85.0"
			},
			"discount": {
				"percentage": "0.63",
				"on": "Advance"
			},
			"expected_payment_date": "2015-09-16 00:00:00 +0000",
			"settlement_date": "2015-09-02",
			"arrears": {
				"in_arrears": "No",
				"in_arrears_on_date": "nan"
			},
			"payment": {
				"state": "Paid"
			},
			"price_grade": "2",
			"currency": "GBP",
			"face_value": {
				"amount": "207654.55",
				"amount_gbp": "207654.55"
			},
			"outstanding_principal": {
				"amount": "0.0",
				"amount_gbp": "0.0"
			},
			"crystalised_loss": {
				"amount": "nan",
				"date": "nan"
			},
			"gross_yield": {
				"annualised": "7.82753380297514"
			}
		}
	}
}]
