[{
	"loan": {
		"seller": {
			"id": "16005"
		},
		"trade": {
			"id": "16499",
			"type": "MultiDebtor",
			"advance": {
				"date": "2015-08-26",
				"amount": "20933.4",
				"amount_gbp": "20933.4",
				"percentage": "84.0"
			},
			"discount": {
				"percentage": "1.1",
				"on": "Advance"
			},
			"expected_payment_date": "2015-09-08 00:00:00 +0000",
			"settlement_date": "2015-09-18",
			"arrears": {
				"in_arrears": "No",
				"in_arrears_on_date": "nan"
			},
			"payment": {
				"state": "Repurchased"
			},
			"price_grade": "6",
			"currency": "GBP",
			"face_value": {
				"amount": "24920.7",
				"amount_gbp": "24920.7"
			},
			"outstanding_principal": {
				"amount": "0.0",
				"amount_gbp": "0.0"
			},
			"crystalised_loss": {
				"amount": "nan",
				"date": "nan"
			},
			"gross_yield": {
				"annualised": "14.02861964998534"
			}
		}
	}
}]
