[{
	"loan": {
		"seller": {
			"id": "9291"
		},
		"trade": {
			"id": "16495",
			"type": "Standard",
			"advance": {
				"date": "2015-08-07",
				"amount": "41608.0",
				"amount_gbp": "41608.0",
				"percentage": "80.0"
			},
			"discount": {
				"percentage": "0.7",
				"on": "Advance"
			},
			"expected_payment_date": "2015-09-11 00:00:00 +0000",
			"settlement_date": "2015-09-18",
			"arrears": {
				"in_arrears": "No",
				"in_arrears_on_date": "nan"
			},
			"payment": {
				"state": "Paid"
			},
			"price_grade": "3",
			"currency": "GBP",
			"face_value": {
				"amount": "52010.0",
				"amount_gbp": "52010.0"
			},
			"outstanding_principal": {
				"amount": "0.0",
				"amount_gbp": "0.0"
			},
			"crystalised_loss": {
				"amount": "nan",
				"date": "nan"
			},
			"gross_yield": {
				"annualised": "8.731066191550553"
			}
		}
	}
}]
