[{
	"loan": {
		"seller": {
			"id": "13788"
		},
		"trade": {
			"id": "16529",
			"type": "Standard",
			"advance": {
				"date": "2015-08-07",
				"amount": "4685.2",
				"amount_gbp": "3303.5345",
				"percentage": "80.0"
			},
			"discount": {
				"percentage": "1.2",
				"on": "Advance"
			},
			"expected_payment_date": "2015-09-18 00:00:00 +0000",
			"settlement_date": "2015-09-01",
			"arrears": {
				"in_arrears": "No",
				"in_arrears_on_date": "nan"
			},
			"payment": {
				"state": "Paid"
			},
			"price_grade": "7",
			"currency": "EUR",
			"face_value": {
				"amount": "5856.5",
				"amount_gbp": "4129.4181"
			},
			"outstanding_principal": {
				"amount": "0.0",
				"amount_gbp": "0.0"
			},
			"crystalised_loss": {
				"amount": "nan",
				"date": "nan"
			},
			"gross_yield": {
				"annualised": "15.389462418258605"
			}
		}
	}
}]
