[{
	"loan": {
		"seller": {
			"id": "13687"
		},
		"trade": {
			"id": "16533",
			"type": "Standard",
			"advance": {
				"date": "2015-08-06",
				"amount": "75262.51",
				"amount_gbp": "52789.1245",
				"percentage": "75.0"
			},
			"discount": {
				"percentage": "0.8",
				"on": "Advance"
			},
			"expected_payment_date": "2015-09-15 00:00:00 +0000",
			"settlement_date": "2015-09-22",
			"arrears": {
				"in_arrears": "No",
				"in_arrears_on_date": "nan"
			},
			"payment": {
				"state": "Paid"
			},
			"price_grade": "4",
			"currency": "EUR",
			"face_value": {
				"amount": "100350.0",
				"amount_gbp": "70385.49"
			},
			"outstanding_principal": {
				"amount": "0.0",
				"amount_gbp": "0.0"
			},
			"crystalised_loss": {
				"amount": "nan",
				"date": "nan"
			},
			"gross_yield": {
				"annualised": "10.033869371614637"
			}
		}
	}
}]
