[{
	"loan": {
		"seller": {
			"id": "16111"
		},
		"trade": {
			"id": "16548",
			"type": "Standard",
			"advance": {
				"date": "2015-08-06",
				"amount": "4445.28",
				"amount_gbp": "4445.28",
				"percentage": "60.0"
			},
			"discount": {
				"percentage": "0.9",
				"on": "Advance"
			},
			"expected_payment_date": "2015-09-30 00:00:00 +0000",
			"settlement_date": "2015-09-01",
			"arrears": {
				"in_arrears": "No",
				"in_arrears_on_date": "nan"
			},
			"payment": {
				"state": "Paid"
			},
			"price_grade": "5",
			"currency": "GBP",
			"face_value": {
				"amount": "7408.8",
				"amount_gbp": "7408.8"
			},
			"outstanding_principal": {
				"amount": "0.0",
				"amount_gbp": "0.0"
			},
			"crystalised_loss": {
				"amount": "nan",
				"date": "nan"
			},
			"gross_yield": {
				"annualised": "11.350967495666751"
			}
		}
	}
}]
