[{
	"loan": {
		"seller": {
			"id": "2218"
		},
		"trade": {
			"id": "16587",
			"type": "MultiDebtor",
			"advance": {
				"date": "2015-08-07",
				"amount": "25342.54",
				"amount_gbp": "25342.54",
				"percentage": "90.0"
			},
			"discount": {
				"percentage": "0.68",
				"on": "Advance"
			},
			"expected_payment_date": "2015-09-30 00:00:00 +0000",
			"settlement_date": "2015-10-26",
			"arrears": {
				"in_arrears": "No",
				"in_arrears_on_date": "nan"
			},
			"payment": {
				"state": "Repurchased"
			},
			"price_grade": "3",
			"currency": "GBP",
			"face_value": {
				"amount": "28158.36",
				"amount_gbp": "28158.36"
			},
			"outstanding_principal": {
				"amount": "0.0",
				"amount_gbp": "0.0"
			},
			"crystalised_loss": {
				"amount": "nan",
				"date": "nan"
			},
			"gross_yield": {
				"annualised": "8.472208502515311"
			}
		}
	}
}]
