[{
	"loan": {
		"seller": {
			"id": "14125"
		},
		"trade": {
			"id": "16591",
			"type": "Standard",
			"advance": {
				"date": "2015-08-12",
				"amount": "10327.51",
				"amount_gbp": "10327.51",
				"percentage": "85.0"
			},
			"discount": {
				"percentage": "0.7",
				"on": "Advance"
			},
			"expected_payment_date": "2015-09-21 00:00:00 +0000",
			"settlement_date": "2015-09-22",
			"arrears": {
				"in_arrears": "No",
				"in_arrears_on_date": "nan"
			},
			"payment": {
				"state": "Paid"
			},
			"price_grade": "3",
			"currency": "GBP",
			"face_value": {
				"amount": "12150.0",
				"amount_gbp": "12150.0"
			},
			"outstanding_principal": {
				"amount": "0.0",
				"amount_gbp": "0.0"
			},
			"crystalised_loss": {
				"amount": "nan",
				"date": "nan"
			},
			"gross_yield": {
				"annualised": "8.731066191550553"
			}
		}
	}
}]
