[{
	"loan": {
		"seller": {
			"id": "10481"
		},
		"trade": {
			"id": "16616",
			"type": "Standard",
			"advance": {
				"date": "2015-08-10",
				"amount": "58135.79",
				"amount_gbp": "58135.79",
				"percentage": "90.0"
			},
			"discount": {
				"percentage": "0.7",
				"on": "Advance"
			},
			"expected_payment_date": "2015-10-21 00:00:00 +0000",
			"settlement_date": "2015-09-09",
			"arrears": {
				"in_arrears": "No",
				"in_arrears_on_date": "nan"
			},
			"payment": {
				"state": "Paid"
			},
			"price_grade": "3",
			"currency": "GBP",
			"face_value": {
				"amount": "64595.31",
				"amount_gbp": "64595.31"
			},
			"outstanding_principal": {
				"amount": "0.0",
				"amount_gbp": "0.0"
			},
			"crystalised_loss": {
				"amount": "nan",
				"date": "nan"
			},
			"gross_yield": {
				"annualised": "8.731066191550553"
			}
		}
	}
}]
