[{
	"loan": {
		"seller": {
			"id": "9592"
		},
		"trade": {
			"id": "16620",
			"type": "Standard",
			"advance": {
				"date": "2015-08-20",
				"amount": "17850.81",
				"amount_gbp": "11393.9981",
				"percentage": "80.0"
			},
			"discount": {
				"percentage": "0.9",
				"on": "Advance"
			},
			"expected_payment_date": "2015-10-23 00:00:00 +0000",
			"settlement_date": "2015-10-08",
			"arrears": {
				"in_arrears": "No",
				"in_arrears_on_date": "nan"
			},
			"payment": {
				"state": "Paid"
			},
			"price_grade": "5",
			"currency": "USD",
			"face_value": {
				"amount": "22313.52",
				"amount_gbp": "14242.5025"
			},
			"outstanding_principal": {
				"amount": "0.0",
				"amount_gbp": "0.0"
			},
			"crystalised_loss": {
				"amount": "nan",
				"date": "nan"
			},
			"gross_yield": {
				"annualised": "11.350967495666751"
			}
		}
	}
}]
