[{
	"loan": {
		"seller": {
			"id": "2399"
		},
		"trade": {
			"id": "16636",
			"type": "Standard",
			"advance": {
				"date": "2015-08-10",
				"amount": "8424.0",
				"amount_gbp": "8424.0",
				"percentage": "90.0"
			},
			"discount": {
				"percentage": "0.63",
				"on": "Advance"
			},
			"expected_payment_date": "2015-09-14 00:00:00 +0000",
			"settlement_date": "2015-09-04",
			"arrears": {
				"in_arrears": "No",
				"in_arrears_on_date": "nan"
			},
			"payment": {
				"state": "Paid"
			},
			"price_grade": "2",
			"currency": "GBP",
			"face_value": {
				"amount": "9360.0",
				"amount_gbp": "9360.0"
			},
			"outstanding_principal": {
				"amount": "0.0",
				"amount_gbp": "0.0"
			},
			"crystalised_loss": {
				"amount": "nan",
				"date": "nan"
			},
			"gross_yield": {
				"annualised": "7.82753380297514"
			}
		}
	}
}]
