[{
	"loan": {
		"seller": {
			"id": "10102"
		},
		"trade": {
			"id": "16641",
			"type": "Standard",
			"advance": {
				"date": "2015-08-12",
				"amount": "14946.14",
				"amount_gbp": "10684.9954",
				"percentage": "90.0"
			},
			"discount": {
				"percentage": "0.8",
				"on": "Advance"
			},
			"expected_payment_date": "2015-09-24 00:00:00 +0000",
			"settlement_date": "2015-08-12",
			"arrears": {
				"in_arrears": "No",
				"in_arrears_on_date": "nan"
			},
			"payment": {
				"state": "Paid"
			},
			"price_grade": "4",
			"currency": "EUR",
			"face_value": {
				"amount": "16606.83",
				"amount_gbp": "11872.2227"
			},
			"outstanding_principal": {
				"amount": "0.0",
				"amount_gbp": "0.0"
			},
			"crystalised_loss": {
				"amount": "nan",
				"date": "nan"
			},
			"gross_yield": {
				"annualised": "10.033869371614637"
			}
		}
	}
}]
