[{
	"loan": {
		"seller": {
			"id": "4711"
		},
		"trade": {
			"id": "16657",
			"type": "Standard",
			"advance": {
				"date": "2015-08-11",
				"amount": "25061.0",
				"amount_gbp": "25061.0",
				"percentage": "90.0"
			},
			"discount": {
				"percentage": "0.55",
				"on": "Advance"
			},
			"expected_payment_date": "2015-10-05 00:00:00 +0000",
			"settlement_date": "2015-10-05",
			"arrears": {
				"in_arrears": "No",
				"in_arrears_on_date": "nan"
			},
			"payment": {
				"state": "Paid"
			},
			"price_grade": "1",
			"currency": "GBP",
			"face_value": {
				"amount": "27845.54",
				"amount_gbp": "27845.54"
			},
			"outstanding_principal": {
				"amount": "0.0",
				"amount_gbp": "0.0"
			},
			"crystalised_loss": {
				"amount": "nan",
				"date": "nan"
			},
			"gross_yield": {
				"annualised": "6.803355946764843"
			}
		}
	}
}]
