[{
	"loan": {
		"seller": {
			"id": "350"
		},
		"trade": {
			"id": "16661",
			"type": "Standard",
			"advance": {
				"date": "2015-08-13",
				"amount": "13662.92",
				"amount_gbp": "9708.8709",
				"percentage": "85.0"
			},
			"discount": {
				"percentage": "0.9",
				"on": "Advance"
			},
			"expected_payment_date": "2015-09-12 00:00:00 +0000",
			"settlement_date": "2015-09-14",
			"arrears": {
				"in_arrears": "No",
				"in_arrears_on_date": "nan"
			},
			"payment": {
				"state": "Paid"
			},
			"price_grade": "5",
			"currency": "EUR",
			"face_value": {
				"amount": "16074.0",
				"amount_gbp": "11422.1844"
			},
			"outstanding_principal": {
				"amount": "0.0",
				"amount_gbp": "0.0"
			},
			"crystalised_loss": {
				"amount": "nan",
				"date": "nan"
			},
			"gross_yield": {
				"annualised": "11.350967495666751"
			}
		}
	}
}]
