[{
	"loan": {
		"seller": {
			"id": "2472"
		},
		"trade": {
			"id": "16682",
			"type": "Standard",
			"advance": {
				"date": "2015-08-13",
				"amount": "12272.19",
				"amount_gbp": "12272.19",
				"percentage": "80.0"
			},
			"discount": {
				"percentage": "0.63",
				"on": "Advance"
			},
			"expected_payment_date": "2015-09-04 00:00:00 +0000",
			"settlement_date": "2015-09-03",
			"arrears": {
				"in_arrears": "No",
				"in_arrears_on_date": "nan"
			},
			"payment": {
				"state": "Paid"
			},
			"price_grade": "2",
			"currency": "GBP",
			"face_value": {
				"amount": "15340.26",
				"amount_gbp": "15340.26"
			},
			"outstanding_principal": {
				"amount": "0.0",
				"amount_gbp": "0.0"
			},
			"crystalised_loss": {
				"amount": "nan",
				"date": "nan"
			},
			"gross_yield": {
				"annualised": "7.82753380297514"
			}
		}
	}
}]
