[{
	"loan": {
		"seller": {
			"id": "13687"
		},
		"trade": {
			"id": "16698",
			"type": "Standard",
			"advance": {
				"date": "2015-08-27",
				"amount": "91184.89",
				"amount_gbp": "66674.3915",
				"percentage": "69.75"
			},
			"discount": {
				"percentage": "0.63",
				"on": "Advance"
			},
			"expected_payment_date": "2015-09-30 00:00:00 +0000",
			"settlement_date": "2015-09-23",
			"arrears": {
				"in_arrears": "No",
				"in_arrears_on_date": "nan"
			},
			"payment": {
				"state": "Paid"
			},
			"price_grade": "2",
			"currency": "EUR",
			"face_value": {
				"amount": "130731.0",
				"amount_gbp": "95590.5072"
			},
			"outstanding_principal": {
				"amount": "0.0",
				"amount_gbp": "0.0"
			},
			"crystalised_loss": {
				"amount": "nan",
				"date": "nan"
			},
			"gross_yield": {
				"annualised": "7.82753380297514"
			}
		}
	}
}]
