[{
	"loan": {
		"seller": {
			"id": "10737"
		},
		"trade": {
			"id": "16704",
			"type": "Standard",
			"advance": {
				"date": "2015-08-13",
				"amount": "7200.0",
				"amount_gbp": "7200.0",
				"percentage": "80.0"
			},
			"discount": {
				"percentage": "1.0",
				"on": "Advance"
			},
			"expected_payment_date": "2015-09-11 00:00:00 +0000",
			"settlement_date": "nan",
			"arrears": {
				"in_arrears": "Yes",
				"in_arrears_on_date": "2015-10-23"
			},
			"payment": {
				"state": "Repurchase Demanded"
			},
			"price_grade": "6",
			"currency": "GBP",
			"face_value": {
				"amount": "9000.0",
				"amount_gbp": "9000.0"
			},
			"outstanding_principal": {
				"amount": "6518.67",
				"amount_gbp": "6518.67"
			},
			"crystalised_loss": {
				"amount": "Yes",
				"date": "2017-12-29"
			},
			"gross_yield": {
				"annualised": "12.682503013196976"
			}
		}
	}
}]
