[{
	"loan": {
		"seller": {
			"id": "10121"
		},
		"trade": {
			"id": "16712",
			"type": "Standard",
			"advance": {
				"date": "2015-08-13",
				"amount": "23920.47",
				"amount_gbp": "23920.47",
				"percentage": "90.0"
			},
			"discount": {
				"percentage": "0.7",
				"on": "Advance"
			},
			"expected_payment_date": "2015-09-12 00:00:00 +0000",
			"settlement_date": "2015-10-16",
			"arrears": {
				"in_arrears": "No",
				"in_arrears_on_date": "nan"
			},
			"payment": {
				"state": "Repurchased"
			},
			"price_grade": "3",
			"currency": "GBP",
			"face_value": {
				"amount": "26578.28",
				"amount_gbp": "26578.28"
			},
			"outstanding_principal": {
				"amount": "0.0",
				"amount_gbp": "0.0"
			},
			"crystalised_loss": {
				"amount": "nan",
				"date": "nan"
			},
			"gross_yield": {
				"annualised": "8.731066191550553"
			}
		}
	}
}]
