[{
	"loan": {
		"seller": {
			"id": "8716"
		},
		"trade": {
			"id": "16724",
			"type": "Standard",
			"advance": {
				"date": "2015-08-13",
				"amount": "50274.0",
				"amount_gbp": "50274.0",
				"percentage": "90.0"
			},
			"discount": {
				"percentage": "0.63",
				"on": "Advance"
			},
			"expected_payment_date": "2015-09-18 00:00:00 +0000",
			"settlement_date": "2015-09-23",
			"arrears": {
				"in_arrears": "No",
				"in_arrears_on_date": "nan"
			},
			"payment": {
				"state": "Paid"
			},
			"price_grade": "2",
			"currency": "GBP",
			"face_value": {
				"amount": "55860.0",
				"amount_gbp": "55860.0"
			},
			"outstanding_principal": {
				"amount": "0.0",
				"amount_gbp": "0.0"
			},
			"crystalised_loss": {
				"amount": "nan",
				"date": "nan"
			},
			"gross_yield": {
				"annualised": "7.82753380297514"
			}
		}
	}
}]
