[{
	"loan": {
		"seller": {
			"id": "15761"
		},
		"trade": {
			"id": "16860",
			"type": "Standard",
			"advance": {
				"date": "2015-08-19",
				"amount": "9796.81",
				"amount_gbp": "9796.81",
				"percentage": "50.0"
			},
			"discount": {
				"percentage": "0.63",
				"on": "Advance"
			},
			"expected_payment_date": "2015-09-29 00:00:00 +0000",
			"settlement_date": "2015-09-14",
			"arrears": {
				"in_arrears": "No",
				"in_arrears_on_date": "nan"
			},
			"payment": {
				"state": "Paid"
			},
			"price_grade": "2",
			"currency": "GBP",
			"face_value": {
				"amount": "19593.6",
				"amount_gbp": "19593.6"
			},
			"outstanding_principal": {
				"amount": "0.0",
				"amount_gbp": "0.0"
			},
			"crystalised_loss": {
				"amount": "nan",
				"date": "nan"
			},
			"gross_yield": {
				"annualised": "7.82753380297514"
			}
		}
	}
}]
