[{
	"loan": {
		"seller": {
			"id": "10596"
		},
		"trade": {
			"id": "16925",
			"type": "Standard",
			"advance": {
				"date": "2015-08-26",
				"amount": "17059.57",
				"amount_gbp": "17059.57",
				"percentage": "80.0"
			},
			"discount": {
				"percentage": "0.63",
				"on": "Advance"
			},
			"expected_payment_date": "2015-09-30 00:00:00 +0000",
			"settlement_date": "2015-10-05",
			"arrears": {
				"in_arrears": "No",
				"in_arrears_on_date": "nan"
			},
			"payment": {
				"state": "Paid"
			},
			"price_grade": "2",
			"currency": "GBP",
			"face_value": {
				"amount": "21324.45",
				"amount_gbp": "21324.45"
			},
			"outstanding_principal": {
				"amount": "0.0",
				"amount_gbp": "0.0"
			},
			"crystalised_loss": {
				"amount": "nan",
				"date": "nan"
			},
			"gross_yield": {
				"annualised": "7.82753380297514"
			}
		}
	}
}]
