[{
	"loan": {
		"seller": {
			"id": "13267"
		},
		"trade": {
			"id": "17050",
			"type": "MultiDebtor",
			"advance": {
				"date": "2015-08-25",
				"amount": "78470.0",
				"amount_gbp": "78470.0",
				"percentage": "85.0"
			},
			"discount": {
				"percentage": "0.9",
				"on": "Advance"
			},
			"expected_payment_date": "2015-12-11 00:00:00 +0000",
			"settlement_date": "2015-11-20",
			"arrears": {
				"in_arrears": "No",
				"in_arrears_on_date": "nan"
			},
			"payment": {
				"state": "Paid"
			},
			"price_grade": "5",
			"currency": "GBP",
			"face_value": {
				"amount": "92317.65",
				"amount_gbp": "92317.65"
			},
			"outstanding_principal": {
				"amount": "0.0",
				"amount_gbp": "0.0"
			},
			"crystalised_loss": {
				"amount": "nan",
				"date": "nan"
			},
			"gross_yield": {
				"annualised": "11.350967495666751"
			}
		}
	}
}]
