[{
	"loan": {
		"seller": {
			"id": "10443"
		},
		"trade": {
			"id": "17070",
			"type": "Standard",
			"advance": {
				"date": "2015-09-02",
				"amount": "28098.01",
				"amount_gbp": "28098.01",
				"percentage": "80.0"
			},
			"discount": {
				"percentage": "0.8",
				"on": "Advance"
			},
			"expected_payment_date": "2015-11-06 00:00:00 +0000",
			"settlement_date": "2015-10-30",
			"arrears": {
				"in_arrears": "No",
				"in_arrears_on_date": "nan"
			},
			"payment": {
				"state": "Paid"
			},
			"price_grade": "4",
			"currency": "GBP",
			"face_value": {
				"amount": "35122.56",
				"amount_gbp": "35122.56"
			},
			"outstanding_principal": {
				"amount": "0.0",
				"amount_gbp": "0.0"
			},
			"crystalised_loss": {
				"amount": "nan",
				"date": "nan"
			},
			"gross_yield": {
				"annualised": "10.033869371614637"
			}
		}
	}
}]
