[{
	"loan": {
		"seller": {
			"id": "2610"
		},
		"trade": {
			"id": "17089",
			"type": "Standard",
			"advance": {
				"date": "2015-08-26",
				"amount": "56282.98",
				"amount_gbp": "56282.98",
				"percentage": "85.0"
			},
			"discount": {
				"percentage": "1.0",
				"on": "Advance"
			},
			"expected_payment_date": "2015-11-18 00:00:00 +0000",
			"settlement_date": "2015-11-02",
			"arrears": {
				"in_arrears": "No",
				"in_arrears_on_date": "nan"
			},
			"payment": {
				"state": "Paid"
			},
			"price_grade": "6",
			"currency": "GBP",
			"face_value": {
				"amount": "66215.24",
				"amount_gbp": "66215.24"
			},
			"outstanding_principal": {
				"amount": "0.0",
				"amount_gbp": "0.0"
			},
			"crystalised_loss": {
				"amount": "nan",
				"date": "nan"
			},
			"gross_yield": {
				"annualised": "12.682503013196976"
			}
		}
	}
}]
