[{
	"loan": {
		"seller": {
			"id": "17055"
		},
		"trade": {
			"id": "17103",
			"type": "Standard",
			"advance": {
				"date": "2015-08-26",
				"amount": "6569.2",
				"amount_gbp": "6569.2",
				"percentage": "55.0"
			},
			"discount": {
				"percentage": "0.9",
				"on": "Advance"
			},
			"expected_payment_date": "2015-10-09 00:00:00 +0000",
			"settlement_date": "2015-09-28",
			"arrears": {
				"in_arrears": "No",
				"in_arrears_on_date": "nan"
			},
			"payment": {
				"state": "Paid"
			},
			"price_grade": "5",
			"currency": "GBP",
			"face_value": {
				"amount": "11944.0",
				"amount_gbp": "11944.0"
			},
			"outstanding_principal": {
				"amount": "0.0",
				"amount_gbp": "0.0"
			},
			"crystalised_loss": {
				"amount": "nan",
				"date": "nan"
			},
			"gross_yield": {
				"annualised": "11.350967495666751"
			}
		}
	}
}]
