[{
	"loan": {
		"seller": {
			"id": "173"
		},
		"trade": {
			"id": "17139",
			"type": "Standard",
			"advance": {
				"date": "2015-08-26",
				"amount": "27648.11",
				"amount_gbp": "17735.3338",
				"percentage": "80.0"
			},
			"discount": {
				"percentage": "0.8",
				"on": "Advance"
			},
			"expected_payment_date": "2015-09-30 00:00:00 +0000",
			"settlement_date": "2015-09-23",
			"arrears": {
				"in_arrears": "No",
				"in_arrears_on_date": "nan"
			},
			"payment": {
				"state": "Repurchased"
			},
			"price_grade": "4",
			"currency": "USD",
			"face_value": {
				"amount": "34560.14",
				"amount_gbp": "22169.1689"
			},
			"outstanding_principal": {
				"amount": "0.0",
				"amount_gbp": "0.0"
			},
			"crystalised_loss": {
				"amount": "nan",
				"date": "nan"
			},
			"gross_yield": {
				"annualised": "10.033869371614637"
			}
		}
	}
}]
