[{
	"loan": {
		"seller": {
			"id": "15448"
		},
		"trade": {
			"id": "17154",
			"type": "Standard",
			"advance": {
				"date": "2015-08-28",
				"amount": "61747.19",
				"amount_gbp": "45205.1177",
				"percentage": "80.0"
			},
			"discount": {
				"percentage": "1.0",
				"on": "Advance"
			},
			"expected_payment_date": "2015-11-02 00:00:00 +0000",
			"settlement_date": "2015-10-30",
			"arrears": {
				"in_arrears": "No",
				"in_arrears_on_date": "nan"
			},
			"payment": {
				"state": "Paid"
			},
			"price_grade": "6",
			"currency": "EUR",
			"face_value": {
				"amount": "77184.0",
				"amount_gbp": "56506.4064"
			},
			"outstanding_principal": {
				"amount": "0.0",
				"amount_gbp": "0.0"
			},
			"crystalised_loss": {
				"amount": "nan",
				"date": "nan"
			},
			"gross_yield": {
				"annualised": "12.682503013196976"
			}
		}
	}
}]
