[{
	"loan": {
		"seller": {
			"id": "165"
		},
		"trade": {
			"id": "17174",
			"type": "Standard",
			"advance": {
				"date": "2015-09-07",
				"amount": "79900.0",
				"amount_gbp": "52351.4893",
				"percentage": "85.0"
			},
			"discount": {
				"percentage": "1.2",
				"on": "Advance"
			},
			"expected_payment_date": "2015-10-09 00:00:00 +0000",
			"settlement_date": "2015-10-26",
			"arrears": {
				"in_arrears": "No",
				"in_arrears_on_date": "nan"
			},
			"payment": {
				"state": "Paid"
			},
			"price_grade": "7",
			"currency": "USD",
			"face_value": {
				"amount": "94000.0",
				"amount_gbp": "61589.9874"
			},
			"outstanding_principal": {
				"amount": "0.0",
				"amount_gbp": "0.0"
			},
			"crystalised_loss": {
				"amount": "nan",
				"date": "nan"
			},
			"gross_yield": {
				"annualised": "15.389462418258605"
			}
		}
	}
}]
