[{
	"loan": {
		"seller": {
			"id": "350"
		},
		"trade": {
			"id": "17230",
			"type": "Standard",
			"advance": {
				"date": "2015-09-01",
				"amount": "63750.0",
				"amount_gbp": "41577.0736",
				"percentage": "85.0"
			},
			"discount": {
				"percentage": "0.9",
				"on": "Advance"
			},
			"expected_payment_date": "2015-10-08 00:00:00 +0000",
			"settlement_date": "2015-10-14",
			"arrears": {
				"in_arrears": "No",
				"in_arrears_on_date": "nan"
			},
			"payment": {
				"state": "Paid"
			},
			"price_grade": "5",
			"currency": "USD",
			"face_value": {
				"amount": "75000.0",
				"amount_gbp": "48914.2043"
			},
			"outstanding_principal": {
				"amount": "0.0",
				"amount_gbp": "0.0"
			},
			"crystalised_loss": {
				"amount": "nan",
				"date": "nan"
			},
			"gross_yield": {
				"annualised": "11.350967495666751"
			}
		}
	}
}]
