[{
	"loan": {
		"seller": {
			"id": "9190"
		},
		"trade": {
			"id": "17292",
			"type": "Standard",
			"advance": {
				"date": "2015-09-10",
				"amount": "50000.0",
				"amount_gbp": "32476.531000000003",
				"percentage": "50.0"
			},
			"discount": {
				"percentage": "0.9",
				"on": "Advance"
			},
			"expected_payment_date": "2015-10-07 00:00:00 +0000",
			"settlement_date": "2015-10-01",
			"arrears": {
				"in_arrears": "No",
				"in_arrears_on_date": "nan"
			},
			"payment": {
				"state": "Paid"
			},
			"price_grade": "6",
			"currency": "USD",
			"face_value": {
				"amount": "100000.0",
				"amount_gbp": "64953.0621"
			},
			"outstanding_principal": {
				"amount": "0.0",
				"amount_gbp": "0.0"
			},
			"crystalised_loss": {
				"amount": "nan",
				"date": "nan"
			},
			"gross_yield": {
				"annualised": "11.350967495666751"
			}
		}
	}
}]
