[{
	"loan": {
		"seller": {
			"id": "13328"
		},
		"trade": {
			"id": "17380",
			"type": "Standard",
			"advance": {
				"date": "2015-09-04",
				"amount": "19953.7",
				"amount_gbp": "19953.7",
				"percentage": "85.0"
			},
			"discount": {
				"percentage": "1.4",
				"on": "Advance"
			},
			"expected_payment_date": "2015-09-30 00:00:00 +0000",
			"settlement_date": "2015-09-16",
			"arrears": {
				"in_arrears": "No",
				"in_arrears_on_date": "nan"
			},
			"payment": {
				"state": "Paid"
			},
			"price_grade": "8",
			"currency": "GBP",
			"face_value": {
				"amount": "23474.99",
				"amount_gbp": "23474.99"
			},
			"outstanding_principal": {
				"amount": "0.0",
				"amount_gbp": "0.0"
			},
			"crystalised_loss": {
				"amount": "nan",
				"date": "nan"
			},
			"gross_yield": {
				"annualised": "18.1559128918122"
			}
		}
	}
}]
