[{
	"loan": {
		"seller": {
			"id": "16803"
		},
		"trade": {
			"id": "17396",
			"type": "Standard",
			"advance": {
				"date": "2015-09-04",
				"amount": "88831.72",
				"amount_gbp": "88831.72",
				"percentage": "80.0"
			},
			"discount": {
				"percentage": "0.9",
				"on": "Advance"
			},
			"expected_payment_date": "2015-10-13 00:00:00 +0000",
			"settlement_date": "2015-10-06",
			"arrears": {
				"in_arrears": "No",
				"in_arrears_on_date": "nan"
			},
			"payment": {
				"state": "Paid"
			},
			"price_grade": "5",
			"currency": "GBP",
			"face_value": {
				"amount": "111039.65",
				"amount_gbp": "111039.65"
			},
			"outstanding_principal": {
				"amount": "0.0",
				"amount_gbp": "0.0"
			},
			"crystalised_loss": {
				"amount": "nan",
				"date": "nan"
			},
			"gross_yield": {
				"annualised": "11.350967495666751"
			}
		}
	}
}]
