[{
	"loan": {
		"seller": {
			"id": "165"
		},
		"trade": {
			"id": "17416",
			"type": "Standard",
			"advance": {
				"date": "2015-09-04",
				"amount": "17000.0",
				"amount_gbp": "11164.9308",
				"percentage": "85.0"
			},
			"discount": {
				"percentage": "0.9",
				"on": "Advance"
			},
			"expected_payment_date": "2015-10-16 00:00:00 +0000",
			"settlement_date": "2015-11-20",
			"arrears": {
				"in_arrears": "No",
				"in_arrears_on_date": "nan"
			},
			"payment": {
				"state": "Paid"
			},
			"price_grade": "5",
			"currency": "USD",
			"face_value": {
				"amount": "20000.0",
				"amount_gbp": "13135.2127"
			},
			"outstanding_principal": {
				"amount": "0.0",
				"amount_gbp": "0.0"
			},
			"crystalised_loss": {
				"amount": "nan",
				"date": "nan"
			},
			"gross_yield": {
				"annualised": "11.350967495666751"
			}
		}
	}
}]
