[{
	"loan": {
		"seller": {
			"id": "2353"
		},
		"trade": {
			"id": "17436",
			"type": "MultiDebtor",
			"advance": {
				"date": "2015-09-07",
				"amount": "9942.99",
				"amount_gbp": "9942.99",
				"percentage": "85.0"
			},
			"discount": {
				"percentage": "0.63",
				"on": "Advance"
			},
			"expected_payment_date": "2015-11-06 00:00:00 +0000",
			"settlement_date": "2015-11-10",
			"arrears": {
				"in_arrears": "No",
				"in_arrears_on_date": "nan"
			},
			"payment": {
				"state": "Paid"
			},
			"price_grade": "2",
			"currency": "GBP",
			"face_value": {
				"amount": "11697.59",
				"amount_gbp": "11697.59"
			},
			"outstanding_principal": {
				"amount": "0.0",
				"amount_gbp": "0.0"
			},
			"crystalised_loss": {
				"amount": "nan",
				"date": "nan"
			},
			"gross_yield": {
				"annualised": "7.82753380297514"
			}
		}
	}
}]
