[{
	"loan": {
		"seller": {
			"id": "9123"
		},
		"trade": {
			"id": "17441",
			"type": "Standard",
			"advance": {
				"date": "2015-09-07",
				"amount": "32709.17",
				"amount_gbp": "32709.17",
				"percentage": "85.0"
			},
			"discount": {
				"percentage": "0.9",
				"on": "Advance"
			},
			"expected_payment_date": "2015-10-16 00:00:00 +0000",
			"settlement_date": "2015-10-16",
			"arrears": {
				"in_arrears": "No",
				"in_arrears_on_date": "nan"
			},
			"payment": {
				"state": "Paid"
			},
			"price_grade": "5",
			"currency": "GBP",
			"face_value": {
				"amount": "38481.38",
				"amount_gbp": "38481.38"
			},
			"outstanding_principal": {
				"amount": "0.0",
				"amount_gbp": "0.0"
			},
			"crystalised_loss": {
				"amount": "nan",
				"date": "nan"
			},
			"gross_yield": {
				"annualised": "11.350967495666751"
			}
		}
	}
}]
