[{
	"loan": {
		"seller": {
			"id": "15473"
		},
		"trade": {
			"id": "17461",
			"type": "Standard",
			"advance": {
				"date": "2015-10-20",
				"amount": "7592.21",
				"amount_gbp": "7592.21",
				"percentage": "80.0"
			},
			"discount": {
				"percentage": "0.8",
				"on": "Advance"
			},
			"expected_payment_date": "2015-10-31 00:00:00 +0000",
			"settlement_date": "2015-10-23",
			"arrears": {
				"in_arrears": "No",
				"in_arrears_on_date": "nan"
			},
			"payment": {
				"state": "Paid"
			},
			"price_grade": "4",
			"currency": "GBP",
			"face_value": {
				"amount": "9490.27",
				"amount_gbp": "9490.27"
			},
			"outstanding_principal": {
				"amount": "0.0",
				"amount_gbp": "0.0"
			},
			"crystalised_loss": {
				"amount": "nan",
				"date": "nan"
			},
			"gross_yield": {
				"annualised": "10.033869371614637"
			}
		}
	}
}]
