[{
	"loan": {
		"seller": {
			"id": "8290"
		},
		"trade": {
			"id": "17524",
			"type": "Standard",
			"advance": {
				"date": "2015-09-11",
				"amount": "30478.9",
				"amount_gbp": "22267.8843",
				"percentage": "85.0"
			},
			"discount": {
				"percentage": "1.0",
				"on": "Advance"
			},
			"expected_payment_date": "2015-11-16 00:00:00 +0000",
			"settlement_date": "2015-12-04",
			"arrears": {
				"in_arrears": "No",
				"in_arrears_on_date": "nan"
			},
			"payment": {
				"state": "Paid"
			},
			"price_grade": "6",
			"currency": "EUR",
			"face_value": {
				"amount": "35857.5",
				"amount_gbp": "26197.4895"
			},
			"outstanding_principal": {
				"amount": "0.0",
				"amount_gbp": "0.0"
			},
			"crystalised_loss": {
				"amount": "nan",
				"date": "nan"
			},
			"gross_yield": {
				"annualised": "12.682503013196976"
			}
		}
	}
}]
