[{
	"loan": {
		"seller": {
			"id": "16666"
		},
		"trade": {
			"id": "17532",
			"type": "Standard",
			"advance": {
				"date": "2015-09-14",
				"amount": "10833.28",
				"amount_gbp": "10833.28",
				"percentage": "80.0"
			},
			"discount": {
				"percentage": "0.9",
				"on": "Advance"
			},
			"expected_payment_date": "2015-09-28 00:00:00 +0000",
			"settlement_date": "2015-09-25",
			"arrears": {
				"in_arrears": "No",
				"in_arrears_on_date": "nan"
			},
			"payment": {
				"state": "Paid"
			},
			"price_grade": "5",
			"currency": "GBP",
			"face_value": {
				"amount": "13541.58",
				"amount_gbp": "13541.58"
			},
			"outstanding_principal": {
				"amount": "0.0",
				"amount_gbp": "0.0"
			},
			"crystalised_loss": {
				"amount": "nan",
				"date": "nan"
			},
			"gross_yield": {
				"annualised": "11.350967495666751"
			}
		}
	}
}]
