[{
	"loan": {
		"seller": {
			"id": "15437"
		},
		"trade": {
			"id": "17549",
			"type": "Standard",
			"advance": {
				"date": "2015-09-11",
				"amount": "7119.0",
				"amount_gbp": "7119.0",
				"percentage": "70.0"
			},
			"discount": {
				"percentage": "1.2",
				"on": "Advance"
			},
			"expected_payment_date": "2015-11-27 00:00:00 +0000",
			"settlement_date": "2015-11-27",
			"arrears": {
				"in_arrears": "No",
				"in_arrears_on_date": "nan"
			},
			"payment": {
				"state": "Paid"
			},
			"price_grade": "7",
			"currency": "GBP",
			"face_value": {
				"amount": "10170.0",
				"amount_gbp": "10170.0"
			},
			"outstanding_principal": {
				"amount": "0.0",
				"amount_gbp": "0.0"
			},
			"crystalised_loss": {
				"amount": "nan",
				"date": "nan"
			},
			"gross_yield": {
				"annualised": "15.389462418258605"
			}
		}
	}
}]
