[{
	"loan": {
		"seller": {
			"id": "9801"
		},
		"trade": {
			"id": "17545",
			"type": "Standard",
			"advance": {
				"date": "2015-09-11",
				"amount": "13351.12",
				"amount_gbp": "13351.12",
				"percentage": "85.0"
			},
			"discount": {
				"percentage": "0.8",
				"on": "Advance"
			},
			"expected_payment_date": "2015-10-30 00:00:00 +0000",
			"settlement_date": "2015-11-03",
			"arrears": {
				"in_arrears": "No",
				"in_arrears_on_date": "nan"
			},
			"payment": {
				"state": "Paid"
			},
			"price_grade": "4",
			"currency": "GBP",
			"face_value": {
				"amount": "15707.2",
				"amount_gbp": "15707.2"
			},
			"outstanding_principal": {
				"amount": "0.0",
				"amount_gbp": "0.0"
			},
			"crystalised_loss": {
				"amount": "nan",
				"date": "nan"
			},
			"gross_yield": {
				"annualised": "10.033869371614637"
			}
		}
	}
}]
