[{
	"loan": {
		"seller": {
			"id": "11157"
		},
		"trade": {
			"id": "17565",
			"type": "Standard",
			"advance": {
				"date": "2015-09-14",
				"amount": "4615.52",
				"amount_gbp": "4615.52",
				"percentage": "85.0"
			},
			"discount": {
				"percentage": "0.55",
				"on": "Advance"
			},
			"expected_payment_date": "2015-10-18 00:00:00 +0000",
			"settlement_date": "2015-10-02",
			"arrears": {
				"in_arrears": "No",
				"in_arrears_on_date": "nan"
			},
			"payment": {
				"state": "Paid"
			},
			"price_grade": "1",
			"currency": "GBP",
			"face_value": {
				"amount": "5430.0",
				"amount_gbp": "5430.0"
			},
			"outstanding_principal": {
				"amount": "0.0",
				"amount_gbp": "0.0"
			},
			"crystalised_loss": {
				"amount": "nan",
				"date": "nan"
			},
			"gross_yield": {
				"annualised": "6.803355946764843"
			}
		}
	}
}]
