[{
	"loan": {
		"seller": {
			"id": "11508"
		},
		"trade": {
			"id": "17573",
			"type": "Standard",
			"advance": {
				"date": "2015-09-16",
				"amount": "4442.78",
				"amount_gbp": "4442.78",
				"percentage": "75.0"
			},
			"discount": {
				"percentage": "0.9",
				"on": "Advance"
			},
			"expected_payment_date": "2015-10-10 00:00:00 +0000",
			"settlement_date": "2015-09-24",
			"arrears": {
				"in_arrears": "No",
				"in_arrears_on_date": "nan"
			},
			"payment": {
				"state": "Paid"
			},
			"price_grade": "5",
			"currency": "GBP",
			"face_value": {
				"amount": "5923.68",
				"amount_gbp": "5923.68"
			},
			"outstanding_principal": {
				"amount": "0.0",
				"amount_gbp": "0.0"
			},
			"crystalised_loss": {
				"amount": "nan",
				"date": "nan"
			},
			"gross_yield": {
				"annualised": "11.350967495666751"
			}
		}
	}
}]
