[{
	"loan": {
		"seller": {
			"id": "13266"
		},
		"trade": {
			"id": "17586",
			"type": "Standard",
			"advance": {
				"date": "2015-09-14",
				"amount": "8241.6",
				"amount_gbp": "8241.6",
				"percentage": "85.0"
			},
			"discount": {
				"percentage": "0.9",
				"on": "Advance"
			},
			"expected_payment_date": "2015-10-15 00:00:00 +0000",
			"settlement_date": "2015-10-30",
			"arrears": {
				"in_arrears": "No",
				"in_arrears_on_date": "nan"
			},
			"payment": {
				"state": "Paid"
			},
			"price_grade": "5",
			"currency": "GBP",
			"face_value": {
				"amount": "9696.0",
				"amount_gbp": "9696.0"
			},
			"outstanding_principal": {
				"amount": "0.0",
				"amount_gbp": "0.0"
			},
			"crystalised_loss": {
				"amount": "nan",
				"date": "nan"
			},
			"gross_yield": {
				"annualised": "11.350967495666751"
			}
		}
	}
}]
