[{
	"loan": {
		"seller": {
			"id": "15531"
		},
		"trade": {
			"id": "17660",
			"type": "MultiDebtor",
			"advance": {
				"date": "2015-09-24",
				"amount": "4387.52",
				"amount_gbp": "4387.52",
				"percentage": "75.0"
			},
			"discount": {
				"percentage": "0.93",
				"on": "Advance"
			},
			"expected_payment_date": "2015-11-10 00:00:00 +0000",
			"settlement_date": "2015-10-30",
			"arrears": {
				"in_arrears": "No",
				"in_arrears_on_date": "nan"
			},
			"payment": {
				"state": "Paid"
			},
			"price_grade": "5",
			"currency": "GBP",
			"face_value": {
				"amount": "5850.0",
				"amount_gbp": "5850.0"
			},
			"outstanding_principal": {
				"amount": "0.0",
				"amount_gbp": "0.0"
			},
			"crystalised_loss": {
				"amount": "nan",
				"date": "nan"
			},
			"gross_yield": {
				"annualised": "11.74890570985816"
			}
		}
	}
}]
