[{
	"loan": {
		"seller": {
			"id": "17151"
		},
		"trade": {
			"id": "17676",
			"type": "Standard",
			"advance": {
				"date": "2015-09-18",
				"amount": "19494.0",
				"amount_gbp": "19494.0",
				"percentage": "80.0"
			},
			"discount": {
				"percentage": "1.2",
				"on": "Advance"
			},
			"expected_payment_date": "2015-10-07 00:00:00 +0000",
			"settlement_date": "2015-09-23",
			"arrears": {
				"in_arrears": "No",
				"in_arrears_on_date": "nan"
			},
			"payment": {
				"state": "Paid"
			},
			"price_grade": "7",
			"currency": "GBP",
			"face_value": {
				"amount": "24367.5",
				"amount_gbp": "24367.5"
			},
			"outstanding_principal": {
				"amount": "0.0",
				"amount_gbp": "0.0"
			},
			"crystalised_loss": {
				"amount": "nan",
				"date": "nan"
			},
			"gross_yield": {
				"annualised": "15.389462418258605"
			}
		}
	}
}]
