[{
	"loan": {
		"seller": {
			"id": "2353"
		},
		"trade": {
			"id": "17748",
			"type": "MultiDebtor",
			"advance": {
				"date": "2015-09-18",
				"amount": "8261.88",
				"amount_gbp": "8261.88",
				"percentage": "85.0"
			},
			"discount": {
				"percentage": "0.63",
				"on": "Advance"
			},
			"expected_payment_date": "2015-11-30 00:00:00 +0000",
			"settlement_date": "2015-11-26",
			"arrears": {
				"in_arrears": "No",
				"in_arrears_on_date": "nan"
			},
			"payment": {
				"state": "Repurchased"
			},
			"price_grade": "2",
			"currency": "GBP",
			"face_value": {
				"amount": "9719.83",
				"amount_gbp": "9719.83"
			},
			"outstanding_principal": {
				"amount": "0.0",
				"amount_gbp": "0.0"
			},
			"crystalised_loss": {
				"amount": "nan",
				"date": "nan"
			},
			"gross_yield": {
				"annualised": "7.82753380297514"
			}
		}
	}
}]
