[{
	"loan": {
		"seller": {
			"id": "12732"
		},
		"trade": {
			"id": "17768",
			"type": "Standard",
			"advance": {
				"date": "2015-09-21",
				"amount": "23965.53",
				"amount_gbp": "23965.53",
				"percentage": "85.0"
			},
			"discount": {
				"percentage": "1.2",
				"on": "Advance"
			},
			"expected_payment_date": "2015-11-30 00:00:00 +0000",
			"settlement_date": "2015-12-03",
			"arrears": {
				"in_arrears": "No",
				"in_arrears_on_date": "nan"
			},
			"payment": {
				"state": "Paid"
			},
			"price_grade": "7",
			"currency": "GBP",
			"face_value": {
				"amount": "28194.76",
				"amount_gbp": "28194.76"
			},
			"outstanding_principal": {
				"amount": "0.0",
				"amount_gbp": "0.0"
			},
			"crystalised_loss": {
				"amount": "nan",
				"date": "nan"
			},
			"gross_yield": {
				"annualised": "15.389462418258605"
			}
		}
	}
}]
