[{
	"loan": {
		"seller": {
			"id": "173"
		},
		"trade": {
			"id": "17772",
			"type": "Standard",
			"advance": {
				"date": "2015-09-23",
				"amount": "25860.0",
				"amount_gbp": "18870.042",
				"percentage": "80.0"
			},
			"discount": {
				"percentage": "0.8",
				"on": "Advance"
			},
			"expected_payment_date": "2015-11-24 00:00:00 +0000",
			"settlement_date": "2015-11-26",
			"arrears": {
				"in_arrears": "No",
				"in_arrears_on_date": "nan"
			},
			"payment": {
				"state": "Paid"
			},
			"price_grade": "4",
			"currency": "EUR",
			"face_value": {
				"amount": "32325.0",
				"amount_gbp": "23587.5525"
			},
			"outstanding_principal": {
				"amount": "0.0",
				"amount_gbp": "0.0"
			},
			"crystalised_loss": {
				"amount": "nan",
				"date": "nan"
			},
			"gross_yield": {
				"annualised": "10.033869371614637"
			}
		}
	}
}]
