[{
	"loan": {
		"seller": {
			"id": "1888"
		},
		"trade": {
			"id": "17787",
			"type": "Standard",
			"advance": {
				"date": "2015-09-23",
				"amount": "47296.32",
				"amount_gbp": "47296.32",
				"percentage": "80.0"
			},
			"discount": {
				"percentage": "0.65",
				"on": "Advance"
			},
			"expected_payment_date": "2015-10-10 00:00:00 +0000",
			"settlement_date": "2015-09-24",
			"arrears": {
				"in_arrears": "No",
				"in_arrears_on_date": "nan"
			},
			"payment": {
				"state": "Paid"
			},
			"price_grade": "3",
			"currency": "GBP",
			"face_value": {
				"amount": "59120.4",
				"amount_gbp": "59120.4"
			},
			"outstanding_principal": {
				"amount": "0.0",
				"amount_gbp": "0.0"
			},
			"crystalised_loss": {
				"amount": "nan",
				"date": "nan"
			},
			"gross_yield": {
				"annualised": "8.084981036551554"
			}
		}
	}
}]
