[{
	"loan": {
		"seller": {
			"id": "7924"
		},
		"trade": {
			"id": "17791",
			"type": "Standard",
			"advance": {
				"date": "2015-09-23",
				"amount": "28498.4",
				"amount_gbp": "28498.4",
				"percentage": "85.0"
			},
			"discount": {
				"percentage": "0.55",
				"on": "Advance"
			},
			"expected_payment_date": "2015-11-06 00:00:00 +0000",
			"settlement_date": "2015-11-06",
			"arrears": {
				"in_arrears": "No",
				"in_arrears_on_date": "nan"
			},
			"payment": {
				"state": "Paid"
			},
			"price_grade": "1",
			"currency": "GBP",
			"face_value": {
				"amount": "33527.52",
				"amount_gbp": "33527.52"
			},
			"outstanding_principal": {
				"amount": "0.0",
				"amount_gbp": "0.0"
			},
			"crystalised_loss": {
				"amount": "nan",
				"date": "nan"
			},
			"gross_yield": {
				"annualised": "6.803355946764843"
			}
		}
	}
}]
