[{
	"loan": {
		"seller": {
			"id": "102"
		},
		"trade": {
			"id": "178",
			"type": "Standard",
			"advance": {
				"date": "2011-11-09",
				"amount": "16626.0",
				"amount_gbp": "16626.0",
				"percentage": "85.0"
			},
			"discount": {
				"percentage": "1.5",
				"on": "Facevalue"
			},
			"expected_payment_date": "2011-12-07 00:00:00 +0000",
			"settlement_date": "2011-12-01",
			"arrears": {
				"in_arrears": "No",
				"in_arrears_on_date": "nan"
			},
			"payment": {
				"state": "Paid"
			},
			"price_grade": "9",
			"currency": "GBP",
			"face_value": {
				"amount": "19560.0",
				"amount_gbp": "19560.0"
			},
			"outstanding_principal": {
				"amount": "0.0",
				"amount_gbp": "0.0"
			},
			"crystalised_loss": {
				"amount": "nan",
				"date": "nan"
			},
			"gross_yield": {
				"annualised": "23.2892411958175"
			}
		}
	}
}]
