[{
	"loan": {
		"seller": {
			"id": "13687"
		},
		"trade": {
			"id": "17800",
			"type": "Standard",
			"advance": {
				"date": "2015-09-22",
				"amount": "177120.0",
				"amount_gbp": "127933.776",
				"percentage": "80.0"
			},
			"discount": {
				"percentage": "1.0",
				"on": "Advance"
			},
			"expected_payment_date": "2015-11-01 00:00:00 +0000",
			"settlement_date": "2015-10-22",
			"arrears": {
				"in_arrears": "No",
				"in_arrears_on_date": "nan"
			},
			"payment": {
				"state": "Paid"
			},
			"price_grade": "6",
			"currency": "EUR",
			"face_value": {
				"amount": "221400.0",
				"amount_gbp": "159917.22"
			},
			"outstanding_principal": {
				"amount": "0.0",
				"amount_gbp": "0.0"
			},
			"crystalised_loss": {
				"amount": "nan",
				"date": "nan"
			},
			"gross_yield": {
				"annualised": "12.682503013196976"
			}
		}
	}
}]
