[{
	"loan": {
		"seller": {
			"id": "10202"
		},
		"trade": {
			"id": "17816",
			"type": "Standard",
			"advance": {
				"date": "2015-09-23",
				"amount": "52141.02",
				"amount_gbp": "38047.3022",
				"percentage": "75.0"
			},
			"discount": {
				"percentage": "0.9",
				"on": "Advance"
			},
			"expected_payment_date": "2015-10-22 00:00:00 +0000",
			"settlement_date": "2015-10-06",
			"arrears": {
				"in_arrears": "No",
				"in_arrears_on_date": "nan"
			},
			"payment": {
				"state": "Paid"
			},
			"price_grade": "5",
			"currency": "EUR",
			"face_value": {
				"amount": "69521.38",
				"amount_gbp": "50729.7509"
			},
			"outstanding_principal": {
				"amount": "0.0",
				"amount_gbp": "0.0"
			},
			"crystalised_loss": {
				"amount": "nan",
				"date": "nan"
			},
			"gross_yield": {
				"annualised": "11.350967495666751"
			}
		}
	}
}]
