[{
	"loan": {
		"seller": {
			"id": "17151"
		},
		"trade": {
			"id": "17857",
			"type": "MultiDebtor",
			"advance": {
				"date": "2015-10-01",
				"amount": "9711.63",
				"amount_gbp": "9711.63",
				"percentage": "85.0"
			},
			"discount": {
				"percentage": "0.62",
				"on": "Advance"
			},
			"expected_payment_date": "2015-12-04 00:00:00 +0000",
			"settlement_date": "2015-12-02",
			"arrears": {
				"in_arrears": "No",
				"in_arrears_on_date": "nan"
			},
			"payment": {
				"state": "Paid"
			},
			"price_grade": "2",
			"currency": "GBP",
			"face_value": {
				"amount": "11425.47",
				"amount_gbp": "11425.47"
			},
			"outstanding_principal": {
				"amount": "0.0",
				"amount_gbp": "0.0"
			},
			"crystalised_loss": {
				"amount": "nan",
				"date": "nan"
			},
			"gross_yield": {
				"annualised": "7.699021089716719"
			}
		}
	}
}]
