[{
	"loan": {
		"seller": {
			"id": "10147"
		},
		"trade": {
			"id": "17877",
			"type": "Standard",
			"advance": {
				"date": "2015-09-24",
				"amount": "8077.2",
				"amount_gbp": "8077.2",
				"percentage": "90.0"
			},
			"discount": {
				"percentage": "0.8",
				"on": "Advance"
			},
			"expected_payment_date": "2015-10-14 00:00:00 +0000",
			"settlement_date": "2015-10-12",
			"arrears": {
				"in_arrears": "No",
				"in_arrears_on_date": "nan"
			},
			"payment": {
				"state": "Paid"
			},
			"price_grade": "4",
			"currency": "GBP",
			"face_value": {
				"amount": "8974.66",
				"amount_gbp": "8974.66"
			},
			"outstanding_principal": {
				"amount": "0.0",
				"amount_gbp": "0.0"
			},
			"crystalised_loss": {
				"amount": "nan",
				"date": "nan"
			},
			"gross_yield": {
				"annualised": "10.033869371614637"
			}
		}
	}
}]
