[{
	"loan": {
		"seller": {
			"id": "17983"
		},
		"trade": {
			"id": "17898",
			"type": "Standard",
			"advance": {
				"date": "2015-11-16",
				"amount": "9723.0",
				"amount_gbp": "6399.7886",
				"percentage": "70.0"
			},
			"discount": {
				"percentage": "0.63",
				"on": "Advance"
			},
			"expected_payment_date": "2015-12-18 00:00:00 +0000",
			"settlement_date": "2016-01-08",
			"arrears": {
				"in_arrears": "No",
				"in_arrears_on_date": "nan"
			},
			"payment": {
				"state": "Repurchased"
			},
			"price_grade": "2",
			"currency": "USD",
			"face_value": {
				"amount": "13890.0",
				"amount_gbp": "9142.5552"
			},
			"outstanding_principal": {
				"amount": "0.0",
				"amount_gbp": "0.0"
			},
			"crystalised_loss": {
				"amount": "nan",
				"date": "nan"
			},
			"gross_yield": {
				"annualised": "7.82753380297514"
			}
		}
	}
}]
