[{
	"loan": {
		"seller": {
			"id": "173"
		},
		"trade": {
			"id": "17912",
			"type": "Standard",
			"advance": {
				"date": "2015-09-25",
				"amount": "18150.4",
				"amount_gbp": "11958.6574",
				"percentage": "80.0"
			},
			"discount": {
				"percentage": "0.8",
				"on": "Advance"
			},
			"expected_payment_date": "2015-10-30 00:00:00 +0000",
			"settlement_date": "2015-11-03",
			"arrears": {
				"in_arrears": "No",
				"in_arrears_on_date": "nan"
			},
			"payment": {
				"state": "Paid"
			},
			"price_grade": "4",
			"currency": "USD",
			"face_value": {
				"amount": "22688.0",
				"amount_gbp": "14948.3217"
			},
			"outstanding_principal": {
				"amount": "0.0",
				"amount_gbp": "0.0"
			},
			"crystalised_loss": {
				"amount": "nan",
				"date": "nan"
			},
			"gross_yield": {
				"annualised": "10.033869371614637"
			}
		}
	}
}]
