[{
	"loan": {
		"seller": {
			"id": "10481"
		},
		"trade": {
			"id": "17965",
			"type": "Standard",
			"advance": {
				"date": "2015-09-29",
				"amount": "88140.61",
				"amount_gbp": "88140.61",
				"percentage": "90.0"
			},
			"discount": {
				"percentage": "0.7",
				"on": "Advance"
			},
			"expected_payment_date": "2015-10-22 00:00:00 +0000",
			"settlement_date": "2015-10-13",
			"arrears": {
				"in_arrears": "No",
				"in_arrears_on_date": "nan"
			},
			"payment": {
				"state": "Paid"
			},
			"price_grade": "3",
			"currency": "GBP",
			"face_value": {
				"amount": "97934.01",
				"amount_gbp": "97934.01"
			},
			"outstanding_principal": {
				"amount": "0.0",
				"amount_gbp": "0.0"
			},
			"crystalised_loss": {
				"amount": "nan",
				"date": "nan"
			},
			"gross_yield": {
				"annualised": "8.731066191550553"
			}
		}
	}
}]
