[{
	"loan": {
		"seller": {
			"id": "17159"
		},
		"trade": {
			"id": "18002",
			"type": "Standard",
			"advance": {
				"date": "2015-10-01",
				"amount": "13213.1",
				"amount_gbp": "13213.1",
				"percentage": "60.0"
			},
			"discount": {
				"percentage": "1.7",
				"on": "Advance"
			},
			"expected_payment_date": "2015-10-30 00:00:00 +0000",
			"settlement_date": "2015-10-02",
			"arrears": {
				"in_arrears": "No",
				"in_arrears_on_date": "nan"
			},
			"payment": {
				"state": "Paid"
			},
			"price_grade": "9",
			"currency": "GBP",
			"face_value": {
				"amount": "22021.8",
				"amount_gbp": "22021.8"
			},
			"outstanding_principal": {
				"amount": "0.0",
				"amount_gbp": "0.0"
			},
			"crystalised_loss": {
				"amount": "nan",
				"date": "nan"
			},
			"gross_yield": {
				"annualised": "22.419735005332388"
			}
		}
	}
}]
