[{
	"loan": {
		"seller": {
			"id": "2218"
		},
		"trade": {
			"id": "10275",
			"type": "Standard",
			"advance": {
				"date": "2014-10-14",
				"amount": "314254.45",
				"amount_gbp": "197434.0981",
				"percentage": "80.0"
			},
			"discount": {
				"percentage": "1.1",
				"on": "Facevalue"
			},
			"expected_payment_date": "2014-12-31 00:00:00 +0000",
			"settlement_date": "2014-12-04",
			"arrears": {
				"in_arrears": "No",
				"in_arrears_on_date": "nan"
			},
			"payment": {
				"state": "Paid"
			},
			"price_grade": "7",
			"currency": "USD",
			"face_value": {
				"amount": "392818.08",
				"amount_gbp": "246792.6335"
			},
			"outstanding_principal": {
				"amount": "0.0",
				"amount_gbp": "0.0"
			},
			"crystalised_loss": {
				"amount": "nan",
				"date": "nan"
			},
			"gross_yield": {
				"annualised": "17.73710637049424"
			}
		}
	}
}]
