[{
	"loan": {
		"seller": {
			"id": "8577"
		},
		"trade": {
			"id": "10367",
			"type": "Standard",
			"advance": {
				"date": "2014-10-21",
				"amount": "18631.2",
				"amount_gbp": "18631.2",
				"percentage": "80.0"
			},
			"discount": {
				"percentage": "1.1",
				"on": "Facevalue"
			},
			"expected_payment_date": "2014-11-28 00:00:00 +0000",
			"settlement_date": "2014-11-26",
			"arrears": {
				"in_arrears": "No",
				"in_arrears_on_date": "nan"
			},
			"payment": {
				"state": "Paid"
			},
			"price_grade": "7",
			"currency": "GBP",
			"face_value": {
				"amount": "23289.0",
				"amount_gbp": "23289.0"
			},
			"outstanding_principal": {
				"amount": "0.0",
				"amount_gbp": "0.0"
			},
			"crystalised_loss": {
				"amount": "nan",
				"date": "nan"
			},
			"gross_yield": {
				"annualised": "17.73710637049424"
			}
		}
	}
}]
