[{
	"loan": {
		"seller": {
			"id": "9291"
		},
		"trade": {
			"id": "10388",
			"type": "Standard",
			"advance": {
				"date": "2014-10-22",
				"amount": "19893.92",
				"amount_gbp": "19893.92",
				"percentage": "90.0"
			},
			"discount": {
				"percentage": "0.75",
				"on": "Facevalue"
			},
			"expected_payment_date": "2014-11-19 00:00:00 +0000",
			"settlement_date": "2014-11-13",
			"arrears": {
				"in_arrears": "No",
				"in_arrears_on_date": "nan"
			},
			"payment": {
				"state": "Paid"
			},
			"price_grade": "4",
			"currency": "GBP",
			"face_value": {
				"amount": "22104.36",
				"amount_gbp": "22104.36"
			},
			"outstanding_principal": {
				"amount": "0.0",
				"amount_gbp": "0.0"
			},
			"crystalised_loss": {
				"amount": "nan",
				"date": "nan"
			},
			"gross_yield": {
				"annualised": "10.427491382834429"
			}
		}
	}
}]
