[{
	"loan": {
		"seller": {
			"id": "1863"
		},
		"trade": {
			"id": "10449",
			"type": "Standard",
			"advance": {
				"date": "2014-10-29",
				"amount": "118254.27",
				"amount_gbp": "118254.27",
				"percentage": "85.0"
			},
			"discount": {
				"percentage": "0.8",
				"on": "Facevalue"
			},
			"expected_payment_date": "2014-12-05 00:00:00 +0000",
			"settlement_date": "2014-12-10",
			"arrears": {
				"in_arrears": "No",
				"in_arrears_on_date": "nan"
			},
			"payment": {
				"state": "Paid"
			},
			"price_grade": "5",
			"currency": "GBP",
			"face_value": {
				"amount": "139122.65",
				"amount_gbp": "139122.65"
			},
			"outstanding_principal": {
				"amount": "0.0",
				"amount_gbp": "0.0"
			},
			"crystalised_loss": {
				"amount": "nan",
				"date": "nan"
			},
			"gross_yield": {
				"annualised": "11.88184119551574"
			}
		}
	}
}]
