[{
	"loan": {
		"seller": {
			"id": "8290"
		},
		"trade": {
			"id": "10625",
			"type": "Standard",
			"advance": {
				"date": "2014-11-07",
				"amount": "25386.0",
				"amount_gbp": "19887.3924",
				"percentage": "80.0"
			},
			"discount": {
				"percentage": "0.9",
				"on": "Facevalue"
			},
			"expected_payment_date": "2015-01-12 00:00:00 +0000",
			"settlement_date": "2014-12-05",
			"arrears": {
				"in_arrears": "No",
				"in_arrears_on_date": "nan"
			},
			"payment": {
				"state": "Paid"
			},
			"price_grade": "6",
			"currency": "EUR",
			"face_value": {
				"amount": "31732.5",
				"amount_gbp": "24859.2405"
			},
			"outstanding_principal": {
				"amount": "0.0",
				"amount_gbp": "0.0"
			},
			"crystalised_loss": {
				"amount": "nan",
				"date": "nan"
			},
			"gross_yield": {
				"annualised": "14.299605449973862"
			}
		}
	}
}]
