[{
	"loan": {
		"seller": {
			"id": "122"
		},
		"trade": {
			"id": "1065",
			"type": "Standard",
			"advance": {
				"date": "2013-04-17",
				"amount": "10312.68",
				"amount_gbp": "10312.68",
				"percentage": "85.0"
			},
			"discount": {
				"percentage": "1.2",
				"on": "Facevalue"
			},
			"expected_payment_date": "2013-05-01 00:00:00 +0000",
			"settlement_date": "2013-05-31",
			"arrears": {
				"in_arrears": "No",
				"in_arrears_on_date": "nan"
			},
			"payment": {
				"state": "Paid"
			},
			"price_grade": "7",
			"currency": "GBP",
			"face_value": {
				"amount": "12132.58",
				"amount_gbp": "12132.58"
			},
			"outstanding_principal": {
				"amount": "0.0",
				"amount_gbp": "0.0"
			},
			"crystalised_loss": {
				"amount": "nan",
				"date": "nan"
			},
			"gross_yield": {
				"annualised": "18.29581824385631"
			}
		}
	}
}]
