[{
	"loan": {
		"seller": {
			"id": "1010"
		},
		"trade": {
			"id": "10808",
			"type": "MultiDebtor",
			"advance": {
				"date": "2014-11-24",
				"amount": "20003.8",
				"amount_gbp": "15835.008",
				"percentage": "54.0"
			},
			"discount": {
				"percentage": "1.14",
				"on": "Facevalue"
			},
			"expected_payment_date": "2015-01-09 00:00:00 +0000",
			"settlement_date": "2014-11-28",
			"arrears": {
				"in_arrears": "No",
				"in_arrears_on_date": "nan"
			},
			"payment": {
				"state": "Paid"
			},
			"price_grade": "10",
			"currency": "EUR",
			"face_value": {
				"amount": "37044.0",
				"amount_gbp": "29324.0304"
			},
			"outstanding_principal": {
				"amount": "0.0",
				"amount_gbp": "0.0"
			},
			"crystalised_loss": {
				"amount": "nan",
				"date": "nan"
			},
			"gross_yield": {
				"annualised": "28.4752035125343"
			}
		}
	}
}]
