[{
	"loan": {
		"seller": {
			"id": "10481"
		},
		"trade": {
			"id": "11171",
			"type": "Standard",
			"advance": {
				"date": "2014-12-18",
				"amount": "13721.0",
				"amount_gbp": "13721.0",
				"percentage": "80.0"
			},
			"discount": {
				"percentage": "1.1",
				"on": "Facevalue"
			},
			"expected_payment_date": "2015-01-30 00:00:00 +0000",
			"settlement_date": "2015-01-20",
			"arrears": {
				"in_arrears": "No",
				"in_arrears_on_date": "nan"
			},
			"payment": {
				"state": "Paid"
			},
			"price_grade": "7",
			"currency": "GBP",
			"face_value": {
				"amount": "17151.25",
				"amount_gbp": "17151.25"
			},
			"outstanding_principal": {
				"amount": "0.0",
				"amount_gbp": "0.0"
			},
			"crystalised_loss": {
				"amount": "nan",
				"date": "nan"
			},
			"gross_yield": {
				"annualised": "17.73710637049424"
			}
		}
	}
}]
