[{
	"loan": {
		"seller": {
			"id": "1577"
		},
		"trade": {
			"id": "11433",
			"type": "Standard",
			"advance": {
				"date": "2015-01-16",
				"amount": "194243.99",
				"amount_gbp": "194243.99",
				"percentage": "85.0"
			},
			"discount": {
				"percentage": "0.8",
				"on": "Facevalue"
			},
			"expected_payment_date": "2015-02-27 00:00:00 +0000",
			"settlement_date": "2015-03-09",
			"arrears": {
				"in_arrears": "No",
				"in_arrears_on_date": "nan"
			},
			"payment": {
				"state": "Repurchased"
			},
			"price_grade": "5",
			"currency": "GBP",
			"face_value": {
				"amount": "228522.31",
				"amount_gbp": "228522.31"
			},
			"outstanding_principal": {
				"amount": "0.0",
				"amount_gbp": "0.0"
			},
			"crystalised_loss": {
				"amount": "nan",
				"date": "nan"
			},
			"gross_yield": {
				"annualised": "11.88184119551574"
			}
		}
	}
}]
