[{
	"loan": {
		"seller": {
			"id": "2019"
		},
		"trade": {
			"id": "11464",
			"type": "Standard",
			"advance": {
				"date": "2015-01-19",
				"amount": "42499.09",
				"amount_gbp": "42499.09",
				"percentage": "90.0"
			},
			"discount": {
				"percentage": "0.65",
				"on": "Facevalue"
			},
			"expected_payment_date": "2015-02-26 00:00:00 +0000",
			"settlement_date": "2015-02-19",
			"arrears": {
				"in_arrears": "No",
				"in_arrears_on_date": "nan"
			},
			"payment": {
				"state": "Paid"
			},
			"price_grade": "3",
			"currency": "GBP",
			"face_value": {
				"amount": "47221.2",
				"amount_gbp": "47221.2"
			},
			"outstanding_principal": {
				"amount": "0.0",
				"amount_gbp": "0.0"
			},
			"crystalised_loss": {
				"amount": "nan",
				"date": "nan"
			},
			"gross_yield": {
				"annualised": "8.990490026994502"
			}
		}
	}
}]
