[{
	"loan": {
		"seller": {
			"id": "48"
		},
		"trade": {
			"id": "115",
			"type": "Standard",
			"advance": {
				"date": "2011-07-25",
				"amount": "42509.622",
				"amount_gbp": "26088.1372",
				"percentage": "85.0"
			},
			"discount": {
				"percentage": "1.5",
				"on": "Facevalue"
			},
			"expected_payment_date": "2011-08-25 00:00:00 +0000",
			"settlement_date": "2011-08-26",
			"arrears": {
				"in_arrears": "No",
				"in_arrears_on_date": "nan"
			},
			"payment": {
				"state": "Paid"
			},
			"price_grade": "9",
			"currency": "USD",
			"face_value": {
				"amount": "50011.32",
				"amount_gbp": "30691.9262"
			},
			"outstanding_principal": {
				"amount": "0.0",
				"amount_gbp": "0.0"
			},
			"crystalised_loss": {
				"amount": "nan",
				"date": "nan"
			},
			"gross_yield": {
				"annualised": "23.2892411958175"
			}
		}
	}
}]
