[{
	"loan": {
		"seller": {
			"id": "10461"
		},
		"trade": {
			"id": "11576",
			"type": "MultiDebtor",
			"advance": {
				"date": "2015-01-29",
				"amount": "109824.0",
				"amount_gbp": "109824.0",
				"percentage": "80.0"
			},
			"discount": {
				"percentage": "0.9",
				"on": "Facevalue"
			},
			"expected_payment_date": "2015-03-06 00:00:00 +0000",
			"settlement_date": "2015-05-08",
			"arrears": {
				"in_arrears": "No",
				"in_arrears_on_date": "nan"
			},
			"payment": {
				"state": "Repurchased"
			},
			"price_grade": "6",
			"currency": "GBP",
			"face_value": {
				"amount": "137280.0",
				"amount_gbp": "137280.0"
			},
			"outstanding_principal": {
				"amount": "0.0",
				"amount_gbp": "0.0"
			},
			"crystalised_loss": {
				"amount": "nan",
				"date": "nan"
			},
			"gross_yield": {
				"annualised": "14.299605449973862"
			}
		}
	}
}]
