[{
	"loan": {
		"seller": {
			"id": "996"
		},
		"trade": {
			"id": "1177",
			"type": "Standard",
			"advance": {
				"date": "2013-05-22",
				"amount": "45309.08",
				"amount_gbp": "45309.08",
				"percentage": "85.0"
			},
			"discount": {
				"percentage": "0.87",
				"on": "Facevalue"
			},
			"expected_payment_date": "2013-08-01 00:00:00 +0000",
			"settlement_date": "2013-08-02",
			"arrears": {
				"in_arrears": "No",
				"in_arrears_on_date": "nan"
			},
			"payment": {
				"state": "Paid"
			},
			"price_grade": "6",
			"currency": "GBP",
			"face_value": {
				"amount": "53304.78",
				"amount_gbp": "53304.78"
			},
			"outstanding_principal": {
				"amount": "0.0",
				"amount_gbp": "0.0"
			},
			"crystalised_loss": {
				"amount": "nan",
				"date": "nan"
			},
			"gross_yield": {
				"annualised": "12.950555229212133"
			}
		}
	}
}]
