[{
	"loan": {
		"seller": {
			"id": "1010"
		},
		"trade": {
			"id": "11825",
			"type": "MultiDebtor",
			"advance": {
				"date": "2015-02-12",
				"amount": "171239.32",
				"amount_gbp": "126306.1224",
				"percentage": "86.0"
			},
			"discount": {
				"percentage": "0.91",
				"on": "Facevalue"
			},
			"expected_payment_date": "2015-03-20 00:00:00 +0000",
			"settlement_date": "2015-03-26",
			"arrears": {
				"in_arrears": "No",
				"in_arrears_on_date": "nan"
			},
			"payment": {
				"state": "Repurchased"
			},
			"price_grade": "6",
			"currency": "EUR",
			"face_value": {
				"amount": "199115.5",
				"amount_gbp": "146867.5928"
			},
			"outstanding_principal": {
				"amount": "0.0",
				"amount_gbp": "0.0"
			},
			"crystalised_loss": {
				"amount": "nan",
				"date": "nan"
			},
			"gross_yield": {
				"annualised": "13.35372965869026"
			}
		}
	}
}]
