[{
	"loan": {
		"seller": {
			"id": "1010"
		},
		"trade": {
			"id": "11960",
			"type": "MultiDebtor",
			"advance": {
				"date": "2015-03-11",
				"amount": "147751.16",
				"amount_gbp": "103942.94099999999",
				"percentage": "84.0"
			},
			"discount": {
				"percentage": "0.84",
				"on": "Facevalue"
			},
			"expected_payment_date": "2015-04-15 00:00:00 +0000",
			"settlement_date": "2015-03-31",
			"arrears": {
				"in_arrears": "No",
				"in_arrears_on_date": "nan"
			},
			"payment": {
				"state": "Paid"
			},
			"price_grade": "5",
			"currency": "EUR",
			"face_value": {
				"amount": "175894.25",
				"amount_gbp": "123741.6048"
			},
			"outstanding_principal": {
				"amount": "0.0",
				"amount_gbp": "0.0"
			},
			"crystalised_loss": {
				"amount": "nan",
				"date": "nan"
			},
			"gross_yield": {
				"annualised": "12.682503013196976"
			}
		}
	}
}]
