[{
	"loan": {
		"seller": {
			"id": "1271"
		},
		"trade": {
			"id": "1198",
			"type": "Standard",
			"advance": {
				"date": "2013-06-05",
				"amount": "5808.0",
				"amount_gbp": "5808.0",
				"percentage": "88.0"
			},
			"discount": {
				"percentage": "1.2",
				"on": "Facevalue"
			},
			"expected_payment_date": "2013-06-28 00:00:00 +0000",
			"settlement_date": "2013-06-24",
			"arrears": {
				"in_arrears": "No",
				"in_arrears_on_date": "nan"
			},
			"payment": {
				"state": "Paid"
			},
			"price_grade": "7",
			"currency": "GBP",
			"face_value": {
				"amount": "6600.0",
				"amount_gbp": "6600.0"
			},
			"outstanding_principal": {
				"amount": "0.0",
				"amount_gbp": "0.0"
			},
			"crystalised_loss": {
				"amount": "nan",
				"date": "nan"
			},
			"gross_yield": {
				"annualised": "17.59780687700816"
			}
		}
	}
}]
