[{
	"loan": {
		"seller": {
			"id": "679"
		},
		"trade": {
			"id": "1209",
			"type": "Standard",
			"advance": {
				"date": "2013-05-30",
				"amount": "11286.0",
				"amount_gbp": "11286.0",
				"percentage": "90.0"
			},
			"discount": {
				"percentage": "0.75",
				"on": "Facevalue"
			},
			"expected_payment_date": "2013-06-30 00:00:00 +0000",
			"settlement_date": "2013-07-09",
			"arrears": {
				"in_arrears": "No",
				"in_arrears_on_date": "nan"
			},
			"payment": {
				"state": "Paid"
			},
			"price_grade": "4",
			"currency": "GBP",
			"face_value": {
				"amount": "12540.0",
				"amount_gbp": "12540.0"
			},
			"outstanding_principal": {
				"amount": "0.0",
				"amount_gbp": "0.0"
			},
			"crystalised_loss": {
				"amount": "nan",
				"date": "nan"
			},
			"gross_yield": {
				"annualised": "10.427491382834429"
			}
		}
	}
}]
