[{
	"loan": {
		"seller": {
			"id": "11034"
		},
		"trade": {
			"id": "13009",
			"type": "Standard",
			"advance": {
				"date": "2015-02-26",
				"amount": "173521.92",
				"amount_gbp": "173521.92",
				"percentage": "80.0"
			},
			"discount": {
				"percentage": "1.1",
				"on": "Facevalue"
			},
			"expected_payment_date": "2015-04-17 00:00:00 +0000",
			"settlement_date": "2015-03-31",
			"arrears": {
				"in_arrears": "No",
				"in_arrears_on_date": "nan"
			},
			"payment": {
				"state": "Paid"
			},
			"price_grade": "7",
			"currency": "GBP",
			"face_value": {
				"amount": "216902.4",
				"amount_gbp": "216902.4"
			},
			"outstanding_principal": {
				"amount": "0.0",
				"amount_gbp": "0.0"
			},
			"crystalised_loss": {
				"amount": "nan",
				"date": "nan"
			},
			"gross_yield": {
				"annualised": "17.73710637049424"
			}
		}
	}
}]
