[{
	"loan": {
		"seller": {
			"id": "263"
		},
		"trade": {
			"id": "13232",
			"type": "Standard",
			"advance": {
				"date": "2015-03-11",
				"amount": "29835.0",
				"amount_gbp": "19842.0519",
				"percentage": "85.0"
			},
			"discount": {
				"percentage": "0.8",
				"on": "Facevalue"
			},
			"expected_payment_date": "2015-05-10 00:00:00 +0000",
			"settlement_date": "2015-04-20",
			"arrears": {
				"in_arrears": "No",
				"in_arrears_on_date": "nan"
			},
			"payment": {
				"state": "Paid"
			},
			"price_grade": "5",
			"currency": "USD",
			"face_value": {
				"amount": "35100.0",
				"amount_gbp": "23343.5904"
			},
			"outstanding_principal": {
				"amount": "0.0",
				"amount_gbp": "0.0"
			},
			"crystalised_loss": {
				"amount": "nan",
				"date": "nan"
			},
			"gross_yield": {
				"annualised": "11.88184119551574"
			}
		}
	}
}]
