[{
	"loan": {
		"seller": {
			"id": "919"
		},
		"trade": {
			"id": "13320",
			"type": "MultiDebtor",
			"advance": {
				"date": "2015-03-19",
				"amount": "16151.79",
				"amount_gbp": "16151.79",
				"percentage": "85.0"
			},
			"discount": {
				"percentage": "0.8",
				"on": "Facevalue"
			},
			"expected_payment_date": "2015-06-13 00:00:00 +0000",
			"settlement_date": "2015-05-19",
			"arrears": {
				"in_arrears": "No",
				"in_arrears_on_date": "nan"
			},
			"payment": {
				"state": "Paid"
			},
			"price_grade": "5",
			"currency": "GBP",
			"face_value": {
				"amount": "19002.08",
				"amount_gbp": "19002.08"
			},
			"outstanding_principal": {
				"amount": "0.0",
				"amount_gbp": "0.0"
			},
			"crystalised_loss": {
				"amount": "nan",
				"date": "nan"
			},
			"gross_yield": {
				"annualised": "11.88184119551574"
			}
		}
	}
}]
