[{
	"loan": {
		"seller": {
			"id": "8946"
		},
		"trade": {
			"id": "13377",
			"type": "Standard",
			"advance": {
				"date": "2015-03-18",
				"amount": "89652.43",
				"amount_gbp": "64818.7068",
				"percentage": "80.0"
			},
			"discount": {
				"percentage": "0.9",
				"on": "Facevalue"
			},
			"expected_payment_date": "2015-04-30 00:00:00 +0000",
			"settlement_date": "2015-04-21",
			"arrears": {
				"in_arrears": "No",
				"in_arrears_on_date": "nan"
			},
			"payment": {
				"state": "Paid"
			},
			"price_grade": "6",
			"currency": "EUR",
			"face_value": {
				"amount": "112065.55",
				"amount_gbp": "81023.3926"
			},
			"outstanding_principal": {
				"amount": "0.0",
				"amount_gbp": "0.0"
			},
			"crystalised_loss": {
				"amount": "nan",
				"date": "nan"
			},
			"gross_yield": {
				"annualised": "14.299605449973862"
			}
		}
	}
}]
