[{
	"loan": {
		"seller": {
			"id": "8290"
		},
		"trade": {
			"id": "13662",
			"type": "Standard",
			"advance": {
				"date": "2015-04-01",
				"amount": "30737.08",
				"amount_gbp": "22391.9627",
				"percentage": "85.0"
			},
			"discount": {
				"percentage": "0.8",
				"on": "Facevalue"
			},
			"expected_payment_date": "2015-06-02 00:00:00 +0000",
			"settlement_date": "2015-07-02",
			"arrears": {
				"in_arrears": "No",
				"in_arrears_on_date": "nan"
			},
			"payment": {
				"state": "Paid"
			},
			"price_grade": "5",
			"currency": "EUR",
			"face_value": {
				"amount": "36161.25",
				"amount_gbp": "26343.4705"
			},
			"outstanding_principal": {
				"amount": "0.0",
				"amount_gbp": "0.0"
			},
			"crystalised_loss": {
				"amount": "nan",
				"date": "nan"
			},
			"gross_yield": {
				"annualised": "11.88184119551574"
			}
		}
	}
}]
