[{
	"loan": {
		"seller": {
			"id": "2019"
		},
		"trade": {
			"id": "13818",
			"type": "Standard",
			"advance": {
				"date": "2015-04-10",
				"amount": "61297.81",
				"amount_gbp": "61297.81",
				"percentage": "90.0"
			},
			"discount": {
				"percentage": "0.55",
				"on": "Facevalue"
			},
			"expected_payment_date": "2015-05-11 00:00:00 +0000",
			"settlement_date": "2015-05-26",
			"arrears": {
				"in_arrears": "No",
				"in_arrears_on_date": "nan"
			},
			"payment": {
				"state": "Paid"
			},
			"price_grade": "2",
			"currency": "GBP",
			"face_value": {
				"amount": "68108.67",
				"amount_gbp": "68108.67"
			},
			"outstanding_principal": {
				"amount": "0.0",
				"amount_gbp": "0.0"
			},
			"crystalised_loss": {
				"amount": "nan",
				"date": "nan"
			},
			"gross_yield": {
				"annualised": "7.570648792618684"
			}
		}
	}
}]
