[{
	"loan": {
		"seller": {
			"id": "10750"
		},
		"trade": {
			"id": "14236",
			"type": "Standard",
			"advance": {
				"date": "2015-05-01",
				"amount": "51941.6",
				"amount_gbp": "51941.6",
				"percentage": "80.0"
			},
			"discount": {
				"percentage": "0.9",
				"on": "Advance"
			},
			"expected_payment_date": "2015-05-27 00:00:00 +0000",
			"settlement_date": "2015-05-21",
			"arrears": {
				"in_arrears": "No",
				"in_arrears_on_date": "nan"
			},
			"payment": {
				"state": "Paid"
			},
			"price_grade": "5",
			"currency": "GBP",
			"face_value": {
				"amount": "64927.02",
				"amount_gbp": "64927.02"
			},
			"outstanding_principal": {
				"amount": "0.0",
				"amount_gbp": "0.0"
			},
			"crystalised_loss": {
				"amount": "nan",
				"date": "nan"
			},
			"gross_yield": {
				"annualised": "11.350967495666751"
			}
		}
	}
}]
