[{
	"loan": {
		"seller": {
			"id": "11251"
		},
		"trade": {
			"id": "14261",
			"type": "Standard",
			"advance": {
				"date": "2015-05-06",
				"amount": "2054.29",
				"amount_gbp": "2054.29",
				"percentage": "85.0"
			},
			"discount": {
				"percentage": "1.0",
				"on": "Advance"
			},
			"expected_payment_date": "2015-06-05 00:00:00 +0000",
			"settlement_date": "2015-06-03",
			"arrears": {
				"in_arrears": "No",
				"in_arrears_on_date": "nan"
			},
			"payment": {
				"state": "Paid"
			},
			"price_grade": "6",
			"currency": "GBP",
			"face_value": {
				"amount": "2416.8",
				"amount_gbp": "2416.8"
			},
			"outstanding_principal": {
				"amount": "0.0",
				"amount_gbp": "0.0"
			},
			"crystalised_loss": {
				"amount": "nan",
				"date": "nan"
			},
			"gross_yield": {
				"annualised": "12.682503013196976"
			}
		}
	}
}]
