[{
	"loan": {
		"seller": {
			"id": "11508"
		},
		"trade": {
			"id": "14324",
			"type": "Standard",
			"advance": {
				"date": "2015-05-08",
				"amount": "2947.71",
				"amount_gbp": "2947.71",
				"percentage": "80.0"
			},
			"discount": {
				"percentage": "0.63",
				"on": "Advance"
			},
			"expected_payment_date": "2015-06-05 00:00:00 +0000",
			"settlement_date": "2015-06-18",
			"arrears": {
				"in_arrears": "No",
				"in_arrears_on_date": "nan"
			},
			"payment": {
				"state": "Repurchased"
			},
			"price_grade": "2",
			"currency": "GBP",
			"face_value": {
				"amount": "3684.67",
				"amount_gbp": "3684.67"
			},
			"outstanding_principal": {
				"amount": "0.0",
				"amount_gbp": "0.0"
			},
			"crystalised_loss": {
				"amount": "nan",
				"date": "nan"
			},
			"gross_yield": {
				"annualised": "7.82753380297514"
			}
		}
	}
}]
