[{
	"loan": {
		"seller": {
			"id": "10687"
		},
		"trade": {
			"id": "14373",
			"type": "Standard",
			"advance": {
				"date": "2015-05-11",
				"amount": "5037.69",
				"amount_gbp": "5037.69",
				"percentage": "90.0"
			},
			"discount": {
				"percentage": "0.55",
				"on": "Advance"
			},
			"expected_payment_date": "2015-05-31 00:00:00 +0000",
			"settlement_date": "2015-05-21",
			"arrears": {
				"in_arrears": "No",
				"in_arrears_on_date": "nan"
			},
			"payment": {
				"state": "Paid"
			},
			"price_grade": "1",
			"currency": "GBP",
			"face_value": {
				"amount": "5597.4",
				"amount_gbp": "5597.4"
			},
			"outstanding_principal": {
				"amount": "0.0",
				"amount_gbp": "0.0"
			},
			"crystalised_loss": {
				"amount": "nan",
				"date": "nan"
			},
			"gross_yield": {
				"annualised": "6.803355946764843"
			}
		}
	}
}]
