[{
	"loan": {
		"seller": {
			"id": "1491"
		},
		"trade": {
			"id": "14666",
			"type": "Standard",
			"advance": {
				"date": "2015-06-02",
				"amount": "12273.72",
				"amount_gbp": "12273.72",
				"percentage": "85.0"
			},
			"discount": {
				"percentage": "0.63",
				"on": "Advance"
			},
			"expected_payment_date": "2015-06-23 00:00:00 +0000",
			"settlement_date": "2015-06-18",
			"arrears": {
				"in_arrears": "No",
				"in_arrears_on_date": "nan"
			},
			"payment": {
				"state": "Paid"
			},
			"price_grade": "2",
			"currency": "GBP",
			"face_value": {
				"amount": "14439.68",
				"amount_gbp": "14439.68"
			},
			"outstanding_principal": {
				"amount": "0.0",
				"amount_gbp": "0.0"
			},
			"crystalised_loss": {
				"amount": "nan",
				"date": "nan"
			},
			"gross_yield": {
				"annualised": "7.82753380297514"
			}
		}
	}
}]
