[{
	"loan": {
		"seller": {
			"id": "11652"
		},
		"trade": {
			"id": "14774",
			"type": "MultiDebtor",
			"advance": {
				"date": "2015-05-27",
				"amount": "34931.3",
				"amount_gbp": "24696.4291",
				"percentage": "85.0"
			},
			"discount": {
				"percentage": "0.89",
				"on": "Advance"
			},
			"expected_payment_date": "2015-07-15 00:00:00 +0000",
			"settlement_date": "2015-07-28",
			"arrears": {
				"in_arrears": "Yes",
				"in_arrears_on_date": "2015-07-27"
			},
			"payment": {
				"state": "Paid"
			},
			"price_grade": "5",
			"currency": "EUR",
			"face_value": {
				"amount": "41095.65",
				"amount_gbp": "29054.6245"
			},
			"outstanding_principal": {
				"amount": "0.0",
				"amount_gbp": "0.0"
			},
			"crystalised_loss": {
				"amount": "Yes",
				"date": "2015-07-28"
			},
			"gross_yield": {
				"annualised": "11.21861036094125"
			}
		}
	}
}]
