[{
	"loan": {
		"seller": {
			"id": "1837"
		},
		"trade": {
			"id": "15132",
			"type": "Standard",
			"advance": {
				"date": "2015-06-10",
				"amount": "4287.7",
				"amount_gbp": "4287.7",
				"percentage": "80.0"
			},
			"discount": {
				"percentage": "1.2",
				"on": "Advance"
			},
			"expected_payment_date": "2015-09-11 00:00:00 +0000",
			"settlement_date": "2015-09-29",
			"arrears": {
				"in_arrears": "No",
				"in_arrears_on_date": "nan"
			},
			"payment": {
				"state": "Repurchased"
			},
			"price_grade": "7",
			"currency": "GBP",
			"face_value": {
				"amount": "5359.61",
				"amount_gbp": "5359.61"
			},
			"outstanding_principal": {
				"amount": "0.0",
				"amount_gbp": "0.0"
			},
			"crystalised_loss": {
				"amount": "nan",
				"date": "nan"
			},
			"gross_yield": {
				"annualised": "15.389462418258605"
			}
		}
	}
}]
