[{
	"loan": {
		"seller": {
			"id": "12732"
		},
		"trade": {
			"id": "15165",
			"type": "Standard",
			"advance": {
				"date": "2015-06-11",
				"amount": "22451.72",
				"amount_gbp": "22451.72",
				"percentage": "85.0"
			},
			"discount": {
				"percentage": "1.2",
				"on": "Advance"
			},
			"expected_payment_date": "2015-08-31 00:00:00 +0000",
			"settlement_date": "2015-09-09",
			"arrears": {
				"in_arrears": "No",
				"in_arrears_on_date": "nan"
			},
			"payment": {
				"state": "Repurchased"
			},
			"price_grade": "7",
			"currency": "GBP",
			"face_value": {
				"amount": "26413.79",
				"amount_gbp": "26413.79"
			},
			"outstanding_principal": {
				"amount": "0.0",
				"amount_gbp": "0.0"
			},
			"crystalised_loss": {
				"amount": "nan",
				"date": "nan"
			},
			"gross_yield": {
				"annualised": "15.389462418258605"
			}
		}
	}
}]
