[{
	"loan": {
		"seller": {
			"id": "9001"
		},
		"trade": {
			"id": "15309",
			"type": "Standard",
			"advance": {
				"date": "2015-06-17",
				"amount": "30880.0",
				"amount_gbp": "30880.0",
				"percentage": "80.0"
			},
			"discount": {
				"percentage": "0.8",
				"on": "Advance"
			},
			"expected_payment_date": "2015-07-24 00:00:00 +0000",
			"settlement_date": "2015-07-17",
			"arrears": {
				"in_arrears": "No",
				"in_arrears_on_date": "nan"
			},
			"payment": {
				"state": "Paid"
			},
			"price_grade": "4",
			"currency": "GBP",
			"face_value": {
				"amount": "38600.0",
				"amount_gbp": "38600.0"
			},
			"outstanding_principal": {
				"amount": "0.0",
				"amount_gbp": "0.0"
			},
			"crystalised_loss": {
				"amount": "nan",
				"date": "nan"
			},
			"gross_yield": {
				"annualised": "10.033869371614637"
			}
		}
	}
}]
