[{
	"loan": {
		"seller": {
			"id": "10687"
		},
		"trade": {
			"id": "16030",
			"type": "MultiDebtor",
			"advance": {
				"date": "2015-07-29",
				"amount": "5865.0",
				"amount_gbp": "5865.0",
				"percentage": "85.0"
			},
			"discount": {
				"percentage": "0.59",
				"on": "Advance"
			},
			"expected_payment_date": "2015-08-05 00:00:00 +0000",
			"settlement_date": "2015-08-13",
			"arrears": {
				"in_arrears": "No",
				"in_arrears_on_date": "nan"
			},
			"payment": {
				"state": "Paid"
			},
			"price_grade": "1",
			"currency": "GBP",
			"face_value": {
				"amount": "6900.0",
				"amount_gbp": "6900.0"
			},
			"outstanding_principal": {
				"amount": "0.0",
				"amount_gbp": "0.0"
			},
			"crystalised_loss": {
				"amount": "nan",
				"date": "nan"
			},
			"gross_yield": {
				"annualised": "7.314324889074286"
			}
		}
	}
}]
