[{
	"loan": {
		"seller": {
			"id": "11182"
		},
		"trade": {
			"id": "16122",
			"type": "Standard",
			"advance": {
				"date": "2015-07-21",
				"amount": "2782.58",
				"amount_gbp": "2782.58",
				"percentage": "85.0"
			},
			"discount": {
				"percentage": "0.9",
				"on": "Advance"
			},
			"expected_payment_date": "2015-09-06 00:00:00 +0000",
			"settlement_date": "2015-09-01",
			"arrears": {
				"in_arrears": "No",
				"in_arrears_on_date": "nan"
			},
			"payment": {
				"state": "Paid"
			},
			"price_grade": "5",
			"currency": "GBP",
			"face_value": {
				"amount": "3273.6",
				"amount_gbp": "3273.6"
			},
			"outstanding_principal": {
				"amount": "0.0",
				"amount_gbp": "0.0"
			},
			"crystalised_loss": {
				"amount": "nan",
				"date": "nan"
			},
			"gross_yield": {
				"annualised": "11.350967495666751"
			}
		}
	}
}]
