[{
	"loan": {
		"seller": {
			"id": "16208"
		},
		"trade": {
			"id": "16437",
			"type": "Standard",
			"advance": {
				"date": "2015-08-03",
				"amount": "4140.0",
				"amount_gbp": "4140.0",
				"percentage": "50.0"
			},
			"discount": {
				"percentage": "1.4",
				"on": "Advance"
			},
			"expected_payment_date": "2015-08-31 00:00:00 +0000",
			"settlement_date": "2015-09-04",
			"arrears": {
				"in_arrears": "No",
				"in_arrears_on_date": "nan"
			},
			"payment": {
				"state": "Paid"
			},
			"price_grade": "8",
			"currency": "GBP",
			"face_value": {
				"amount": "8280.0",
				"amount_gbp": "8280.0"
			},
			"outstanding_principal": {
				"amount": "0.0",
				"amount_gbp": "0.0"
			},
			"crystalised_loss": {
				"amount": "nan",
				"date": "nan"
			},
			"gross_yield": {
				"annualised": "18.1559128918122"
			}
		}
	}
}]
