[{
	"loan": {
		"seller": {
			"id": "996"
		},
		"trade": {
			"id": "16821",
			"type": "Standard",
			"advance": {
				"date": "2015-08-21",
				"amount": "32538.89",
				"amount_gbp": "23421.493",
				"percentage": "85.0"
			},
			"discount": {
				"percentage": "0.55",
				"on": "Advance"
			},
			"expected_payment_date": "2015-09-24 00:00:00 +0000",
			"settlement_date": "2015-09-25",
			"arrears": {
				"in_arrears": "No",
				"in_arrears_on_date": "nan"
			},
			"payment": {
				"state": "Paid"
			},
			"price_grade": "1",
			"currency": "EUR",
			"face_value": {
				"amount": "38281.05",
				"amount_gbp": "27554.6992"
			},
			"outstanding_principal": {
				"amount": "0.0",
				"amount_gbp": "0.0"
			},
			"crystalised_loss": {
				"amount": "nan",
				"date": "nan"
			},
			"gross_yield": {
				"annualised": "6.803355946764843"
			}
		}
	}
}]
