[{
	"loan": {
		"seller": {
			"id": "14849"
		},
		"trade": {
			"id": "16876",
			"type": "Standard",
			"advance": {
				"date": "2015-08-24",
				"amount": "33082.8",
				"amount_gbp": "33082.8",
				"percentage": "55.0"
			},
			"discount": {
				"percentage": "1.0",
				"on": "Advance"
			},
			"expected_payment_date": "2015-10-05 00:00:00 +0000",
			"settlement_date": "2016-01-22",
			"arrears": {
				"in_arrears": "Yes",
				"in_arrears_on_date": "2015-11-02"
			},
			"payment": {
				"state": "Repurchased"
			},
			"price_grade": "6",
			"currency": "GBP",
			"face_value": {
				"amount": "60150.56",
				"amount_gbp": "60150.56"
			},
			"outstanding_principal": {
				"amount": "0.0",
				"amount_gbp": "0.0"
			},
			"crystalised_loss": {
				"amount": "Yes",
				"date": "2016-01-22"
			},
			"gross_yield": {
				"annualised": "12.682503013196976"
			}
		}
	}
}]
