[{
	"loan": {
		"seller": {
			"id": "16208"
		},
		"trade": {
			"id": "17158",
			"type": "Standard",
			"advance": {
				"date": "2015-08-27",
				"amount": "1137.0",
				"amount_gbp": "1137.0",
				"percentage": "50.0"
			},
			"discount": {
				"percentage": "1.4",
				"on": "Advance"
			},
			"expected_payment_date": "2015-11-08 00:00:00 +0000",
			"settlement_date": "2015-09-25",
			"arrears": {
				"in_arrears": "No",
				"in_arrears_on_date": "nan"
			},
			"payment": {
				"state": "Paid"
			},
			"price_grade": "8",
			"currency": "GBP",
			"face_value": {
				"amount": "2274.0",
				"amount_gbp": "2274.0"
			},
			"outstanding_principal": {
				"amount": "0.0",
				"amount_gbp": "0.0"
			},
			"crystalised_loss": {
				"amount": "nan",
				"date": "nan"
			},
			"gross_yield": {
				"annualised": "18.1559128918122"
			}
		}
	}
}]
