[{
	"loan": {
		"seller": {
			"id": "17159"
		},
		"trade": {
			"id": "17334",
			"type": "Standard",
			"advance": {
				"date": "2015-09-04",
				"amount": "14400.0",
				"amount_gbp": "14400.0",
				"percentage": "60.0"
			},
			"discount": {
				"percentage": "1.0",
				"on": "Advance"
			},
			"expected_payment_date": "2015-09-26 00:00:00 +0000",
			"settlement_date": "2015-09-23",
			"arrears": {
				"in_arrears": "No",
				"in_arrears_on_date": "nan"
			},
			"payment": {
				"state": "Paid"
			},
			"price_grade": "6",
			"currency": "GBP",
			"face_value": {
				"amount": "24000.0",
				"amount_gbp": "24000.0"
			},
			"outstanding_principal": {
				"amount": "0.0",
				"amount_gbp": "0.0"
			},
			"crystalised_loss": {
				"amount": "nan",
				"date": "nan"
			},
			"gross_yield": {
				"annualised": "12.682503013196976"
			}
		}
	}
}]
