[{
	"loan": {
		"seller": {
			"id": "14688"
		},
		"trade": {
			"id": "17508",
			"type": "Standard",
			"advance": {
				"date": "2015-09-18",
				"amount": "10526.4",
				"amount_gbp": "10526.4",
				"percentage": "60.0"
			},
			"discount": {
				"percentage": "1.0",
				"on": "Advance"
			},
			"expected_payment_date": "2015-10-16 00:00:00 +0000",
			"settlement_date": "2015-11-03",
			"arrears": {
				"in_arrears": "No",
				"in_arrears_on_date": "nan"
			},
			"payment": {
				"state": "Paid"
			},
			"price_grade": "6",
			"currency": "GBP",
			"face_value": {
				"amount": "17544.0",
				"amount_gbp": "17544.0"
			},
			"outstanding_principal": {
				"amount": "0.0",
				"amount_gbp": "0.0"
			},
			"crystalised_loss": {
				"amount": "nan",
				"date": "nan"
			},
			"gross_yield": {
				"annualised": "12.682503013196976"
			}
		}
	}
}]
