[{
	"loan": {
		"seller": {
			"id": "173"
		},
		"trade": {
			"id": "17621",
			"type": "Standard",
			"advance": {
				"date": "2015-09-16",
				"amount": "63165.2",
				"amount_gbp": "40876.2329",
				"percentage": "80.0"
			},
			"discount": {
				"percentage": "0.8",
				"on": "Advance"
			},
			"expected_payment_date": "2015-10-16 00:00:00 +0000",
			"settlement_date": "2015-10-30",
			"arrears": {
				"in_arrears": "No",
				"in_arrears_on_date": "nan"
			},
			"payment": {
				"state": "Repurchased"
			},
			"price_grade": "4",
			"currency": "USD",
			"face_value": {
				"amount": "78956.5",
				"amount_gbp": "51095.2911"
			},
			"outstanding_principal": {
				"amount": "0.0",
				"amount_gbp": "0.0"
			},
			"crystalised_loss": {
				"amount": "nan",
				"date": "nan"
			},
			"gross_yield": {
				"annualised": "10.033869371614637"
			}
		}
	}
}]
