[{
	"loan": {
		"seller": {
			"id": "11034"
		},
		"trade": {
			"id": "17699",
			"type": "Standard",
			"advance": {
				"date": "2015-09-17",
				"amount": "7728.59",
				"amount_gbp": "7728.59",
				"percentage": "80.0"
			},
			"discount": {
				"percentage": "0.63",
				"on": "Advance"
			},
			"expected_payment_date": "2015-10-20 00:00:00 +0000",
			"settlement_date": "2015-09-30",
			"arrears": {
				"in_arrears": "No",
				"in_arrears_on_date": "nan"
			},
			"payment": {
				"state": "Paid"
			},
			"price_grade": "2",
			"currency": "GBP",
			"face_value": {
				"amount": "9660.72",
				"amount_gbp": "9660.72"
			},
			"outstanding_principal": {
				"amount": "0.0",
				"amount_gbp": "0.0"
			},
			"crystalised_loss": {
				"amount": "nan",
				"date": "nan"
			},
			"gross_yield": {
				"annualised": "7.82753380297514"
			}
		}
	}
}]
