[{
	"loan": {
		"seller": {
			"id": "13788"
		},
		"trade": {
			"id": "17733",
			"type": "Standard",
			"advance": {
				"date": "2015-09-22",
				"amount": "1089.6",
				"amount_gbp": "787.018",
				"percentage": "60.0"
			},
			"discount": {
				"percentage": "1.7",
				"on": "Advance"
			},
			"expected_payment_date": "2015-10-09 00:00:00 +0000",
			"settlement_date": "2015-10-13",
			"arrears": {
				"in_arrears": "No",
				"in_arrears_on_date": "nan"
			},
			"payment": {
				"state": "Paid"
			},
			"price_grade": "9",
			"currency": "EUR",
			"face_value": {
				"amount": "1816.0",
				"amount_gbp": "1311.6968"
			},
			"outstanding_principal": {
				"amount": "0.0",
				"amount_gbp": "0.0"
			},
			"crystalised_loss": {
				"amount": "nan",
				"date": "nan"
			},
			"gross_yield": {
				"annualised": "22.419735005332388"
			}
		}
	}
}]
