[{
	"loan": {
		"seller": {
			"id": "4714"
		},
		"trade": {
			"id": "17764",
			"type": "Standard",
			"advance": {
				"date": "2015-09-21",
				"amount": "93258.0",
				"amount_gbp": "67546.7694",
				"percentage": "90.0"
			},
			"discount": {
				"percentage": "0.55",
				"on": "Advance"
			},
			"expected_payment_date": "2015-11-08 00:00:00 +0000",
			"settlement_date": "2015-11-11",
			"arrears": {
				"in_arrears": "No",
				"in_arrears_on_date": "nan"
			},
			"payment": {
				"state": "Paid"
			},
			"price_grade": "1",
			"currency": "EUR",
			"face_value": {
				"amount": "103620.0",
				"amount_gbp": "75051.966"
			},
			"outstanding_principal": {
				"amount": "0.0",
				"amount_gbp": "0.0"
			},
			"crystalised_loss": {
				"amount": "nan",
				"date": "nan"
			},
			"gross_yield": {
				"annualised": "6.803355946764843"
			}
		}
	}
}]
