[{
	"loan": {
		"seller": {
			"id": "15560"
		},
		"trade": {
			"id": "18096",
			"type": "Standard",
			"advance": {
				"date": "2015-10-07",
				"amount": "23133.59",
				"amount_gbp": "23133.59",
				"percentage": "85.0"
			},
			"discount": {
				"percentage": "0.9",
				"on": "Advance"
			},
			"expected_payment_date": "2015-11-30 00:00:00 +0000",
			"settlement_date": "2015-12-02",
			"arrears": {
				"in_arrears": "No",
				"in_arrears_on_date": "nan"
			},
			"payment": {
				"state": "Paid"
			},
			"price_grade": "5",
			"currency": "GBP",
			"face_value": {
				"amount": "27216.0",
				"amount_gbp": "27216.0"
			},
			"outstanding_principal": {
				"amount": "0.0",
				"amount_gbp": "0.0"
			},
			"crystalised_loss": {
				"amount": "nan",
				"date": "nan"
			},
			"gross_yield": {
				"annualised": "11.350967495666751"
			}
		}
	}
}]
