[{
	"loan": {
		"seller": {
			"id": "2218"
		},
		"trade": {
			"id": "18184",
			"type": "MultiDebtor",
			"advance": {
				"date": "2015-10-02",
				"amount": "67451.16",
				"amount_gbp": "67451.16",
				"percentage": "90.0"
			},
			"discount": {
				"percentage": "0.9",
				"on": "Advance"
			},
			"expected_payment_date": "2015-12-31 00:00:00 +0000",
			"settlement_date": "2016-01-20",
			"arrears": {
				"in_arrears": "No",
				"in_arrears_on_date": "nan"
			},
			"payment": {
				"state": "Paid"
			},
			"price_grade": "5",
			"currency": "GBP",
			"face_value": {
				"amount": "74945.75",
				"amount_gbp": "74945.75"
			},
			"outstanding_principal": {
				"amount": "0.0",
				"amount_gbp": "0.0"
			},
			"crystalised_loss": {
				"amount": "nan",
				"date": "nan"
			},
			"gross_yield": {
				"annualised": "11.350967495666751"
			}
		}
	}
}]
