[{
	"loan": {
		"seller": {
			"id": "14523"
		},
		"trade": {
			"id": "18215",
			"type": "Standard",
			"advance": {
				"date": "2015-10-07",
				"amount": "94797.98",
				"amount_gbp": "94797.98",
				"percentage": "90.0"
			},
			"discount": {
				"percentage": "0.7",
				"on": "Advance"
			},
			"expected_payment_date": "2015-12-08 00:00:00 +0000",
			"settlement_date": "2015-12-16",
			"arrears": {
				"in_arrears": "No",
				"in_arrears_on_date": "nan"
			},
			"payment": {
				"state": "Paid"
			},
			"price_grade": "3",
			"currency": "GBP",
			"face_value": {
				"amount": "105331.06",
				"amount_gbp": "105331.06"
			},
			"outstanding_principal": {
				"amount": "0.0",
				"amount_gbp": "0.0"
			},
			"crystalised_loss": {
				"amount": "nan",
				"date": "nan"
			},
			"gross_yield": {
				"annualised": "8.731066191550553"
			}
		}
	}
}]
