[{
	"loan": {
		"seller": {
			"id": "4727"
		},
		"trade": {
			"id": "18242",
			"type": "Standard",
			"advance": {
				"date": "2015-10-07",
				"amount": "13379.11",
				"amount_gbp": "13379.11",
				"percentage": "80.0"
			},
			"discount": {
				"percentage": "1.0",
				"on": "Advance"
			},
			"expected_payment_date": "2015-11-17 00:00:00 +0000",
			"settlement_date": "2015-11-10",
			"arrears": {
				"in_arrears": "No",
				"in_arrears_on_date": "nan"
			},
			"payment": {
				"state": "Paid"
			},
			"price_grade": "6",
			"currency": "GBP",
			"face_value": {
				"amount": "16723.92",
				"amount_gbp": "16723.92"
			},
			"outstanding_principal": {
				"amount": "0.0",
				"amount_gbp": "0.0"
			},
			"crystalised_loss": {
				"amount": "nan",
				"date": "nan"
			},
			"gross_yield": {
				"annualised": "12.682503013196976"
			}
		}
	}
}]
