[{
	"loan": {
		"seller": {
			"id": "8290"
		},
		"trade": {
			"id": "18307",
			"type": "Standard",
			"advance": {
				"date": "2015-10-06",
				"amount": "20326.67",
				"amount_gbp": "15039.7031",
				"percentage": "85.0"
			},
			"discount": {
				"percentage": "1.0",
				"on": "Advance"
			},
			"expected_payment_date": "2015-12-02 00:00:00 +0000",
			"settlement_date": "2015-10-29",
			"arrears": {
				"in_arrears": "No",
				"in_arrears_on_date": "nan"
			},
			"payment": {
				"state": "Paid"
			},
			"price_grade": "6",
			"currency": "EUR",
			"face_value": {
				"amount": "23913.75",
				"amount_gbp": "17693.7836"
			},
			"outstanding_principal": {
				"amount": "0.0",
				"amount_gbp": "0.0"
			},
			"crystalised_loss": {
				"amount": "nan",
				"date": "nan"
			},
			"gross_yield": {
				"annualised": "12.682503013196976"
			}
		}
	}
}]
