[{
	"loan": {
		"seller": {
			"id": "414"
		},
		"trade": {
			"id": "18350",
			"type": "Standard",
			"advance": {
				"date": "2015-10-08",
				"amount": "16990.92",
				"amount_gbp": "16990.92",
				"percentage": "85.0"
			},
			"discount": {
				"percentage": "0.8",
				"on": "Advance"
			},
			"expected_payment_date": "2015-11-12 00:00:00 +0000",
			"settlement_date": "2015-10-13",
			"arrears": {
				"in_arrears": "No",
				"in_arrears_on_date": "nan"
			},
			"payment": {
				"state": "Paid"
			},
			"price_grade": "5",
			"currency": "GBP",
			"face_value": {
				"amount": "19989.3",
				"amount_gbp": "19989.3"
			},
			"outstanding_principal": {
				"amount": "0.0",
				"amount_gbp": "0.0"
			},
			"crystalised_loss": {
				"amount": "nan",
				"date": "nan"
			},
			"gross_yield": {
				"annualised": "10.033869371614637"
			}
		}
	}
}]
