[{
	"loan": {
		"seller": {
			"id": "10273"
		},
		"trade": {
			"id": "18491",
			"type": "MultiDebtor",
			"advance": {
				"date": "2015-10-13",
				"amount": "18634.6",
				"amount_gbp": "18634.6",
				"percentage": "75.0"
			},
			"discount": {
				"percentage": "1.11",
				"on": "Advance"
			},
			"expected_payment_date": "2015-12-03 00:00:00 +0000",
			"settlement_date": "2015-12-03",
			"arrears": {
				"in_arrears": "No",
				"in_arrears_on_date": "nan"
			},
			"payment": {
				"state": "Paid"
			},
			"price_grade": "7",
			"currency": "GBP",
			"face_value": {
				"amount": "24846.11",
				"amount_gbp": "24846.11"
			},
			"outstanding_principal": {
				"amount": "0.0",
				"amount_gbp": "0.0"
			},
			"crystalised_loss": {
				"amount": "nan",
				"date": "nan"
			},
			"gross_yield": {
				"annualised": "14.164038846995776"
			}
		}
	}
}]
