[{
	"loan": {
		"seller": {
			"id": "9892"
		},
		"trade": {
			"id": "18583",
			"type": "Standard",
			"advance": {
				"date": "2015-10-14",
				"amount": "20514.39",
				"amount_gbp": "20514.39",
				"percentage": "80.0"
			},
			"discount": {
				"percentage": "1.1",
				"on": "Advance"
			},
			"expected_payment_date": "2015-11-03 00:00:00 +0000",
			"settlement_date": "2015-10-27",
			"arrears": {
				"in_arrears": "No",
				"in_arrears_on_date": "nan"
			},
			"payment": {
				"state": "Paid"
			},
			"price_grade": "7",
			"currency": "GBP",
			"face_value": {
				"amount": "25643.0",
				"amount_gbp": "25643.0"
			},
			"outstanding_principal": {
				"amount": "0.0",
				"amount_gbp": "0.0"
			},
			"crystalised_loss": {
				"amount": "nan",
				"date": "nan"
			},
			"gross_yield": {
				"annualised": "14.02861964998534"
			}
		}
	}
}]
