[{
	"loan": {
		"seller": {
			"id": "15249"
		},
		"trade": {
			"id": "18700",
			"type": "Standard",
			"advance": {
				"date": "2015-10-16",
				"amount": "4184.7",
				"amount_gbp": "4184.7",
				"percentage": "80.0"
			},
			"discount": {
				"percentage": "0.8",
				"on": "Advance"
			},
			"expected_payment_date": "2015-12-07 00:00:00 +0000",
			"settlement_date": "2015-12-01",
			"arrears": {
				"in_arrears": "No",
				"in_arrears_on_date": "nan"
			},
			"payment": {
				"state": "Paid"
			},
			"price_grade": "4",
			"currency": "GBP",
			"face_value": {
				"amount": "5230.88",
				"amount_gbp": "5230.88"
			},
			"outstanding_principal": {
				"amount": "0.0",
				"amount_gbp": "0.0"
			},
			"crystalised_loss": {
				"amount": "nan",
				"date": "nan"
			},
			"gross_yield": {
				"annualised": "10.033869371614637"
			}
		}
	}
}]
