[{
	"loan": {
		"seller": {
			"id": "173"
		},
		"trade": {
			"id": "18887",
			"type": "Standard",
			"advance": {
				"date": "2015-10-22",
				"amount": "12794.4",
				"amount_gbp": "9357.8241",
				"percentage": "90.0"
			},
			"discount": {
				"percentage": "0.8",
				"on": "Advance"
			},
			"expected_payment_date": "2015-11-25 00:00:00 +0000",
			"settlement_date": "2015-11-25",
			"arrears": {
				"in_arrears": "No",
				"in_arrears_on_date": "nan"
			},
			"payment": {
				"state": "Paid"
			},
			"price_grade": "4",
			"currency": "EUR",
			"face_value": {
				"amount": "14216.0",
				"amount_gbp": "10397.5824"
			},
			"outstanding_principal": {
				"amount": "0.0",
				"amount_gbp": "0.0"
			},
			"crystalised_loss": {
				"amount": "nan",
				"date": "nan"
			},
			"gross_yield": {
				"annualised": "10.033869371614637"
			}
		}
	}
}]
