[{
	"loan": {
		"seller": {
			"id": "10305"
		},
		"trade": {
			"id": "18995",
			"type": "Standard",
			"advance": {
				"date": "2015-10-27",
				"amount": "12196.91",
				"amount_gbp": "12196.91",
				"percentage": "80.0"
			},
			"discount": {
				"percentage": "0.9",
				"on": "Advance"
			},
			"expected_payment_date": "2016-01-13 00:00:00 +0000",
			"settlement_date": "2015-12-31",
			"arrears": {
				"in_arrears": "No",
				"in_arrears_on_date": "nan"
			},
			"payment": {
				"state": "Paid"
			},
			"price_grade": "5",
			"currency": "GBP",
			"face_value": {
				"amount": "15246.14",
				"amount_gbp": "15246.14"
			},
			"outstanding_principal": {
				"amount": "0.0",
				"amount_gbp": "0.0"
			},
			"crystalised_loss": {
				"amount": "nan",
				"date": "nan"
			},
			"gross_yield": {
				"annualised": "11.350967495666751"
			}
		}
	}
}]
