[{
	"loan": {
		"seller": {
			"id": "19114"
		},
		"trade": {
			"id": "19392",
			"type": "Standard",
			"advance": {
				"date": "2015-11-03",
				"amount": "75604.0",
				"amount_gbp": "75604.0",
				"percentage": "80.0"
			},
			"discount": {
				"percentage": "1.0",
				"on": "Advance"
			},
			"expected_payment_date": "2015-12-31 00:00:00 +0000",
			"settlement_date": "2015-12-04",
			"arrears": {
				"in_arrears": "No",
				"in_arrears_on_date": "nan"
			},
			"payment": {
				"state": "Paid"
			},
			"price_grade": "6",
			"currency": "GBP",
			"face_value": {
				"amount": "94504.99",
				"amount_gbp": "94504.99"
			},
			"outstanding_principal": {
				"amount": "0.0",
				"amount_gbp": "0.0"
			},
			"crystalised_loss": {
				"amount": "nan",
				"date": "nan"
			},
			"gross_yield": {
				"annualised": "12.682503013196976"
			}
		}
	}
}]
