[{
	"loan": {
		"seller": {
			"id": "17504"
		},
		"trade": {
			"id": "19404",
			"type": "Standard",
			"advance": {
				"date": "2015-11-03",
				"amount": "113785.31",
				"amount_gbp": "113785.31",
				"percentage": "85.0"
			},
			"discount": {
				"percentage": "0.63",
				"on": "Advance"
			},
			"expected_payment_date": "2015-12-16 00:00:00 +0000",
			"settlement_date": "2015-12-11",
			"arrears": {
				"in_arrears": "No",
				"in_arrears_on_date": "nan"
			},
			"payment": {
				"state": "Paid"
			},
			"price_grade": "2",
			"currency": "GBP",
			"face_value": {
				"amount": "133865.09",
				"amount_gbp": "133865.09"
			},
			"outstanding_principal": {
				"amount": "0.0",
				"amount_gbp": "0.0"
			},
			"crystalised_loss": {
				"amount": "nan",
				"date": "nan"
			},
			"gross_yield": {
				"annualised": "7.82753380297514"
			}
		}
	}
}]
