[{
	"loan": {
		"seller": {
			"id": "11508"
		},
		"trade": {
			"id": "19453",
			"type": "Standard",
			"advance": {
				"date": "2015-11-05",
				"amount": "19200.0",
				"amount_gbp": "19200.0",
				"percentage": "80.0"
			},
			"discount": {
				"percentage": "0.63",
				"on": "Advance"
			},
			"expected_payment_date": "2015-12-03 00:00:00 +0000",
			"settlement_date": "2016-01-08",
			"arrears": {
				"in_arrears": "No",
				"in_arrears_on_date": "nan"
			},
			"payment": {
				"state": "Paid"
			},
			"price_grade": "2",
			"currency": "GBP",
			"face_value": {
				"amount": "24000.0",
				"amount_gbp": "24000.0"
			},
			"outstanding_principal": {
				"amount": "0.0",
				"amount_gbp": "0.0"
			},
			"crystalised_loss": {
				"amount": "nan",
				"date": "nan"
			},
			"gross_yield": {
				"annualised": "7.82753380297514"
			}
		}
	}
}]
