[{
	"loan": {
		"seller": {
			"id": "16061"
		},
		"trade": {
			"id": "19516",
			"type": "Standard",
			"advance": {
				"date": "2015-11-06",
				"amount": "8115.2",
				"amount_gbp": "8115.2",
				"percentage": "80.0"
			},
			"discount": {
				"percentage": "1.0",
				"on": "Advance"
			},
			"expected_payment_date": "2015-12-10 00:00:00 +0000",
			"settlement_date": "2015-11-30",
			"arrears": {
				"in_arrears": "No",
				"in_arrears_on_date": "nan"
			},
			"payment": {
				"state": "Paid"
			},
			"price_grade": "6",
			"currency": "GBP",
			"face_value": {
				"amount": "10144.06",
				"amount_gbp": "10144.06"
			},
			"outstanding_principal": {
				"amount": "0.0",
				"amount_gbp": "0.0"
			},
			"crystalised_loss": {
				"amount": "nan",
				"date": "nan"
			},
			"gross_yield": {
				"annualised": "12.682503013196976"
			}
		}
	}
}]
