[{
	"loan": {
		"seller": {
			"id": "9195"
		},
		"trade": {
			"id": "19541",
			"type": "Standard",
			"advance": {
				"date": "2015-11-05",
				"amount": "42187.6",
				"amount_gbp": "42187.6",
				"percentage": "90.0"
			},
			"discount": {
				"percentage": "0.55",
				"on": "Advance"
			},
			"expected_payment_date": "2016-01-19 00:00:00 +0000",
			"settlement_date": "2016-01-18",
			"arrears": {
				"in_arrears": "No",
				"in_arrears_on_date": "nan"
			},
			"payment": {
				"state": "Paid"
			},
			"price_grade": "1",
			"currency": "GBP",
			"face_value": {
				"amount": "46875.05",
				"amount_gbp": "46875.05"
			},
			"outstanding_principal": {
				"amount": "0.0",
				"amount_gbp": "0.0"
			},
			"crystalised_loss": {
				"amount": "nan",
				"date": "nan"
			},
			"gross_yield": {
				"annualised": "6.803355946764843"
			}
		}
	}
}]
