[{
	"loan": {
		"seller": {
			"id": "774"
		},
		"trade": {
			"id": "20010",
			"type": "MultiDebtor",
			"advance": {
				"date": "2015-11-18",
				"amount": "4592.32",
				"amount_gbp": "4592.32",
				"percentage": "75.0"
			},
			"discount": {
				"percentage": "1.04",
				"on": "Advance"
			},
			"expected_payment_date": "2016-02-09 00:00:00 +0000",
			"settlement_date": "2016-01-04",
			"arrears": {
				"in_arrears": "No",
				"in_arrears_on_date": "nan"
			},
			"payment": {
				"state": "Repurchased"
			},
			"price_grade": "6",
			"currency": "GBP",
			"face_value": {
				"amount": "6123.09",
				"amount_gbp": "6123.09"
			},
			"outstanding_principal": {
				"amount": "0.0",
				"amount_gbp": "0.0"
			},
			"crystalised_loss": {
				"amount": "nan",
				"date": "nan"
			},
			"gross_yield": {
				"annualised": "13.219191841842635"
			}
		}
	}
}]
