[{
	"loan": {
		"seller": {
			"id": "10765"
		},
		"trade": {
			"id": "20339",
			"type": "Standard",
			"advance": {
				"date": "2015-11-26",
				"amount": "9420.77",
				"amount_gbp": "9420.77",
				"percentage": "90.0"
			},
			"discount": {
				"percentage": "0.9",
				"on": "Advance"
			},
			"expected_payment_date": "2016-01-25 00:00:00 +0000",
			"settlement_date": "2015-12-31",
			"arrears": {
				"in_arrears": "No",
				"in_arrears_on_date": "nan"
			},
			"payment": {
				"state": "Paid"
			},
			"price_grade": "5",
			"currency": "GBP",
			"face_value": {
				"amount": "10467.51",
				"amount_gbp": "10467.51"
			},
			"outstanding_principal": {
				"amount": "0.0",
				"amount_gbp": "0.0"
			},
			"crystalised_loss": {
				"amount": "nan",
				"date": "nan"
			},
			"gross_yield": {
				"annualised": "11.350967495666751"
			}
		}
	}
}]
