[{
	"loan": {
		"seller": {
			"id": "9592"
		},
		"trade": {
			"id": "20381",
			"type": "Standard",
			"advance": {
				"date": "2015-12-01",
				"amount": "142753.15",
				"amount_gbp": "94755.7701",
				"percentage": "85.0"
			},
			"discount": {
				"percentage": "0.9",
				"on": "Advance"
			},
			"expected_payment_date": "2016-01-29 00:00:00 +0000",
			"settlement_date": "2016-02-19",
			"arrears": {
				"in_arrears": "No",
				"in_arrears_on_date": "nan"
			},
			"payment": {
				"state": "Repurchased"
			},
			"price_grade": "5",
			"currency": "USD",
			"face_value": {
				"amount": "167944.89",
				"amount_gbp": "111477.3817"
			},
			"outstanding_principal": {
				"amount": "0.0",
				"amount_gbp": "0.0"
			},
			"crystalised_loss": {
				"amount": "nan",
				"date": "nan"
			},
			"gross_yield": {
				"annualised": "11.350967495666751"
			}
		}
	}
}]
