[{
	"loan": {
		"seller": {
			"id": "13267"
		},
		"trade": {
			"id": "20417",
			"type": "PurchaseOrder",
			"advance": {
				"date": "2015-12-01",
				"amount": "48985.6",
				"amount_gbp": "48985.6",
				"percentage": "80.0"
			},
			"discount": {
				"percentage": "1.2",
				"on": "Advance"
			},
			"expected_payment_date": "2016-05-21 00:00:00 +0000",
			"settlement_date": "2016-02-02",
			"arrears": {
				"in_arrears": "No",
				"in_arrears_on_date": "nan"
			},
			"payment": {
				"state": "Repurchased"
			},
			"price_grade": "7",
			"currency": "GBP",
			"face_value": {
				"amount": "61232.0",
				"amount_gbp": "61232.0"
			},
			"outstanding_principal": {
				"amount": "0.0",
				"amount_gbp": "0.0"
			},
			"crystalised_loss": {
				"amount": "nan",
				"date": "nan"
			},
			"gross_yield": {
				"annualised": "15.389462418258605"
			}
		}
	}
}]
