[{
	"loan": {
		"seller": {
			"id": "13220"
		},
		"trade": {
			"id": "20505",
			"type": "LicenceFee",
			"advance": {
				"date": "2015-12-04",
				"amount": "14850.0",
				"amount_gbp": "14850.0",
				"percentage": "75.0"
			},
			"discount": {
				"percentage": "1.7",
				"on": "Advance"
			},
			"expected_payment_date": "2016-06-08 00:00:00 +0000",
			"settlement_date": "2016-04-29",
			"arrears": {
				"in_arrears": "No",
				"in_arrears_on_date": "nan"
			},
			"payment": {
				"state": "Paid"
			},
			"price_grade": "9",
			"currency": "GBP",
			"face_value": {
				"amount": "19800.0",
				"amount_gbp": "19800.0"
			},
			"outstanding_principal": {
				"amount": "0.0",
				"amount_gbp": "0.0"
			},
			"crystalised_loss": {
				"amount": "nan",
				"date": "nan"
			},
			"gross_yield": {
				"annualised": "22.419735005332388"
			}
		}
	}
}]
