[{
	"loan": {
		"seller": {
			"id": "15249"
		},
		"trade": {
			"id": "20552",
			"type": "Standard",
			"advance": {
				"date": "2015-11-30",
				"amount": "38064.11",
				"amount_gbp": "38064.11",
				"percentage": "75.0"
			},
			"discount": {
				"percentage": "1.2",
				"on": "Advance"
			},
			"expected_payment_date": "2016-02-03 00:00:00 +0000",
			"settlement_date": "2015-12-24",
			"arrears": {
				"in_arrears": "No",
				"in_arrears_on_date": "nan"
			},
			"payment": {
				"state": "Paid"
			},
			"price_grade": "7",
			"currency": "GBP",
			"face_value": {
				"amount": "50752.15",
				"amount_gbp": "50752.15"
			},
			"outstanding_principal": {
				"amount": "0.0",
				"amount_gbp": "0.0"
			},
			"crystalised_loss": {
				"amount": "nan",
				"date": "nan"
			},
			"gross_yield": {
				"annualised": "15.389462418258605"
			}
		}
	}
}]
