[{
	"loan": {
		"seller": {
			"id": "17605"
		},
		"trade": {
			"id": "20801",
			"type": "Standard",
			"advance": {
				"date": "2015-12-09",
				"amount": "94082.27",
				"amount_gbp": "94082.27",
				"percentage": "85.0"
			},
			"discount": {
				"percentage": "0.63",
				"on": "Advance"
			},
			"expected_payment_date": "2016-01-23 00:00:00 +0000",
			"settlement_date": "2016-01-26",
			"arrears": {
				"in_arrears": "No",
				"in_arrears_on_date": "nan"
			},
			"payment": {
				"state": "Repurchased"
			},
			"price_grade": "2",
			"currency": "GBP",
			"face_value": {
				"amount": "110685.0",
				"amount_gbp": "110685.0"
			},
			"outstanding_principal": {
				"amount": "0.0",
				"amount_gbp": "0.0"
			},
			"crystalised_loss": {
				"amount": "nan",
				"date": "nan"
			},
			"gross_yield": {
				"annualised": "7.82753380297514"
			}
		}
	}
}]
