[{
	"loan": {
		"seller": {
			"id": "15531"
		},
		"trade": {
			"id": "20913",
			"type": "MultiDebtor",
			"advance": {
				"date": "2015-12-16",
				"amount": "15789.07",
				"amount_gbp": "15789.07",
				"percentage": "68.0"
			},
			"discount": {
				"percentage": "0.96",
				"on": "Advance"
			},
			"expected_payment_date": "2016-02-14 00:00:00 +0000",
			"settlement_date": "2016-02-10",
			"arrears": {
				"in_arrears": "No",
				"in_arrears_on_date": "nan"
			},
			"payment": {
				"state": "Paid"
			},
			"price_grade": "6",
			"currency": "GBP",
			"face_value": {
				"amount": "23219.24",
				"amount_gbp": "23219.24"
			},
			"outstanding_principal": {
				"amount": "0.0",
				"amount_gbp": "0.0"
			},
			"crystalised_loss": {
				"amount": "nan",
				"date": "nan"
			},
			"gross_yield": {
				"annualised": "12.148147149224586"
			}
		}
	}
}]
