[{
	"loan": {
		"seller": {
			"id": "9592"
		},
		"trade": {
			"id": "20944",
			"type": "Standard",
			"advance": {
				"date": "2015-12-09",
				"amount": "130511.89",
				"amount_gbp": "130511.89",
				"percentage": "85.0"
			},
			"discount": {
				"percentage": "0.9",
				"on": "Advance"
			},
			"expected_payment_date": "2016-02-08 00:00:00 +0000",
			"settlement_date": "2015-12-30",
			"arrears": {
				"in_arrears": "No",
				"in_arrears_on_date": "nan"
			},
			"payment": {
				"state": "Paid"
			},
			"price_grade": "5",
			"currency": "GBP",
			"face_value": {
				"amount": "153543.37",
				"amount_gbp": "153543.37"
			},
			"outstanding_principal": {
				"amount": "0.0",
				"amount_gbp": "0.0"
			},
			"crystalised_loss": {
				"amount": "nan",
				"date": "nan"
			},
			"gross_yield": {
				"annualised": "11.350967495666751"
			}
		}
	}
}]
