[{
	"loan": {
		"seller": {
			"id": "19177"
		},
		"trade": {
			"id": "21178",
			"type": "Standard",
			"advance": {
				"date": "2015-12-18",
				"amount": "18661.79",
				"amount_gbp": "18661.79",
				"percentage": "85.0"
			},
			"discount": {
				"percentage": "0.8",
				"on": "Advance"
			},
			"expected_payment_date": "2016-01-20 00:00:00 +0000",
			"settlement_date": "2015-12-22",
			"arrears": {
				"in_arrears": "No",
				"in_arrears_on_date": "nan"
			},
			"payment": {
				"state": "Paid"
			},
			"price_grade": "4",
			"currency": "GBP",
			"face_value": {
				"amount": "21955.04",
				"amount_gbp": "21955.04"
			},
			"outstanding_principal": {
				"amount": "0.0",
				"amount_gbp": "0.0"
			},
			"crystalised_loss": {
				"amount": "nan",
				"date": "nan"
			},
			"gross_yield": {
				"annualised": "10.033869371614637"
			}
		}
	}
}]
