[{
	"loan": {
		"seller": {
			"id": "996"
		},
		"trade": {
			"id": "21343",
			"type": "Standard",
			"advance": {
				"date": "2015-12-17",
				"amount": "62987.97",
				"amount_gbp": "45767.059",
				"percentage": "85.0"
			},
			"discount": {
				"percentage": "0.7",
				"on": "Advance"
			},
			"expected_payment_date": "2016-02-04 00:00:00 +0000",
			"settlement_date": "2016-01-22",
			"arrears": {
				"in_arrears": "No",
				"in_arrears_on_date": "nan"
			},
			"payment": {
				"state": "Paid"
			},
			"price_grade": "3",
			"currency": "EUR",
			"face_value": {
				"amount": "74103.48",
				"amount_gbp": "53843.5877"
			},
			"outstanding_principal": {
				"amount": "0.0",
				"amount_gbp": "0.0"
			},
			"crystalised_loss": {
				"amount": "nan",
				"date": "nan"
			},
			"gross_yield": {
				"annualised": "8.731066191550553"
			}
		}
	}
}]
