[{
	"loan": {
		"seller": {
			"id": "16485"
		},
		"trade": {
			"id": "22580",
			"type": "Standard",
			"advance": {
				"date": "2015-12-24",
				"amount": "24167.34",
				"amount_gbp": "24167.34",
				"percentage": "80.0"
			},
			"discount": {
				"percentage": "1.0",
				"on": "Advance"
			},
			"expected_payment_date": "2016-02-18 00:00:00 +0000",
			"settlement_date": "2016-03-04",
			"arrears": {
				"in_arrears": "No",
				"in_arrears_on_date": "nan"
			},
			"payment": {
				"state": "Paid"
			},
			"price_grade": "6",
			"currency": "GBP",
			"face_value": {
				"amount": "30209.18",
				"amount_gbp": "30209.18"
			},
			"outstanding_principal": {
				"amount": "0.0",
				"amount_gbp": "0.0"
			},
			"crystalised_loss": {
				"amount": "nan",
				"date": "nan"
			},
			"gross_yield": {
				"annualised": "12.682503013196976"
			}
		}
	}
}]
