[{
	"loan": {
		"seller": {
			"id": "7869"
		},
		"trade": {
			"id": "22884",
			"type": "Standard",
			"advance": {
				"date": "2016-01-12",
				"amount": "90000.0",
				"amount_gbp": "90000.0",
				"percentage": "90.0"
			},
			"discount": {
				"percentage": "0.65",
				"on": "Advance"
			},
			"expected_payment_date": "2016-03-30 00:00:00 +0000",
			"settlement_date": "2016-03-14",
			"arrears": {
				"in_arrears": "No",
				"in_arrears_on_date": "nan"
			},
			"payment": {
				"state": "Paid"
			},
			"price_grade": "2",
			"currency": "GBP",
			"face_value": {
				"amount": "100000.0",
				"amount_gbp": "100000.0"
			},
			"outstanding_principal": {
				"amount": "0.0",
				"amount_gbp": "0.0"
			},
			"crystalised_loss": {
				"amount": "nan",
				"date": "nan"
			},
			"gross_yield": {
				"annualised": "8.084981036551554"
			}
		}
	}
}]
