[{
	"loan": {
		"seller": {
			"id": "2218"
		},
		"trade": {
			"id": "22996",
			"type": "Standard",
			"advance": {
				"date": "2016-01-15",
				"amount": "374370.43",
				"amount_gbp": "261208.615",
				"percentage": "76.41"
			},
			"discount": {
				"percentage": "0.7",
				"on": "Advance"
			},
			"expected_payment_date": "2016-03-30 00:00:00 +0000",
			"settlement_date": "2016-02-17",
			"arrears": {
				"in_arrears": "No",
				"in_arrears_on_date": "nan"
			},
			"payment": {
				"state": "Paid"
			},
			"price_grade": "3",
			"currency": "USD",
			"face_value": {
				"amount": "489949.55",
				"amount_gbp": "341851.3673"
			},
			"outstanding_principal": {
				"amount": "0.0",
				"amount_gbp": "0.0"
			},
			"crystalised_loss": {
				"amount": "nan",
				"date": "nan"
			},
			"gross_yield": {
				"annualised": "8.731066191550553"
			}
		}
	}
}]
