[{
	"loan": {
		"seller": {
			"id": "15145"
		},
		"trade": {
			"id": "23145",
			"type": "Standard",
			"advance": {
				"date": "2016-01-15",
				"amount": "63000.0",
				"amount_gbp": "63000.0",
				"percentage": "75.0"
			},
			"discount": {
				"percentage": "1.2",
				"on": "Advance"
			},
			"expected_payment_date": "2016-04-14 00:00:00 +0000",
			"settlement_date": "2016-04-06",
			"arrears": {
				"in_arrears": "No",
				"in_arrears_on_date": "nan"
			},
			"payment": {
				"state": "Paid"
			},
			"price_grade": "7",
			"currency": "GBP",
			"face_value": {
				"amount": "84000.0",
				"amount_gbp": "84000.0"
			},
			"outstanding_principal": {
				"amount": "0.0",
				"amount_gbp": "0.0"
			},
			"crystalised_loss": {
				"amount": "nan",
				"date": "nan"
			},
			"gross_yield": {
				"annualised": "15.389462418258605"
			}
		}
	}
}]
