[{
	"loan": {
		"seller": {
			"id": "14760"
		},
		"trade": {
			"id": "23329",
			"type": "Standard",
			"advance": {
				"date": "2016-01-21",
				"amount": "8611.48",
				"amount_gbp": "8611.48",
				"percentage": "70.0"
			},
			"discount": {
				"percentage": "0.9",
				"on": "Advance"
			},
			"expected_payment_date": "2016-02-10 00:00:00 +0000",
			"settlement_date": "2016-02-08",
			"arrears": {
				"in_arrears": "No",
				"in_arrears_on_date": "nan"
			},
			"payment": {
				"state": "Paid"
			},
			"price_grade": "5",
			"currency": "GBP",
			"face_value": {
				"amount": "12302.14",
				"amount_gbp": "12302.14"
			},
			"outstanding_principal": {
				"amount": "0.0",
				"amount_gbp": "0.0"
			},
			"crystalised_loss": {
				"amount": "nan",
				"date": "nan"
			},
			"gross_yield": {
				"annualised": "11.350967495666751"
			}
		}
	}
}]
