[{
	"loan": {
		"seller": {
			"id": "15105"
		},
		"trade": {
			"id": "23391",
			"type": "Standard",
			"advance": {
				"date": "2016-01-26",
				"amount": "8163.73",
				"amount_gbp": "8163.73",
				"percentage": "90.0"
			},
			"discount": {
				"percentage": "0.8",
				"on": "Advance"
			},
			"expected_payment_date": "2016-02-29 00:00:00 +0000",
			"settlement_date": "2016-02-02",
			"arrears": {
				"in_arrears": "No",
				"in_arrears_on_date": "nan"
			},
			"payment": {
				"state": "Paid"
			},
			"price_grade": "4",
			"currency": "GBP",
			"face_value": {
				"amount": "9070.8",
				"amount_gbp": "9070.8"
			},
			"outstanding_principal": {
				"amount": "0.0",
				"amount_gbp": "0.0"
			},
			"crystalised_loss": {
				"amount": "nan",
				"date": "nan"
			},
			"gross_yield": {
				"annualised": "10.033869371614637"
			}
		}
	}
}]
