[{
	"loan": {
		"seller": {
			"id": "15249"
		},
		"trade": {
			"id": "23515",
			"type": "Standard",
			"advance": {
				"date": "2016-01-28",
				"amount": "55835.35",
				"amount_gbp": "55835.35",
				"percentage": "55.0"
			},
			"discount": {
				"percentage": "1.4",
				"on": "Advance"
			},
			"expected_payment_date": "2016-03-21 00:00:00 +0000",
			"settlement_date": "2016-02-29",
			"arrears": {
				"in_arrears": "No",
				"in_arrears_on_date": "nan"
			},
			"payment": {
				"state": "Repurchased"
			},
			"price_grade": "8",
			"currency": "GBP",
			"face_value": {
				"amount": "101518.8",
				"amount_gbp": "101518.8"
			},
			"outstanding_principal": {
				"amount": "0.0",
				"amount_gbp": "0.0"
			},
			"crystalised_loss": {
				"amount": "nan",
				"date": "nan"
			},
			"gross_yield": {
				"annualised": "18.1559128918122"
			}
		}
	}
}]
