[{
	"loan": {
		"seller": {
			"id": "15105"
		},
		"trade": {
			"id": "23542",
			"type": "Standard",
			"advance": {
				"date": "2016-02-01",
				"amount": "25854.01",
				"amount_gbp": "18076.9033",
				"percentage": "85.0"
			},
			"discount": {
				"percentage": "0.9",
				"on": "Advance"
			},
			"expected_payment_date": "2016-03-25 00:00:00 +0000",
			"settlement_date": "2016-04-12",
			"arrears": {
				"in_arrears": "No",
				"in_arrears_on_date": "nan"
			},
			"payment": {
				"state": "Repurchased"
			},
			"price_grade": "5",
			"currency": "USD",
			"face_value": {
				"amount": "30416.5",
				"amount_gbp": "21266.9574"
			},
			"outstanding_principal": {
				"amount": "0.0",
				"amount_gbp": "0.0"
			},
			"crystalised_loss": {
				"amount": "nan",
				"date": "nan"
			},
			"gross_yield": {
				"annualised": "11.350967495666751"
			}
		}
	}
}]
