[{
	"loan": {
		"seller": {
			"id": "9592"
		},
		"trade": {
			"id": "23779",
			"type": "Standard",
			"advance": {
				"date": "2016-02-03",
				"amount": "51362.18",
				"amount_gbp": "35389.3077",
				"percentage": "85.0"
			},
			"discount": {
				"percentage": "0.9",
				"on": "Advance"
			},
			"expected_payment_date": "2016-04-02 00:00:00 +0000",
			"settlement_date": "2016-04-19",
			"arrears": {
				"in_arrears": "No",
				"in_arrears_on_date": "nan"
			},
			"payment": {
				"state": "Repurchased"
			},
			"price_grade": "5",
			"currency": "USD",
			"face_value": {
				"amount": "60426.08",
				"amount_gbp": "41634.47"
			},
			"outstanding_principal": {
				"amount": "0.0",
				"amount_gbp": "0.0"
			},
			"crystalised_loss": {
				"amount": "nan",
				"date": "nan"
			},
			"gross_yield": {
				"annualised": "11.350967495666751"
			}
		}
	}
}]
