[{
	"loan": {
		"seller": {
			"id": "9547"
		},
		"trade": {
			"id": "23846",
			"type": "Standard",
			"advance": {
				"date": "2016-02-04",
				"amount": "7680.0",
				"amount_gbp": "7680.0",
				"percentage": "80.0"
			},
			"discount": {
				"percentage": "1.4",
				"on": "Advance"
			},
			"expected_payment_date": "2016-03-30 00:00:00 +0000",
			"settlement_date": "2016-04-05",
			"arrears": {
				"in_arrears": "No",
				"in_arrears_on_date": "nan"
			},
			"payment": {
				"state": "Paid"
			},
			"price_grade": "8",
			"currency": "GBP",
			"face_value": {
				"amount": "9600.0",
				"amount_gbp": "9600.0"
			},
			"outstanding_principal": {
				"amount": "0.0",
				"amount_gbp": "0.0"
			},
			"crystalised_loss": {
				"amount": "nan",
				"date": "nan"
			},
			"gross_yield": {
				"annualised": "18.1559128918122"
			}
		}
	}
}]
