[{
	"loan": {
		"seller": {
			"id": "15105"
		},
		"trade": {
			"id": "23903",
			"type": "Standard",
			"advance": {
				"date": "2016-02-10",
				"amount": "8748.01",
				"amount_gbp": "8748.01",
				"percentage": "90.0"
			},
			"discount": {
				"percentage": "0.9",
				"on": "Advance"
			},
			"expected_payment_date": "2016-04-04 00:00:00 +0000",
			"settlement_date": "2016-04-18",
			"arrears": {
				"in_arrears": "No",
				"in_arrears_on_date": "nan"
			},
			"payment": {
				"state": "Paid"
			},
			"price_grade": "5",
			"currency": "GBP",
			"face_value": {
				"amount": "9720.0",
				"amount_gbp": "9720.0"
			},
			"outstanding_principal": {
				"amount": "0.0",
				"amount_gbp": "0.0"
			},
			"crystalised_loss": {
				"amount": "nan",
				"date": "nan"
			},
			"gross_yield": {
				"annualised": "11.350967495666751"
			}
		}
	}
}]
