[{
	"loan": {
		"seller": {
			"id": "19191"
		},
		"trade": {
			"id": "24004",
			"type": "MultiDebtor",
			"advance": {
				"date": "2016-02-18",
				"amount": "12043.68",
				"amount_gbp": "12043.68",
				"percentage": "85.0"
			},
			"discount": {
				"percentage": "1.1",
				"on": "Advance"
			},
			"expected_payment_date": "2016-03-25 00:00:00 +0000",
			"settlement_date": "2016-03-09",
			"arrears": {
				"in_arrears": "No",
				"in_arrears_on_date": "nan"
			},
			"payment": {
				"state": "Paid"
			},
			"price_grade": "6",
			"currency": "GBP",
			"face_value": {
				"amount": "14169.0",
				"amount_gbp": "14169.0"
			},
			"outstanding_principal": {
				"amount": "0.0",
				"amount_gbp": "0.0"
			},
			"crystalised_loss": {
				"amount": "nan",
				"date": "nan"
			},
			"gross_yield": {
				"annualised": "14.02861964998534"
			}
		}
	}
}]
