[{
	"loan": {
		"seller": {
			"id": "20673"
		},
		"trade": {
			"id": "24053",
			"type": "Standard",
			"advance": {
				"date": "2016-02-15",
				"amount": "30000.0",
				"amount_gbp": "30000.0",
				"percentage": "80.0"
			},
			"discount": {
				"percentage": "0.9",
				"on": "Advance"
			},
			"expected_payment_date": "2016-03-04 00:00:00 +0000",
			"settlement_date": "2016-03-09",
			"arrears": {
				"in_arrears": "No",
				"in_arrears_on_date": "nan"
			},
			"payment": {
				"state": "Paid"
			},
			"price_grade": "5",
			"currency": "GBP",
			"face_value": {
				"amount": "37500.0",
				"amount_gbp": "37500.0"
			},
			"outstanding_principal": {
				"amount": "0.0",
				"amount_gbp": "0.0"
			},
			"crystalised_loss": {
				"amount": "nan",
				"date": "nan"
			},
			"gross_yield": {
				"annualised": "11.350967495666751"
			}
		}
	}
}]
