[{
	"loan": {
		"seller": {
			"id": "7992"
		},
		"trade": {
			"id": "24141",
			"type": "Standard",
			"advance": {
				"date": "2016-02-15",
				"amount": "42354.9",
				"amount_gbp": "42354.9",
				"percentage": "80.0"
			},
			"discount": {
				"percentage": "0.8",
				"on": "Advance"
			},
			"expected_payment_date": "2016-04-23 00:00:00 +0000",
			"settlement_date": "2016-04-27",
			"arrears": {
				"in_arrears": "Yes",
				"in_arrears_on_date": "2016-04-26"
			},
			"payment": {
				"state": "Repurchased"
			},
			"price_grade": "4",
			"currency": "GBP",
			"face_value": {
				"amount": "52943.66",
				"amount_gbp": "52943.66"
			},
			"outstanding_principal": {
				"amount": "0.0",
				"amount_gbp": "0.0"
			},
			"crystalised_loss": {
				"amount": "Yes",
				"date": "2016-04-27"
			},
			"gross_yield": {
				"annualised": "10.033869371614637"
			}
		}
	}
}]
