[{
	"loan": {
		"seller": {
			"id": "20793"
		},
		"trade": {
			"id": "24268",
			"type": "Standard",
			"advance": {
				"date": "2016-02-26",
				"amount": "13770.0",
				"amount_gbp": "13770.0",
				"percentage": "85.0"
			},
			"discount": {
				"percentage": "0.8",
				"on": "Advance"
			},
			"expected_payment_date": "2016-04-05 00:00:00 +0000",
			"settlement_date": "2016-04-15",
			"arrears": {
				"in_arrears": "No",
				"in_arrears_on_date": "nan"
			},
			"payment": {
				"state": "Paid"
			},
			"price_grade": "4",
			"currency": "GBP",
			"face_value": {
				"amount": "16200.0",
				"amount_gbp": "16200.0"
			},
			"outstanding_principal": {
				"amount": "0.0",
				"amount_gbp": "0.0"
			},
			"crystalised_loss": {
				"amount": "nan",
				"date": "nan"
			},
			"gross_yield": {
				"annualised": "10.033869371614637"
			}
		}
	}
}]
