[{
	"loan": {
		"seller": {
			"id": "263"
		},
		"trade": {
			"id": "24638",
			"type": "Standard",
			"advance": {
				"date": "2016-03-04",
				"amount": "21056.4",
				"amount_gbp": "14871.9222",
				"percentage": "85.0"
			},
			"discount": {
				"percentage": "0.8",
				"on": "Advance"
			},
			"expected_payment_date": "2016-04-12 00:00:00 +0000",
			"settlement_date": "2016-03-18",
			"arrears": {
				"in_arrears": "No",
				"in_arrears_on_date": "nan"
			},
			"payment": {
				"state": "Paid"
			},
			"price_grade": "5",
			"currency": "USD",
			"face_value": {
				"amount": "24772.2",
				"amount_gbp": "17496.354"
			},
			"outstanding_principal": {
				"amount": "0.0",
				"amount_gbp": "0.0"
			},
			"crystalised_loss": {
				"amount": "nan",
				"date": "nan"
			},
			"gross_yield": {
				"annualised": "10.033869371614637"
			}
		}
	}
}]
