[{
	"loan": {
		"seller": {
			"id": "17816"
		},
		"trade": {
			"id": "24680",
			"type": "Standard",
			"advance": {
				"date": "2016-03-04",
				"amount": "49236.11",
				"amount_gbp": "49236.11",
				"percentage": "60.0"
			},
			"discount": {
				"percentage": "1.0",
				"on": "Advance"
			},
			"expected_payment_date": "2016-03-31 00:00:00 +0000",
			"settlement_date": "2016-04-12",
			"arrears": {
				"in_arrears": "No",
				"in_arrears_on_date": "nan"
			},
			"payment": {
				"state": "Paid"
			},
			"price_grade": "6",
			"currency": "GBP",
			"face_value": {
				"amount": "82060.17",
				"amount_gbp": "82060.17"
			},
			"outstanding_principal": {
				"amount": "0.0",
				"amount_gbp": "0.0"
			},
			"crystalised_loss": {
				"amount": "nan",
				"date": "nan"
			},
			"gross_yield": {
				"annualised": "12.682503013196976"
			}
		}
	}
}]
