[{
	"loan": {
		"seller": {
			"id": "9582"
		},
		"trade": {
			"id": "24842",
			"type": "Standard",
			"advance": {
				"date": "2016-03-10",
				"amount": "12967.92",
				"amount_gbp": "12967.92",
				"percentage": "80.0"
			},
			"discount": {
				"percentage": "0.9",
				"on": "Advance"
			},
			"expected_payment_date": "2016-03-31 00:00:00 +0000",
			"settlement_date": "2016-04-29",
			"arrears": {
				"in_arrears": "No",
				"in_arrears_on_date": "nan"
			},
			"payment": {
				"state": "Paid"
			},
			"price_grade": "5",
			"currency": "GBP",
			"face_value": {
				"amount": "16209.91",
				"amount_gbp": "16209.91"
			},
			"outstanding_principal": {
				"amount": "0.0",
				"amount_gbp": "0.0"
			},
			"crystalised_loss": {
				"amount": "nan",
				"date": "nan"
			},
			"gross_yield": {
				"annualised": "11.350967495666751"
			}
		}
	}
}]
