[{
	"loan": {
		"seller": {
			"id": "21206"
		},
		"trade": {
			"id": "25029",
			"type": "Standard",
			"advance": {
				"date": "2016-03-15",
				"amount": "47703.71",
				"amount_gbp": "47703.71",
				"percentage": "85.0"
			},
			"discount": {
				"percentage": "1.0",
				"on": "Advance"
			},
			"expected_payment_date": "2016-04-25 00:00:00 +0000",
			"settlement_date": "2016-04-22",
			"arrears": {
				"in_arrears": "No",
				"in_arrears_on_date": "nan"
			},
			"payment": {
				"state": "Paid"
			},
			"price_grade": "6",
			"currency": "GBP",
			"face_value": {
				"amount": "56122.01",
				"amount_gbp": "56122.01"
			},
			"outstanding_principal": {
				"amount": "0.0",
				"amount_gbp": "0.0"
			},
			"crystalised_loss": {
				"amount": "nan",
				"date": "nan"
			},
			"gross_yield": {
				"annualised": "12.682503013196976"
			}
		}
	}
}]
