[{
	"loan": {
		"seller": {
			"id": "17838"
		},
		"trade": {
			"id": "25091",
			"type": "Standard",
			"advance": {
				"date": "2016-03-15",
				"amount": "5914.2",
				"amount_gbp": "5914.2",
				"percentage": "85.0"
			},
			"discount": {
				"percentage": "0.9",
				"on": "Advance"
			},
			"expected_payment_date": "2016-04-14 00:00:00 +0000",
			"settlement_date": "2016-05-09",
			"arrears": {
				"in_arrears": "No",
				"in_arrears_on_date": "nan"
			},
			"payment": {
				"state": "Paid"
			},
			"price_grade": "5",
			"currency": "GBP",
			"face_value": {
				"amount": "6957.86",
				"amount_gbp": "6957.86"
			},
			"outstanding_principal": {
				"amount": "0.0",
				"amount_gbp": "0.0"
			},
			"crystalised_loss": {
				"amount": "nan",
				"date": "nan"
			},
			"gross_yield": {
				"annualised": "11.350967495666751"
			}
		}
	}
}]
