[{
	"loan": {
		"seller": {
			"id": "969"
		},
		"trade": {
			"id": "25300",
			"type": "Standard",
			"advance": {
				"date": "2016-03-22",
				"amount": "44252.99",
				"amount_gbp": "44252.99",
				"percentage": "85.0"
			},
			"discount": {
				"percentage": "1.4",
				"on": "Advance"
			},
			"expected_payment_date": "2016-04-22 00:00:00 +0000",
			"settlement_date": "2016-04-06",
			"arrears": {
				"in_arrears": "No",
				"in_arrears_on_date": "nan"
			},
			"payment": {
				"state": "Paid"
			},
			"price_grade": "8",
			"currency": "GBP",
			"face_value": {
				"amount": "52062.33",
				"amount_gbp": "52062.33"
			},
			"outstanding_principal": {
				"amount": "0.0",
				"amount_gbp": "0.0"
			},
			"crystalised_loss": {
				"amount": "nan",
				"date": "nan"
			},
			"gross_yield": {
				"annualised": "18.1559128918122"
			}
		}
	}
}]
