[{
	"loan": {
		"seller": {
			"id": "2399"
		},
		"trade": {
			"id": "25642",
			"type": "Standard",
			"advance": {
				"date": "2016-04-01",
				"amount": "48425.68",
				"amount_gbp": "48425.68",
				"percentage": "90.0"
			},
			"discount": {
				"percentage": "1.2",
				"on": "Advance"
			},
			"expected_payment_date": "2016-06-03 00:00:00 +0000",
			"settlement_date": "2016-05-20",
			"arrears": {
				"in_arrears": "No",
				"in_arrears_on_date": "nan"
			},
			"payment": {
				"state": "Paid"
			},
			"price_grade": "7",
			"currency": "GBP",
			"face_value": {
				"amount": "53806.31",
				"amount_gbp": "53806.31"
			},
			"outstanding_principal": {
				"amount": "0.0",
				"amount_gbp": "0.0"
			},
			"crystalised_loss": {
				"amount": "nan",
				"date": "nan"
			},
			"gross_yield": {
				"annualised": "15.389462418258605"
			}
		}
	}
}]
