[{
	"loan": {
		"seller": {
			"id": "9291"
		},
		"trade": {
			"id": "25750",
			"type": "Standard",
			"advance": {
				"date": "2016-04-05",
				"amount": "16139.72",
				"amount_gbp": "16139.72",
				"percentage": "90.0"
			},
			"discount": {
				"percentage": "0.8",
				"on": "Advance"
			},
			"expected_payment_date": "2016-05-13 00:00:00 +0000",
			"settlement_date": "2016-06-02",
			"arrears": {
				"in_arrears": "No",
				"in_arrears_on_date": "nan"
			},
			"payment": {
				"state": "Repurchased"
			},
			"price_grade": "4",
			"currency": "GBP",
			"face_value": {
				"amount": "17933.05",
				"amount_gbp": "17933.05"
			},
			"outstanding_principal": {
				"amount": "0.0",
				"amount_gbp": "0.0"
			},
			"crystalised_loss": {
				"amount": "nan",
				"date": "nan"
			},
			"gross_yield": {
				"annualised": "10.033869371614637"
			}
		}
	}
}]
