[{
	"loan": {
		"seller": {
			"id": "13220"
		},
		"trade": {
			"id": "25880",
			"type": "LicenceFee",
			"advance": {
				"date": "2016-04-11",
				"amount": "34020.0",
				"amount_gbp": "34020.0",
				"percentage": "75.0"
			},
			"discount": {
				"percentage": "1.2",
				"on": "Advance"
			},
			"expected_payment_date": "2016-10-10 00:00:00 +0000",
			"settlement_date": "2016-08-31",
			"arrears": {
				"in_arrears": "No",
				"in_arrears_on_date": "nan"
			},
			"payment": {
				"state": "Repurchased"
			},
			"price_grade": "7",
			"currency": "GBP",
			"face_value": {
				"amount": "45360.0",
				"amount_gbp": "45360.0"
			},
			"outstanding_principal": {
				"amount": "0.0",
				"amount_gbp": "0.0"
			},
			"crystalised_loss": {
				"amount": "nan",
				"date": "nan"
			},
			"gross_yield": {
				"annualised": "15.389462418258605"
			}
		}
	}
}]
