[{
	"loan": {
		"seller": {
			"id": "21718"
		},
		"trade": {
			"id": "26039",
			"type": "Standard",
			"advance": {
				"date": "2016-04-13",
				"amount": "9740.18",
				"amount_gbp": "9740.18",
				"percentage": "80.0"
			},
			"discount": {
				"percentage": "1.0",
				"on": "Advance"
			},
			"expected_payment_date": "2016-06-09 00:00:00 +0000",
			"settlement_date": "2016-06-02",
			"arrears": {
				"in_arrears": "No",
				"in_arrears_on_date": "nan"
			},
			"payment": {
				"state": "Paid"
			},
			"price_grade": "6",
			"currency": "GBP",
			"face_value": {
				"amount": "12175.2",
				"amount_gbp": "12175.2"
			},
			"outstanding_principal": {
				"amount": "0.0",
				"amount_gbp": "0.0"
			},
			"crystalised_loss": {
				"amount": "nan",
				"date": "nan"
			},
			"gross_yield": {
				"annualised": "12.682503013196976"
			}
		}
	}
}]
