[{
	"loan": {
		"seller": {
			"id": "18507"
		},
		"trade": {
			"id": "26202",
			"type": "Standard",
			"advance": {
				"date": "2016-04-20",
				"amount": "18706.29",
				"amount_gbp": "18706.29",
				"percentage": "60.0"
			},
			"discount": {
				"percentage": "0.8",
				"on": "Advance"
			},
			"expected_payment_date": "2016-05-10 00:00:00 +0000",
			"settlement_date": "2016-04-29",
			"arrears": {
				"in_arrears": "No",
				"in_arrears_on_date": "nan"
			},
			"payment": {
				"state": "Paid"
			},
			"price_grade": "4",
			"currency": "GBP",
			"face_value": {
				"amount": "31177.2",
				"amount_gbp": "31177.2"
			},
			"outstanding_principal": {
				"amount": "0.0",
				"amount_gbp": "0.0"
			},
			"crystalised_loss": {
				"amount": "nan",
				"date": "nan"
			},
			"gross_yield": {
				"annualised": "10.033869371614637"
			}
		}
	}
}]
