[{
	"loan": {
		"seller": {
			"id": "4743"
		},
		"trade": {
			"id": "26486",
			"type": "Standard",
			"advance": {
				"date": "2016-04-28",
				"amount": "32543.11",
				"amount_gbp": "32543.11",
				"percentage": "90.0"
			},
			"discount": {
				"percentage": "0.7",
				"on": "Advance"
			},
			"expected_payment_date": "2016-06-30 00:00:00 +0000",
			"settlement_date": "2016-06-07",
			"arrears": {
				"in_arrears": "No",
				"in_arrears_on_date": "nan"
			},
			"payment": {
				"state": "Repurchased"
			},
			"price_grade": "3",
			"currency": "GBP",
			"face_value": {
				"amount": "36159.0",
				"amount_gbp": "36159.0"
			},
			"outstanding_principal": {
				"amount": "0.0",
				"amount_gbp": "0.0"
			},
			"crystalised_loss": {
				"amount": "nan",
				"date": "nan"
			},
			"gross_yield": {
				"annualised": "8.731066191550553"
			}
		}
	}
}]
