[{
	"loan": {
		"seller": {
			"id": "22625"
		},
		"trade": {
			"id": "26594",
			"type": "Standard",
			"advance": {
				"date": "2016-05-12",
				"amount": "183914.41",
				"amount_gbp": "127378.7747",
				"percentage": "80.0"
			},
			"discount": {
				"percentage": "1.0",
				"on": "Advance"
			},
			"expected_payment_date": "2016-06-30 00:00:00 +0000",
			"settlement_date": "2016-07-11",
			"arrears": {
				"in_arrears": "No",
				"in_arrears_on_date": "nan"
			},
			"payment": {
				"state": "Paid"
			},
			"price_grade": "6",
			"currency": "USD",
			"face_value": {
				"amount": "229892.99",
				"amount_gbp": "159223.4526"
			},
			"outstanding_principal": {
				"amount": "0.0",
				"amount_gbp": "0.0"
			},
			"crystalised_loss": {
				"amount": "nan",
				"date": "nan"
			},
			"gross_yield": {
				"annualised": "12.682503013196976"
			}
		}
	}
}]
