[{
	"loan": {
		"seller": {
			"id": "10805"
		},
		"trade": {
			"id": "26605",
			"type": "Standard",
			"advance": {
				"date": "2016-05-04",
				"amount": "34140.93",
				"amount_gbp": "23526.2314",
				"percentage": "60.0"
			},
			"discount": {
				"percentage": "1.0",
				"on": "Advance"
			},
			"expected_payment_date": "2016-05-30 00:00:00 +0000",
			"settlement_date": "2016-05-17",
			"arrears": {
				"in_arrears": "No",
				"in_arrears_on_date": "nan"
			},
			"payment": {
				"state": "Paid"
			},
			"price_grade": "6",
			"currency": "USD",
			"face_value": {
				"amount": "56901.54",
				"amount_gbp": "39210.3788"
			},
			"outstanding_principal": {
				"amount": "0.0",
				"amount_gbp": "0.0"
			},
			"crystalised_loss": {
				"amount": "nan",
				"date": "nan"
			},
			"gross_yield": {
				"annualised": "12.682503013196976"
			}
		}
	}
}]
