[{
	"loan": {
		"seller": {
			"id": "2163"
		},
		"trade": {
			"id": "26717",
			"type": "Standard",
			"advance": {
				"date": "2016-05-04",
				"amount": "40320.0",
				"amount_gbp": "40320.0",
				"percentage": "70.0"
			},
			"discount": {
				"percentage": "1.0",
				"on": "Advance"
			},
			"expected_payment_date": "2016-05-27 00:00:00 +0000",
			"settlement_date": "2016-05-27",
			"arrears": {
				"in_arrears": "No",
				"in_arrears_on_date": "nan"
			},
			"payment": {
				"state": "Paid"
			},
			"price_grade": "6",
			"currency": "GBP",
			"face_value": {
				"amount": "57600.0",
				"amount_gbp": "57600.0"
			},
			"outstanding_principal": {
				"amount": "0.0",
				"amount_gbp": "0.0"
			},
			"crystalised_loss": {
				"amount": "nan",
				"date": "nan"
			},
			"gross_yield": {
				"annualised": "12.682503013196976"
			}
		}
	}
}]
