[{
	"loan": {
		"seller": {
			"id": "16059"
		},
		"trade": {
			"id": "27043",
			"type": "Standard",
			"advance": {
				"date": "2016-05-24",
				"amount": "21630.0",
				"amount_gbp": "21630.0",
				"percentage": "70.0"
			},
			"discount": {
				"percentage": "1.0",
				"on": "Advance"
			},
			"expected_payment_date": "2016-07-29 00:00:00 +0000",
			"settlement_date": "2016-07-06",
			"arrears": {
				"in_arrears": "No",
				"in_arrears_on_date": "nan"
			},
			"payment": {
				"state": "Paid"
			},
			"price_grade": "6",
			"currency": "GBP",
			"face_value": {
				"amount": "30900.0",
				"amount_gbp": "30900.0"
			},
			"outstanding_principal": {
				"amount": "0.0",
				"amount_gbp": "0.0"
			},
			"crystalised_loss": {
				"amount": "nan",
				"date": "nan"
			},
			"gross_yield": {
				"annualised": "12.682503013196976"
			}
		}
	}
}]
