[{
	"loan": {
		"seller": {
			"id": "11508"
		},
		"trade": {
			"id": "27106",
			"type": "Standard",
			"advance": {
				"date": "2016-05-16",
				"amount": "10308.49",
				"amount_gbp": "10308.49",
				"percentage": "80.0"
			},
			"discount": {
				"percentage": "0.8",
				"on": "Advance"
			},
			"expected_payment_date": "2016-07-15 00:00:00 +0000",
			"settlement_date": "2016-08-04",
			"arrears": {
				"in_arrears": "No",
				"in_arrears_on_date": "nan"
			},
			"payment": {
				"state": "Repurchased"
			},
			"price_grade": "4",
			"currency": "GBP",
			"face_value": {
				"amount": "12885.6",
				"amount_gbp": "12885.6"
			},
			"outstanding_principal": {
				"amount": "0.0",
				"amount_gbp": "0.0"
			},
			"crystalised_loss": {
				"amount": "nan",
				"date": "nan"
			},
			"gross_yield": {
				"annualised": "10.033869371614637"
			}
		}
	}
}]
