[{
	"loan": {
		"seller": {
			"id": "11508"
		},
		"trade": {
			"id": "27297",
			"type": "Standard",
			"advance": {
				"date": "2016-05-20",
				"amount": "12290.0",
				"amount_gbp": "12290.0",
				"percentage": "75.0"
			},
			"discount": {
				"percentage": "0.9",
				"on": "Advance"
			},
			"expected_payment_date": "2016-07-15 00:00:00 +0000",
			"settlement_date": "2016-08-04",
			"arrears": {
				"in_arrears": "No",
				"in_arrears_on_date": "nan"
			},
			"payment": {
				"state": "Repurchased"
			},
			"price_grade": "5",
			"currency": "GBP",
			"face_value": {
				"amount": "16386.61",
				"amount_gbp": "16386.61"
			},
			"outstanding_principal": {
				"amount": "0.0",
				"amount_gbp": "0.0"
			},
			"crystalised_loss": {
				"amount": "nan",
				"date": "nan"
			},
			"gross_yield": {
				"annualised": "11.350967495666751"
			}
		}
	}
}]
