[{
	"loan": {
		"seller": {
			"id": "16154"
		},
		"trade": {
			"id": "27556",
			"type": "Standard",
			"advance": {
				"date": "2016-06-02",
				"amount": "163149.0",
				"amount_gbp": "163149.0",
				"percentage": "85.0"
			},
			"discount": {
				"percentage": "1.0",
				"on": "Advance"
			},
			"expected_payment_date": "2016-07-15 00:00:00 +0000",
			"settlement_date": "2016-06-27",
			"arrears": {
				"in_arrears": "No",
				"in_arrears_on_date": "nan"
			},
			"payment": {
				"state": "Paid"
			},
			"price_grade": "6",
			"currency": "GBP",
			"face_value": {
				"amount": "191940.0",
				"amount_gbp": "191940.0"
			},
			"outstanding_principal": {
				"amount": "0.0",
				"amount_gbp": "0.0"
			},
			"crystalised_loss": {
				"amount": "nan",
				"date": "nan"
			},
			"gross_yield": {
				"annualised": "12.682503013196976"
			}
		}
	}
}]
