[{
	"loan": {
		"seller": {
			"id": "13192"
		},
		"trade": {
			"id": "28027",
			"type": "Standard",
			"advance": {
				"date": "2016-06-09",
				"amount": "8858.88",
				"amount_gbp": "8858.88",
				"percentage": "85.0"
			},
			"discount": {
				"percentage": "1.2",
				"on": "Advance"
			},
			"expected_payment_date": "2016-06-30 00:00:00 +0000",
			"settlement_date": "2016-06-24",
			"arrears": {
				"in_arrears": "No",
				"in_arrears_on_date": "nan"
			},
			"payment": {
				"state": "Paid"
			},
			"price_grade": "7",
			"currency": "GBP",
			"face_value": {
				"amount": "10422.19",
				"amount_gbp": "10422.19"
			},
			"outstanding_principal": {
				"amount": "0.0",
				"amount_gbp": "0.0"
			},
			"crystalised_loss": {
				"amount": "nan",
				"date": "nan"
			},
			"gross_yield": {
				"annualised": "15.389462418258605"
			}
		}
	}
}]
