[{
	"loan": {
		"seller": {
			"id": "13687"
		},
		"trade": {
			"id": "28070",
			"type": "Standard",
			"advance": {
				"date": "2016-06-16",
				"amount": "70767.61",
				"amount_gbp": "55927.6421",
				"percentage": "85.0"
			},
			"discount": {
				"percentage": "0.9",
				"on": "Advance"
			},
			"expected_payment_date": "2016-07-18 00:00:00 +0000",
			"settlement_date": "2016-07-05",
			"arrears": {
				"in_arrears": "No",
				"in_arrears_on_date": "nan"
			},
			"payment": {
				"state": "Paid"
			},
			"price_grade": "5",
			"currency": "EUR",
			"face_value": {
				"amount": "83256.0",
				"amount_gbp": "65797.2168"
			},
			"outstanding_principal": {
				"amount": "0.0",
				"amount_gbp": "0.0"
			},
			"crystalised_loss": {
				"amount": "nan",
				"date": "nan"
			},
			"gross_yield": {
				"annualised": "11.350967495666751"
			}
		}
	}
}]
