[{
	"loan": {
		"seller": {
			"id": "15531"
		},
		"trade": {
			"id": "28162",
			"type": "MultiDebtor",
			"advance": {
				"date": "2016-06-29",
				"amount": "10347.53",
				"amount_gbp": "10347.53",
				"percentage": "71.0"
			},
			"discount": {
				"percentage": "0.9",
				"on": "Advance"
			},
			"expected_payment_date": "2016-08-10 00:00:00 +0000",
			"settlement_date": "2016-09-02",
			"arrears": {
				"in_arrears": "No",
				"in_arrears_on_date": "nan"
			},
			"payment": {
				"state": "Repurchased"
			},
			"price_grade": "5",
			"currency": "GBP",
			"face_value": {
				"amount": "14574.0",
				"amount_gbp": "14574.0"
			},
			"outstanding_principal": {
				"amount": "0.0",
				"amount_gbp": "0.0"
			},
			"crystalised_loss": {
				"amount": "nan",
				"date": "nan"
			},
			"gross_yield": {
				"annualised": "11.350967495666751"
			}
		}
	}
}]
