[{
	"loan": {
		"seller": {
			"id": "23584"
		},
		"trade": {
			"id": "28359",
			"type": "Standard",
			"advance": {
				"date": "2016-06-17",
				"amount": "3368.8",
				"amount_gbp": "3368.8",
				"percentage": "70.0"
			},
			"discount": {
				"percentage": "1.4",
				"on": "Advance"
			},
			"expected_payment_date": "2016-07-01 00:00:00 +0000",
			"settlement_date": "2016-07-14",
			"arrears": {
				"in_arrears": "No",
				"in_arrears_on_date": "nan"
			},
			"payment": {
				"state": "Paid"
			},
			"price_grade": "8",
			"currency": "GBP",
			"face_value": {
				"amount": "4812.5",
				"amount_gbp": "4812.5"
			},
			"outstanding_principal": {
				"amount": "0.0",
				"amount_gbp": "0.0"
			},
			"crystalised_loss": {
				"amount": "nan",
				"date": "nan"
			},
			"gross_yield": {
				"annualised": "18.1559128918122"
			}
		}
	}
}]
