[{
	"loan": {
		"seller": {
			"id": "259"
		},
		"trade": {
			"id": "284",
			"type": "Standard",
			"advance": {
				"date": "2012-03-16",
				"amount": "20400.0",
				"amount_gbp": "20400.0",
				"percentage": "85.0"
			},
			"discount": {
				"percentage": "1.0",
				"on": "Facevalue"
			},
			"expected_payment_date": "2012-04-12 00:00:00 +0000",
			"settlement_date": "2012-10-23",
			"arrears": {
				"in_arrears": "Yes",
				"in_arrears_on_date": "2012-04-01"
			},
			"payment": {
				"state": "Paid"
			},
			"price_grade": "6",
			"currency": "GBP",
			"face_value": {
				"amount": "24000.0",
				"amount_gbp": "24000.0"
			},
			"outstanding_principal": {
				"amount": "0.0",
				"amount_gbp": "0.0"
			},
			"crystalised_loss": {
				"amount": "Yes",
				"date": "2012-10-01"
			},
			"gross_yield": {
				"annualised": "14.979654663773092"
			}
		}
	}
}]
