[{
	"loan": {
		"seller": {
			"id": "10050"
		},
		"trade": {
			"id": "28477",
			"type": "Standard",
			"advance": {
				"date": "2016-06-22",
				"amount": "8226.3",
				"amount_gbp": "8226.3",
				"percentage": "85.0"
			},
			"discount": {
				"percentage": "0.9",
				"on": "Advance"
			},
			"expected_payment_date": "2016-07-17 00:00:00 +0000",
			"settlement_date": "2016-07-13",
			"arrears": {
				"in_arrears": "No",
				"in_arrears_on_date": "nan"
			},
			"payment": {
				"state": "Paid"
			},
			"price_grade": "5",
			"currency": "GBP",
			"face_value": {
				"amount": "9678.0",
				"amount_gbp": "9678.0"
			},
			"outstanding_principal": {
				"amount": "0.0",
				"amount_gbp": "0.0"
			},
			"crystalised_loss": {
				"amount": "nan",
				"date": "nan"
			},
			"gross_yield": {
				"annualised": "11.350967495666751"
			}
		}
	}
}]
