[{
	"loan": {
		"seller": {
			"id": "13604"
		},
		"trade": {
			"id": "28532",
			"type": "Standard",
			"advance": {
				"date": "2016-06-22",
				"amount": "335462.6",
				"amount_gbp": "335462.6",
				"percentage": "85.0"
			},
			"discount": {
				"percentage": "0.63",
				"on": "Advance"
			},
			"expected_payment_date": "2016-07-22 00:00:00 +0000",
			"settlement_date": "2016-07-11",
			"arrears": {
				"in_arrears": "No",
				"in_arrears_on_date": "nan"
			},
			"payment": {
				"state": "Paid"
			},
			"price_grade": "2",
			"currency": "GBP",
			"face_value": {
				"amount": "394661.87",
				"amount_gbp": "394661.87"
			},
			"outstanding_principal": {
				"amount": "0.0",
				"amount_gbp": "0.0"
			},
			"crystalised_loss": {
				"amount": "nan",
				"date": "nan"
			},
			"gross_yield": {
				"annualised": "7.82753380297514"
			}
		}
	}
}]
