[{
	"loan": {
		"seller": {
			"id": "1515"
		},
		"trade": {
			"id": "2864",
			"type": "Standard",
			"advance": {
				"date": "2013-10-02",
				"amount": "144010.78",
				"amount_gbp": "144010.78",
				"percentage": "85.0"
			},
			"discount": {
				"percentage": "1.1",
				"on": "Facevalue"
			},
			"expected_payment_date": "2013-11-08 00:00:00 +0000",
			"settlement_date": "2013-10-25",
			"arrears": {
				"in_arrears": "No",
				"in_arrears_on_date": "nan"
			},
			"payment": {
				"state": "Paid"
			},
			"price_grade": "7",
			"currency": "GBP",
			"face_value": {
				"amount": "169424.42",
				"amount_gbp": "169424.42"
			},
			"outstanding_principal": {
				"amount": "0.0",
				"amount_gbp": "0.0"
			},
			"crystalised_loss": {
				"amount": "nan",
				"date": "nan"
			},
			"gross_yield": {
				"annualised": "16.62693264946857"
			}
		}
	}
}]
