[{
	"loan": {
		"seller": {
			"id": "9963"
		},
		"trade": {
			"id": "28924",
			"type": "Standard",
			"advance": {
				"date": "2016-07-04",
				"amount": "13413.58",
				"amount_gbp": "13413.58",
				"percentage": "80.0"
			},
			"discount": {
				"percentage": "0.8",
				"on": "Advance"
			},
			"expected_payment_date": "2016-07-31 00:00:00 +0000",
			"settlement_date": "2016-08-01",
			"arrears": {
				"in_arrears": "No",
				"in_arrears_on_date": "nan"
			},
			"payment": {
				"state": "Paid"
			},
			"price_grade": "4",
			"currency": "GBP",
			"face_value": {
				"amount": "16767.0",
				"amount_gbp": "16767.0"
			},
			"outstanding_principal": {
				"amount": "0.0",
				"amount_gbp": "0.0"
			},
			"crystalised_loss": {
				"amount": "nan",
				"date": "nan"
			},
			"gross_yield": {
				"annualised": "10.033869371614637"
			}
		}
	}
}]
