[{
	"loan": {
		"seller": {
			"id": "8716"
		},
		"trade": {
			"id": "28973",
			"type": "Standard",
			"advance": {
				"date": "2016-07-05",
				"amount": "20549.9",
				"amount_gbp": "20549.9",
				"percentage": "90.0"
			},
			"discount": {
				"percentage": "0.55",
				"on": "Advance"
			},
			"expected_payment_date": "2016-08-16 00:00:00 +0000",
			"settlement_date": "2016-08-04",
			"arrears": {
				"in_arrears": "No",
				"in_arrears_on_date": "nan"
			},
			"payment": {
				"state": "Paid"
			},
			"price_grade": "1",
			"currency": "GBP",
			"face_value": {
				"amount": "22833.23",
				"amount_gbp": "22833.23"
			},
			"outstanding_principal": {
				"amount": "0.0",
				"amount_gbp": "0.0"
			},
			"crystalised_loss": {
				"amount": "nan",
				"date": "nan"
			},
			"gross_yield": {
				"annualised": "6.803355946764843"
			}
		}
	}
}]
