[{
	"loan": {
		"seller": {
			"id": "299"
		},
		"trade": {
			"id": "2921",
			"type": "Standard",
			"advance": {
				"date": "2013-10-17",
				"amount": "7235.52",
				"amount_gbp": "7235.52",
				"percentage": "85.0"
			},
			"discount": {
				"percentage": "1.2",
				"on": "Facevalue"
			},
			"expected_payment_date": "2013-11-30 00:00:00 +0000",
			"settlement_date": "2013-11-05",
			"arrears": {
				"in_arrears": "No",
				"in_arrears_on_date": "nan"
			},
			"payment": {
				"state": "Paid"
			},
			"price_grade": "7",
			"currency": "GBP",
			"face_value": {
				"amount": "8512.38",
				"amount_gbp": "8512.38"
			},
			"outstanding_principal": {
				"amount": "0.0",
				"amount_gbp": "0.0"
			},
			"crystalised_loss": {
				"amount": "nan",
				"date": "nan"
			},
			"gross_yield": {
				"annualised": "18.29581824385631"
			}
		}
	}
}]
