[{
	"loan": {
		"seller": {
			"id": "8783"
		},
		"trade": {
			"id": "29231",
			"type": "Standard",
			"advance": {
				"date": "2016-07-13",
				"amount": "11717.1",
				"amount_gbp": "11717.1",
				"percentage": "80.0"
			},
			"discount": {
				"percentage": "0.8",
				"on": "Advance"
			},
			"expected_payment_date": "2016-09-09 00:00:00 +0000",
			"settlement_date": "2016-07-22",
			"arrears": {
				"in_arrears": "No",
				"in_arrears_on_date": "nan"
			},
			"payment": {
				"state": "Repurchased"
			},
			"price_grade": "4",
			"currency": "GBP",
			"face_value": {
				"amount": "14646.35",
				"amount_gbp": "14646.35"
			},
			"outstanding_principal": {
				"amount": "0.0",
				"amount_gbp": "0.0"
			},
			"crystalised_loss": {
				"amount": "nan",
				"date": "nan"
			},
			"gross_yield": {
				"annualised": "10.033869371614637"
			}
		}
	}
}]
