[{
	"loan": {
		"seller": {
			"id": "11508"
		},
		"trade": {
			"id": "29289",
			"type": "Standard",
			"advance": {
				"date": "2016-07-19",
				"amount": "8264.11",
				"amount_gbp": "8264.11",
				"percentage": "80.0"
			},
			"discount": {
				"percentage": "0.8",
				"on": "Advance"
			},
			"expected_payment_date": "2016-09-09 00:00:00 +0000",
			"settlement_date": "2016-09-22",
			"arrears": {
				"in_arrears": "No",
				"in_arrears_on_date": "nan"
			},
			"payment": {
				"state": "Paid"
			},
			"price_grade": "4",
			"currency": "GBP",
			"face_value": {
				"amount": "10330.11",
				"amount_gbp": "10330.11"
			},
			"outstanding_principal": {
				"amount": "0.0",
				"amount_gbp": "0.0"
			},
			"crystalised_loss": {
				"amount": "nan",
				"date": "nan"
			},
			"gross_yield": {
				"annualised": "10.033869371614637"
			}
		}
	}
}]
