[{
	"loan": {
		"seller": {
			"id": "26416"
		},
		"trade": {
			"id": "29374",
			"type": "Standard",
			"advance": {
				"date": "2016-12-15",
				"amount": "10080.87",
				"amount_gbp": "10080.87",
				"percentage": "85.0"
			},
			"discount": {
				"percentage": "0.7",
				"on": "Advance"
			},
			"expected_payment_date": "2017-02-15 00:00:00 +0000",
			"settlement_date": "2017-01-13",
			"arrears": {
				"in_arrears": "No",
				"in_arrears_on_date": "nan"
			},
			"payment": {
				"state": "Paid"
			},
			"price_grade": "3",
			"currency": "GBP",
			"face_value": {
				"amount": "11859.83",
				"amount_gbp": "11859.83"
			},
			"outstanding_principal": {
				"amount": "0.0",
				"amount_gbp": "0.0"
			},
			"crystalised_loss": {
				"amount": "nan",
				"date": "nan"
			},
			"gross_yield": {
				"annualised": "8.731066191550553"
			}
		}
	}
}]
