[{
	"loan": {
		"seller": {
			"id": "1571"
		},
		"trade": {
			"id": "2976",
			"type": "Standard",
			"advance": {
				"date": "2013-10-18",
				"amount": "5906.27",
				"amount_gbp": "5906.27",
				"percentage": "75.0"
			},
			"discount": {
				"percentage": "1.25",
				"on": "Facevalue"
			},
			"expected_payment_date": "2013-11-29 00:00:00 +0000",
			"settlement_date": "2013-11-15",
			"arrears": {
				"in_arrears": "No",
				"in_arrears_on_date": "nan"
			},
			"payment": {
				"state": "Paid"
			},
			"price_grade": "8",
			"currency": "GBP",
			"face_value": {
				"amount": "7875.0",
				"amount_gbp": "7875.0"
			},
			"outstanding_principal": {
				"amount": "0.0",
				"amount_gbp": "0.0"
			},
			"crystalised_loss": {
				"amount": "nan",
				"date": "nan"
			},
			"gross_yield": {
				"annualised": "21.843191003260756"
			}
		}
	}
}]
