[{
	"loan": {
		"seller": {
			"id": "18576"
		},
		"trade": {
			"id": "29773",
			"type": "Standard",
			"advance": {
				"date": "2016-07-28",
				"amount": "4852.31",
				"amount_gbp": "4852.31",
				"percentage": "80.0"
			},
			"discount": {
				"percentage": "0.9",
				"on": "Advance"
			},
			"expected_payment_date": "2016-09-30 00:00:00 +0000",
			"settlement_date": "2016-09-20",
			"arrears": {
				"in_arrears": "No",
				"in_arrears_on_date": "nan"
			},
			"payment": {
				"state": "Paid"
			},
			"price_grade": "5",
			"currency": "GBP",
			"face_value": {
				"amount": "6065.4",
				"amount_gbp": "6065.4"
			},
			"outstanding_principal": {
				"amount": "0.0",
				"amount_gbp": "0.0"
			},
			"crystalised_loss": {
				"amount": "nan",
				"date": "nan"
			},
			"gross_yield": {
				"annualised": "11.350967495666751"
			}
		}
	}
}]
