[{
	"loan": {
		"seller": {
			"id": "21534"
		},
		"trade": {
			"id": "29909",
			"type": "Standard",
			"advance": {
				"date": "2016-08-02",
				"amount": "80000.0",
				"amount_gbp": "60259.0905",
				"percentage": "80.0"
			},
			"discount": {
				"percentage": "0.9",
				"on": "Advance"
			},
			"expected_payment_date": "2016-09-12 00:00:00 +0000",
			"settlement_date": "2016-10-11",
			"arrears": {
				"in_arrears": "No",
				"in_arrears_on_date": "nan"
			},
			"payment": {
				"state": "Repurchased"
			},
			"price_grade": "5",
			"currency": "USD",
			"face_value": {
				"amount": "100000.0",
				"amount_gbp": "75323.8631"
			},
			"outstanding_principal": {
				"amount": "0.0",
				"amount_gbp": "0.0"
			},
			"crystalised_loss": {
				"amount": "nan",
				"date": "nan"
			},
			"gross_yield": {
				"annualised": "11.350967495666751"
			}
		}
	}
}]
