[{
	"loan": {
		"seller": {
			"id": "1351"
		},
		"trade": {
			"id": "2999",
			"type": "Standard",
			"advance": {
				"date": "2013-10-22",
				"amount": "2966.4",
				"amount_gbp": "2966.4",
				"percentage": "80.0"
			},
			"discount": {
				"percentage": "1.0",
				"on": "Facevalue"
			},
			"expected_payment_date": "2013-12-10 00:00:00 +0000",
			"settlement_date": "2013-11-13",
			"arrears": {
				"in_arrears": "No",
				"in_arrears_on_date": "nan"
			},
			"payment": {
				"state": "Paid"
			},
			"price_grade": "6",
			"currency": "GBP",
			"face_value": {
				"amount": "3708.0",
				"amount_gbp": "3708.0"
			},
			"outstanding_principal": {
				"amount": "0.0",
				"amount_gbp": "0.0"
			},
			"crystalised_loss": {
				"amount": "nan",
				"date": "nan"
			},
			"gross_yield": {
				"annualised": "16.075451772299807"
			}
		}
	}
}]
