[{
	"loan": {
		"seller": {
			"id": "14125"
		},
		"trade": {
			"id": "30102",
			"type": "Standard",
			"advance": {
				"date": "2016-08-04",
				"amount": "39575.99",
				"amount_gbp": "39575.99",
				"percentage": "85.0"
			},
			"discount": {
				"percentage": "0.63",
				"on": "Advance"
			},
			"expected_payment_date": "2016-09-08 00:00:00 +0000",
			"settlement_date": "2016-08-26",
			"arrears": {
				"in_arrears": "No",
				"in_arrears_on_date": "nan"
			},
			"payment": {
				"state": "Paid"
			},
			"price_grade": "2",
			"currency": "GBP",
			"face_value": {
				"amount": "46560.0",
				"amount_gbp": "46560.0"
			},
			"outstanding_principal": {
				"amount": "0.0",
				"amount_gbp": "0.0"
			},
			"crystalised_loss": {
				"amount": "nan",
				"date": "nan"
			},
			"gross_yield": {
				"annualised": "7.82753380297514"
			}
		}
	}
}]
