[{
	"loan": {
		"seller": {
			"id": "8520"
		},
		"trade": {
			"id": "30293",
			"type": "Standard",
			"advance": {
				"date": "2016-08-10",
				"amount": "30600.0",
				"amount_gbp": "30600.0",
				"percentage": "85.0"
			},
			"discount": {
				"percentage": "0.9",
				"on": "Advance"
			},
			"expected_payment_date": "2016-09-08 00:00:00 +0000",
			"settlement_date": "2016-09-02",
			"arrears": {
				"in_arrears": "No",
				"in_arrears_on_date": "nan"
			},
			"payment": {
				"state": "Paid"
			},
			"price_grade": "5",
			"currency": "GBP",
			"face_value": {
				"amount": "36000.0",
				"amount_gbp": "36000.0"
			},
			"outstanding_principal": {
				"amount": "0.0",
				"amount_gbp": "0.0"
			},
			"crystalised_loss": {
				"amount": "nan",
				"date": "nan"
			},
			"gross_yield": {
				"annualised": "11.350967495666751"
			}
		}
	}
}]
