[{
	"loan": {
		"seller": {
			"id": "19177"
		},
		"trade": {
			"id": "30339",
			"type": "Standard",
			"advance": {
				"date": "2016-08-12",
				"amount": "2121.6",
				"amount_gbp": "2121.6",
				"percentage": "85.0"
			},
			"discount": {
				"percentage": "1.2",
				"on": "Advance"
			},
			"expected_payment_date": "2016-09-30 00:00:00 +0000",
			"settlement_date": "2016-11-03",
			"arrears": {
				"in_arrears": "No",
				"in_arrears_on_date": "nan"
			},
			"payment": {
				"state": "Repurchased"
			},
			"price_grade": "7",
			"currency": "GBP",
			"face_value": {
				"amount": "2496.0",
				"amount_gbp": "2496.0"
			},
			"outstanding_principal": {
				"amount": "0.0",
				"amount_gbp": "0.0"
			},
			"crystalised_loss": {
				"amount": "nan",
				"date": "nan"
			},
			"gross_yield": {
				"annualised": "15.389462418258605"
			}
		}
	}
}]
