[{
	"loan": {
		"seller": {
			"id": "2399"
		},
		"trade": {
			"id": "30381",
			"type": "Standard",
			"advance": {
				"date": "2016-08-12",
				"amount": "13511.58",
				"amount_gbp": "13511.58",
				"percentage": "85.0"
			},
			"discount": {
				"percentage": "0.9",
				"on": "Advance"
			},
			"expected_payment_date": "2016-10-14 00:00:00 +0000",
			"settlement_date": "2016-09-09",
			"arrears": {
				"in_arrears": "No",
				"in_arrears_on_date": "nan"
			},
			"payment": {
				"state": "Paid"
			},
			"price_grade": "5",
			"currency": "GBP",
			"face_value": {
				"amount": "15895.96",
				"amount_gbp": "15895.96"
			},
			"outstanding_principal": {
				"amount": "0.0",
				"amount_gbp": "0.0"
			},
			"crystalised_loss": {
				"amount": "nan",
				"date": "nan"
			},
			"gross_yield": {
				"annualised": "11.350967495666751"
			}
		}
	}
}]
