[{
	"loan": {
		"seller": {
			"id": "23262"
		},
		"trade": {
			"id": "30417",
			"type": "Standard",
			"advance": {
				"date": "2016-08-17",
				"amount": "21722.41",
				"amount_gbp": "21722.41",
				"percentage": "70.0"
			},
			"discount": {
				"percentage": "0.8",
				"on": "Advance"
			},
			"expected_payment_date": "2016-10-19 00:00:00 +0000",
			"settlement_date": "2016-09-21",
			"arrears": {
				"in_arrears": "No",
				"in_arrears_on_date": "nan"
			},
			"payment": {
				"state": "Paid"
			},
			"price_grade": "4",
			"currency": "GBP",
			"face_value": {
				"amount": "31032.0",
				"amount_gbp": "31032.0"
			},
			"outstanding_principal": {
				"amount": "0.0",
				"amount_gbp": "0.0"
			},
			"crystalised_loss": {
				"amount": "nan",
				"date": "nan"
			},
			"gross_yield": {
				"annualised": "10.033869371614637"
			}
		}
	}
}]
