[{
	"loan": {
		"seller": {
			"id": "10977"
		},
		"trade": {
			"id": "30552",
			"type": "Standard",
			"advance": {
				"date": "2016-08-22",
				"amount": "26971.47",
				"amount_gbp": "26971.47",
				"percentage": "85.0"
			},
			"discount": {
				"percentage": "0.7",
				"on": "Advance"
			},
			"expected_payment_date": "2016-09-05 00:00:00 +0000",
			"settlement_date": "2016-09-02",
			"arrears": {
				"in_arrears": "No",
				"in_arrears_on_date": "nan"
			},
			"payment": {
				"state": "Paid"
			},
			"price_grade": "3",
			"currency": "GBP",
			"face_value": {
				"amount": "31731.14",
				"amount_gbp": "31731.14"
			},
			"outstanding_principal": {
				"amount": "0.0",
				"amount_gbp": "0.0"
			},
			"crystalised_loss": {
				"amount": "nan",
				"date": "nan"
			},
			"gross_yield": {
				"annualised": "8.731066191550553"
			}
		}
	}
}]
