[{
	"loan": {
		"seller": {
			"id": "578"
		},
		"trade": {
			"id": "3058",
			"type": "Standard",
			"advance": {
				"date": "2013-10-29",
				"amount": "13230.71",
				"amount_gbp": "13230.71",
				"percentage": "90.0"
			},
			"discount": {
				"percentage": "0.5",
				"on": "Facevalue"
			},
			"expected_payment_date": "2013-12-10 00:00:00 +0000",
			"settlement_date": "2013-11-25",
			"arrears": {
				"in_arrears": "No",
				"in_arrears_on_date": "nan"
			},
			"payment": {
				"state": "Paid"
			},
			"price_grade": "4",
			"currency": "GBP",
			"face_value": {
				"amount": "14700.78",
				"amount_gbp": "14700.78"
			},
			"outstanding_principal": {
				"amount": "0.0",
				"amount_gbp": "0.0"
			},
			"crystalised_loss": {
				"amount": "nan",
				"date": "nan"
			},
			"gross_yield": {
				"annualised": "6.803355946764843"
			}
		}
	}
}]
