[{
	"loan": {
		"seller": {
			"id": "2399"
		},
		"trade": {
			"id": "30694",
			"type": "Standard",
			"advance": {
				"date": "2016-08-24",
				"amount": "11644.49",
				"amount_gbp": "11644.49",
				"percentage": "90.0"
			},
			"discount": {
				"percentage": "1.0",
				"on": "Advance"
			},
			"expected_payment_date": "2016-10-28 00:00:00 +0000",
			"settlement_date": "2016-09-30",
			"arrears": {
				"in_arrears": "No",
				"in_arrears_on_date": "nan"
			},
			"payment": {
				"state": "Paid"
			},
			"price_grade": "6",
			"currency": "GBP",
			"face_value": {
				"amount": "12938.33",
				"amount_gbp": "12938.33"
			},
			"outstanding_principal": {
				"amount": "0.0",
				"amount_gbp": "0.0"
			},
			"crystalised_loss": {
				"amount": "nan",
				"date": "nan"
			},
			"gross_yield": {
				"annualised": "12.682503013196976"
			}
		}
	}
}]
