[{
	"loan": {
		"seller": {
			"id": "23775"
		},
		"trade": {
			"id": "30769",
			"type": "Standard",
			"advance": {
				"date": "2016-08-31",
				"amount": "5259.29",
				"amount_gbp": "5259.29",
				"percentage": "55.0"
			},
			"discount": {
				"percentage": "1.0",
				"on": "Advance"
			},
			"expected_payment_date": "2016-11-23 00:00:00 +0000",
			"settlement_date": "2016-11-18",
			"arrears": {
				"in_arrears": "No",
				"in_arrears_on_date": "nan"
			},
			"payment": {
				"state": "Paid"
			},
			"price_grade": "6",
			"currency": "GBP",
			"face_value": {
				"amount": "9562.3",
				"amount_gbp": "9562.3"
			},
			"outstanding_principal": {
				"amount": "0.0",
				"amount_gbp": "0.0"
			},
			"crystalised_loss": {
				"amount": "nan",
				"date": "nan"
			},
			"gross_yield": {
				"annualised": "12.682503013196976"
			}
		}
	}
}]
