[{
	"loan": {
		"seller": {
			"id": "18576"
		},
		"trade": {
			"id": "30801",
			"type": "Standard",
			"advance": {
				"date": "2016-08-30",
				"amount": "29845.4",
				"amount_gbp": "22760.8588",
				"percentage": "80.0"
			},
			"discount": {
				"percentage": "0.9",
				"on": "Advance"
			},
			"expected_payment_date": "2016-10-31 00:00:00 +0000",
			"settlement_date": "2016-10-14",
			"arrears": {
				"in_arrears": "No",
				"in_arrears_on_date": "nan"
			},
			"payment": {
				"state": "Paid"
			},
			"price_grade": "5",
			"currency": "USD",
			"face_value": {
				"amount": "37306.75",
				"amount_gbp": "28451.0732"
			},
			"outstanding_principal": {
				"amount": "0.0",
				"amount_gbp": "0.0"
			},
			"crystalised_loss": {
				"amount": "nan",
				"date": "nan"
			},
			"gross_yield": {
				"annualised": "11.350967495666751"
			}
		}
	}
}]
