[{
	"loan": {
		"seller": {
			"id": "10202"
		},
		"trade": {
			"id": "30856",
			"type": "Standard",
			"advance": {
				"date": "2016-08-30",
				"amount": "50896.62",
				"amount_gbp": "38815.053",
				"percentage": "75.0"
			},
			"discount": {
				"percentage": "0.9",
				"on": "Advance"
			},
			"expected_payment_date": "2016-11-03 00:00:00 +0000",
			"settlement_date": "2016-10-24",
			"arrears": {
				"in_arrears": "No",
				"in_arrears_on_date": "nan"
			},
			"payment": {
				"state": "Paid"
			},
			"price_grade": "5",
			"currency": "USD",
			"face_value": {
				"amount": "67862.16",
				"amount_gbp": "51753.404"
			},
			"outstanding_principal": {
				"amount": "0.0",
				"amount_gbp": "0.0"
			},
			"crystalised_loss": {
				"amount": "nan",
				"date": "nan"
			},
			"gross_yield": {
				"annualised": "11.350967495666751"
			}
		}
	}
}]
