[{
	"loan": {
		"seller": {
			"id": "774"
		},
		"trade": {
			"id": "30944",
			"type": "MultiDebtor",
			"advance": {
				"date": "2016-09-05",
				"amount": "12132.0",
				"amount_gbp": "12132.0",
				"percentage": "80.0"
			},
			"discount": {
				"percentage": "0.9",
				"on": "Advance"
			},
			"expected_payment_date": "2016-10-31 00:00:00 +0000",
			"settlement_date": "2016-10-06",
			"arrears": {
				"in_arrears": "No",
				"in_arrears_on_date": "nan"
			},
			"payment": {
				"state": "Repurchased"
			},
			"price_grade": "5",
			"currency": "GBP",
			"face_value": {
				"amount": "15165.0",
				"amount_gbp": "15165.0"
			},
			"outstanding_principal": {
				"amount": "0.0",
				"amount_gbp": "0.0"
			},
			"crystalised_loss": {
				"amount": "nan",
				"date": "nan"
			},
			"gross_yield": {
				"annualised": "11.350967495666751"
			}
		}
	}
}]
