[{
	"loan": {
		"seller": {
			"id": "443"
		},
		"trade": {
			"id": "31085",
			"type": "Standard",
			"advance": {
				"date": "2016-09-08",
				"amount": "7364.4",
				"amount_gbp": "7364.4",
				"percentage": "85.0"
			},
			"discount": {
				"percentage": "0.8",
				"on": "Advance"
			},
			"expected_payment_date": "2016-10-14 00:00:00 +0000",
			"settlement_date": "2016-09-16",
			"arrears": {
				"in_arrears": "No",
				"in_arrears_on_date": "nan"
			},
			"payment": {
				"state": "Repurchased"
			},
			"price_grade": "4",
			"currency": "GBP",
			"face_value": {
				"amount": "8664.0",
				"amount_gbp": "8664.0"
			},
			"outstanding_principal": {
				"amount": "0.0",
				"amount_gbp": "0.0"
			},
			"crystalised_loss": {
				"amount": "nan",
				"date": "nan"
			},
			"gross_yield": {
				"annualised": "10.033869371614637"
			}
		}
	}
}]
