[{
	"loan": {
		"seller": {
			"id": "8887"
		},
		"trade": {
			"id": "31178",
			"type": "PurchaseOrder",
			"advance": {
				"date": "2016-09-12",
				"amount": "63578.25",
				"amount_gbp": "63578.25",
				"percentage": "80.0"
			},
			"discount": {
				"percentage": "1.0",
				"on": "Advance"
			},
			"expected_payment_date": "2017-01-17 00:00:00 +0000",
			"settlement_date": "2016-10-13",
			"arrears": {
				"in_arrears": "No",
				"in_arrears_on_date": "nan"
			},
			"payment": {
				"state": "Paid"
			},
			"price_grade": "6",
			"currency": "GBP",
			"face_value": {
				"amount": "79472.81",
				"amount_gbp": "79472.81"
			},
			"outstanding_principal": {
				"amount": "0.0",
				"amount_gbp": "0.0"
			},
			"crystalised_loss": {
				"amount": "nan",
				"date": "nan"
			},
			"gross_yield": {
				"annualised": "12.682503013196976"
			}
		}
	}
}]
