[{
	"loan": {
		"seller": {
			"id": "9291"
		},
		"trade": {
			"id": "31314",
			"type": "Standard",
			"advance": {
				"date": "2016-09-12",
				"amount": "23663.1",
				"amount_gbp": "23663.1",
				"percentage": "90.0"
			},
			"discount": {
				"percentage": "0.8",
				"on": "Advance"
			},
			"expected_payment_date": "2016-10-20 00:00:00 +0000",
			"settlement_date": "2016-10-06",
			"arrears": {
				"in_arrears": "No",
				"in_arrears_on_date": "nan"
			},
			"payment": {
				"state": "Paid"
			},
			"price_grade": "4",
			"currency": "GBP",
			"face_value": {
				"amount": "26292.35",
				"amount_gbp": "26292.35"
			},
			"outstanding_principal": {
				"amount": "0.0",
				"amount_gbp": "0.0"
			},
			"crystalised_loss": {
				"amount": "nan",
				"date": "nan"
			},
			"gross_yield": {
				"annualised": "10.033869371614637"
			}
		}
	}
}]
