[{
	"loan": {
		"seller": {
			"id": "15105"
		},
		"trade": {
			"id": "31343",
			"type": "MultiDebtor",
			"advance": {
				"date": "2016-09-13",
				"amount": "17644.0",
				"amount_gbp": "13296.9275",
				"percentage": "80.0"
			},
			"discount": {
				"percentage": "0.95",
				"on": "Advance"
			},
			"expected_payment_date": "2016-11-10 00:00:00 +0000",
			"settlement_date": "2016-11-16",
			"arrears": {
				"in_arrears": "No",
				"in_arrears_on_date": "nan"
			},
			"payment": {
				"state": "Paid"
			},
			"price_grade": "5",
			"currency": "USD",
			"face_value": {
				"amount": "22055.0",
				"amount_gbp": "16621.1593"
			},
			"outstanding_principal": {
				"amount": "0.0",
				"amount_gbp": "0.0"
			},
			"crystalised_loss": {
				"amount": "nan",
				"date": "nan"
			},
			"gross_yield": {
				"annualised": "12.014921627417731"
			}
		}
	}
}]
