[{
	"loan": {
		"seller": {
			"id": "8461"
		},
		"trade": {
			"id": "31656",
			"type": "Standard",
			"advance": {
				"date": "2016-09-23",
				"amount": "7249.9",
				"amount_gbp": "7249.9",
				"percentage": "80.0"
			},
			"discount": {
				"percentage": "0.9",
				"on": "Advance"
			},
			"expected_payment_date": "2016-10-19 00:00:00 +0000",
			"settlement_date": "2016-10-07",
			"arrears": {
				"in_arrears": "No",
				"in_arrears_on_date": "nan"
			},
			"payment": {
				"state": "Paid"
			},
			"price_grade": "5",
			"currency": "GBP",
			"face_value": {
				"amount": "9062.4",
				"amount_gbp": "9062.4"
			},
			"outstanding_principal": {
				"amount": "0.0",
				"amount_gbp": "0.0"
			},
			"crystalised_loss": {
				"amount": "nan",
				"date": "nan"
			},
			"gross_yield": {
				"annualised": "11.350967495666751"
			}
		}
	}
}]
