[{
	"loan": {
		"seller": {
			"id": "21420"
		},
		"trade": {
			"id": "31713",
			"type": "Standard",
			"advance": {
				"date": "2016-09-27",
				"amount": "3697.51",
				"amount_gbp": "3697.51",
				"percentage": "85.0"
			},
			"discount": {
				"percentage": "1.0",
				"on": "Advance"
			},
			"expected_payment_date": "2016-11-29 00:00:00 +0000",
			"settlement_date": "2016-10-06",
			"arrears": {
				"in_arrears": "No",
				"in_arrears_on_date": "nan"
			},
			"payment": {
				"state": "Paid"
			},
			"price_grade": "6",
			"currency": "GBP",
			"face_value": {
				"amount": "4350.0",
				"amount_gbp": "4350.0"
			},
			"outstanding_principal": {
				"amount": "0.0",
				"amount_gbp": "0.0"
			},
			"crystalised_loss": {
				"amount": "nan",
				"date": "nan"
			},
			"gross_yield": {
				"annualised": "12.682503013196976"
			}
		}
	}
}]
