[{
	"loan": {
		"seller": {
			"id": "21455"
		},
		"trade": {
			"id": "31969",
			"type": "Standard",
			"advance": {
				"date": "2016-09-30",
				"amount": "27602.12",
				"amount_gbp": "27602.12",
				"percentage": "75.0"
			},
			"discount": {
				"percentage": "1.2",
				"on": "Advance"
			},
			"expected_payment_date": "2016-11-11 00:00:00 +0000",
			"settlement_date": "2016-10-28",
			"arrears": {
				"in_arrears": "No",
				"in_arrears_on_date": "nan"
			},
			"payment": {
				"state": "Paid"
			},
			"price_grade": "7",
			"currency": "GBP",
			"face_value": {
				"amount": "36802.84",
				"amount_gbp": "36802.84"
			},
			"outstanding_principal": {
				"amount": "0.0",
				"amount_gbp": "0.0"
			},
			"crystalised_loss": {
				"amount": "nan",
				"date": "nan"
			},
			"gross_yield": {
				"annualised": "15.389462418258605"
			}
		}
	}
}]
