[{
	"loan": {
		"seller": {
			"id": "1843"
		},
		"trade": {
			"id": "32168",
			"type": "Standard",
			"advance": {
				"date": "2016-10-06",
				"amount": "4718.09",
				"amount_gbp": "4718.09",
				"percentage": "90.0"
			},
			"discount": {
				"percentage": "0.7",
				"on": "Advance"
			},
			"expected_payment_date": "2016-11-04 00:00:00 +0000",
			"settlement_date": "2016-11-07",
			"arrears": {
				"in_arrears": "No",
				"in_arrears_on_date": "nan"
			},
			"payment": {
				"state": "Paid"
			},
			"price_grade": "3",
			"currency": "GBP",
			"face_value": {
				"amount": "5242.32",
				"amount_gbp": "5242.32"
			},
			"outstanding_principal": {
				"amount": "0.0",
				"amount_gbp": "0.0"
			},
			"crystalised_loss": {
				"amount": "nan",
				"date": "nan"
			},
			"gross_yield": {
				"annualised": "8.731066191550553"
			}
		}
	}
}]
