[{
	"loan": {
		"seller": {
			"id": "1087"
		},
		"trade": {
			"id": "3234",
			"type": "Standard",
			"advance": {
				"date": "2013-11-26",
				"amount": "180093.96",
				"amount_gbp": "180093.96",
				"percentage": "85.0"
			},
			"discount": {
				"percentage": "1.2",
				"on": "Facevalue"
			},
			"expected_payment_date": "2013-12-15 00:00:00 +0000",
			"settlement_date": "2013-12-16",
			"arrears": {
				"in_arrears": "No",
				"in_arrears_on_date": "nan"
			},
			"payment": {
				"state": "Paid"
			},
			"price_grade": "7",
			"currency": "GBP",
			"face_value": {
				"amount": "211875.26",
				"amount_gbp": "211875.26"
			},
			"outstanding_principal": {
				"amount": "0.0",
				"amount_gbp": "0.0"
			},
			"crystalised_loss": {
				"amount": "nan",
				"date": "nan"
			},
			"gross_yield": {
				"annualised": "18.29581824385631"
			}
		}
	}
}]
