[{
	"loan": {
		"seller": {
			"id": "9234"
		},
		"trade": {
			"id": "32353",
			"type": "Standard",
			"advance": {
				"date": "2016-10-12",
				"amount": "173196.8",
				"amount_gbp": "173196.8",
				"percentage": "80.0"
			},
			"discount": {
				"percentage": "0.9",
				"on": "Advance"
			},
			"expected_payment_date": "2016-11-11 00:00:00 +0000",
			"settlement_date": "2016-11-04",
			"arrears": {
				"in_arrears": "No",
				"in_arrears_on_date": "nan"
			},
			"payment": {
				"state": "Paid"
			},
			"price_grade": "5",
			"currency": "GBP",
			"face_value": {
				"amount": "216495.95",
				"amount_gbp": "216495.95"
			},
			"outstanding_principal": {
				"amount": "0.0",
				"amount_gbp": "0.0"
			},
			"crystalised_loss": {
				"amount": "nan",
				"date": "nan"
			},
			"gross_yield": {
				"annualised": "11.350967495666751"
			}
		}
	}
}]
