[{
	"loan": {
		"seller": {
			"id": "21523"
		},
		"trade": {
			"id": "32703",
			"type": "Standard",
			"advance": {
				"date": "2016-10-24",
				"amount": "5509.21",
				"amount_gbp": "5509.21",
				"percentage": "80.0"
			},
			"discount": {
				"percentage": "0.8",
				"on": "Advance"
			},
			"expected_payment_date": "2016-11-25 00:00:00 +0000",
			"settlement_date": "2016-11-25",
			"arrears": {
				"in_arrears": "No",
				"in_arrears_on_date": "nan"
			},
			"payment": {
				"state": "Paid"
			},
			"price_grade": "4",
			"currency": "GBP",
			"face_value": {
				"amount": "6886.52",
				"amount_gbp": "6886.52"
			},
			"outstanding_principal": {
				"amount": "0.0",
				"amount_gbp": "0.0"
			},
			"crystalised_loss": {
				"amount": "nan",
				"date": "nan"
			},
			"gross_yield": {
				"annualised": "10.033869371614637"
			}
		}
	}
}]
