[{
	"loan": {
		"seller": {
			"id": "24822"
		},
		"trade": {
			"id": "32754",
			"type": "Standard",
			"advance": {
				"date": "2016-10-26",
				"amount": "40640.0",
				"amount_gbp": "36356.544",
				"percentage": "80.0"
			},
			"discount": {
				"percentage": "0.9",
				"on": "Advance"
			},
			"expected_payment_date": "2016-12-30 00:00:00 +0000",
			"settlement_date": "2016-12-15",
			"arrears": {
				"in_arrears": "No",
				"in_arrears_on_date": "nan"
			},
			"payment": {
				"state": "Paid"
			},
			"price_grade": "5",
			"currency": "EUR",
			"face_value": {
				"amount": "50800.0",
				"amount_gbp": "45445.68"
			},
			"outstanding_principal": {
				"amount": "0.0",
				"amount_gbp": "0.0"
			},
			"crystalised_loss": {
				"amount": "nan",
				"date": "nan"
			},
			"gross_yield": {
				"annualised": "11.350967495666751"
			}
		}
	}
}]
