[{
	"loan": {
		"seller": {
			"id": "22046"
		},
		"trade": {
			"id": "32884",
			"type": "Standard",
			"advance": {
				"date": "2016-10-27",
				"amount": "18923.8",
				"amount_gbp": "16870.5677",
				"percentage": "85.0"
			},
			"discount": {
				"percentage": "0.63",
				"on": "Advance"
			},
			"expected_payment_date": "2017-01-06 00:00:00 +0000",
			"settlement_date": "2017-01-26",
			"arrears": {
				"in_arrears": "No",
				"in_arrears_on_date": "nan"
			},
			"payment": {
				"state": "Paid"
			},
			"price_grade": "2",
			"currency": "EUR",
			"face_value": {
				"amount": "22263.29",
				"amount_gbp": "19847.723"
			},
			"outstanding_principal": {
				"amount": "0.0",
				"amount_gbp": "0.0"
			},
			"crystalised_loss": {
				"amount": "nan",
				"date": "nan"
			},
			"gross_yield": {
				"annualised": "7.82753380297514"
			}
		}
	}
}]
