[{
	"loan": {
		"seller": {
			"id": "21320"
		},
		"trade": {
			"id": "32996",
			"type": "Standard",
			"advance": {
				"date": "2016-10-31",
				"amount": "31601.8",
				"amount_gbp": "31601.8",
				"percentage": "85.0"
			},
			"discount": {
				"percentage": "0.9",
				"on": "Advance"
			},
			"expected_payment_date": "2016-11-27 00:00:00 +0000",
			"settlement_date": "2016-11-25",
			"arrears": {
				"in_arrears": "No",
				"in_arrears_on_date": "nan"
			},
			"payment": {
				"state": "Paid"
			},
			"price_grade": "5",
			"currency": "GBP",
			"face_value": {
				"amount": "37178.59",
				"amount_gbp": "37178.59"
			},
			"outstanding_principal": {
				"amount": "0.0",
				"amount_gbp": "0.0"
			},
			"crystalised_loss": {
				"amount": "nan",
				"date": "nan"
			},
			"gross_yield": {
				"annualised": "11.350967495666751"
			}
		}
	}
}]
