[{
	"loan": {
		"seller": {
			"id": "679"
		},
		"trade": {
			"id": "33057",
			"type": "MultiDebtor",
			"advance": {
				"date": "2016-10-31",
				"amount": "22545.41",
				"amount_gbp": "22545.41",
				"percentage": "85.0"
			},
			"discount": {
				"percentage": "0.9",
				"on": "Advance"
			},
			"expected_payment_date": "2017-02-03 00:00:00 +0000",
			"settlement_date": "2017-01-25",
			"arrears": {
				"in_arrears": "No",
				"in_arrears_on_date": "nan"
			},
			"payment": {
				"state": "Paid"
			},
			"price_grade": "5",
			"currency": "GBP",
			"face_value": {
				"amount": "26524.0",
				"amount_gbp": "26524.0"
			},
			"outstanding_principal": {
				"amount": "0.0",
				"amount_gbp": "0.0"
			},
			"crystalised_loss": {
				"amount": "nan",
				"date": "nan"
			},
			"gross_yield": {
				"annualised": "11.350967495666751"
			}
		}
	}
}]
