[{
	"loan": {
		"seller": {
			"id": "24259"
		},
		"trade": {
			"id": "33112",
			"type": "Standard",
			"advance": {
				"date": "2016-11-03",
				"amount": "91800.21",
				"amount_gbp": "81380.8861",
				"percentage": "75.0"
			},
			"discount": {
				"percentage": "0.63",
				"on": "Advance"
			},
			"expected_payment_date": "2016-12-15 00:00:00 +0000",
			"settlement_date": "2016-12-19",
			"arrears": {
				"in_arrears": "No",
				"in_arrears_on_date": "nan"
			},
			"payment": {
				"state": "Paid"
			},
			"price_grade": "3",
			"currency": "EUR",
			"face_value": {
				"amount": "122400.28",
				"amount_gbp": "108507.8482"
			},
			"outstanding_principal": {
				"amount": "0.0",
				"amount_gbp": "0.0"
			},
			"crystalised_loss": {
				"amount": "nan",
				"date": "nan"
			},
			"gross_yield": {
				"annualised": "7.82753380297514"
			}
		}
	}
}]
