[{
	"loan": {
		"seller": {
			"id": "14125"
		},
		"trade": {
			"id": "33145",
			"type": "Standard",
			"advance": {
				"date": "2016-11-02",
				"amount": "56127.59",
				"amount_gbp": "56127.59",
				"percentage": "85.0"
			},
			"discount": {
				"percentage": "0.7",
				"on": "Advance"
			},
			"expected_payment_date": "2016-12-08 00:00:00 +0000",
			"settlement_date": "2016-11-04",
			"arrears": {
				"in_arrears": "No",
				"in_arrears_on_date": "nan"
			},
			"payment": {
				"state": "Paid"
			},
			"price_grade": "3",
			"currency": "GBP",
			"face_value": {
				"amount": "66032.43",
				"amount_gbp": "66032.43"
			},
			"outstanding_principal": {
				"amount": "0.0",
				"amount_gbp": "0.0"
			},
			"crystalised_loss": {
				"amount": "nan",
				"date": "nan"
			},
			"gross_yield": {
				"annualised": "8.731066191550553"
			}
		}
	}
}]
