[{
	"loan": {
		"seller": {
			"id": "1577"
		},
		"trade": {
			"id": "3326",
			"type": "Standard",
			"advance": {
				"date": "2013-12-09",
				"amount": "17006.0",
				"amount_gbp": "17006.0",
				"percentage": "80.0"
			},
			"discount": {
				"percentage": "1.0",
				"on": "Facevalue"
			},
			"expected_payment_date": "2014-01-06 00:00:00 +0000",
			"settlement_date": "2013-12-17",
			"arrears": {
				"in_arrears": "No",
				"in_arrears_on_date": "nan"
			},
			"payment": {
				"state": "Paid"
			},
			"price_grade": "6",
			"currency": "GBP",
			"face_value": {
				"amount": "21257.52",
				"amount_gbp": "21257.52"
			},
			"outstanding_principal": {
				"amount": "0.0",
				"amount_gbp": "0.0"
			},
			"crystalised_loss": {
				"amount": "nan",
				"date": "nan"
			},
			"gross_yield": {
				"annualised": "16.075451772299807"
			}
		}
	}
}]
