[{
	"loan": {
		"seller": {
			"id": "10503"
		},
		"trade": {
			"id": "33283",
			"type": "Standard",
			"advance": {
				"date": "2016-11-18",
				"amount": "46063.27",
				"amount_gbp": "46063.27",
				"percentage": "85.0"
			},
			"discount": {
				"percentage": "0.9",
				"on": "Advance"
			},
			"expected_payment_date": "2016-12-12 00:00:00 +0000",
			"settlement_date": "2016-12-05",
			"arrears": {
				"in_arrears": "No",
				"in_arrears_on_date": "nan"
			},
			"payment": {
				"state": "Paid"
			},
			"price_grade": "5",
			"currency": "GBP",
			"face_value": {
				"amount": "54192.06",
				"amount_gbp": "54192.06"
			},
			"outstanding_principal": {
				"amount": "0.0",
				"amount_gbp": "0.0"
			},
			"crystalised_loss": {
				"amount": "nan",
				"date": "nan"
			},
			"gross_yield": {
				"annualised": "11.350967495666751"
			}
		}
	}
}]
