[{
	"loan": {
		"seller": {
			"id": "23262"
		},
		"trade": {
			"id": "33329",
			"type": "Standard",
			"advance": {
				"date": "2016-11-07",
				"amount": "17876.19",
				"amount_gbp": "17876.19",
				"percentage": "70.0"
			},
			"discount": {
				"percentage": "0.8",
				"on": "Advance"
			},
			"expected_payment_date": "2017-01-13 00:00:00 +0000",
			"settlement_date": "2017-01-10",
			"arrears": {
				"in_arrears": "No",
				"in_arrears_on_date": "nan"
			},
			"payment": {
				"state": "Repurchased"
			},
			"price_grade": "4",
			"currency": "GBP",
			"face_value": {
				"amount": "25537.4",
				"amount_gbp": "25537.4"
			},
			"outstanding_principal": {
				"amount": "0.0",
				"amount_gbp": "0.0"
			},
			"crystalised_loss": {
				"amount": "nan",
				"date": "nan"
			},
			"gross_yield": {
				"annualised": "10.033869371614637"
			}
		}
	}
}]
