[{
	"loan": {
		"seller": {
			"id": "14523"
		},
		"trade": {
			"id": "33684",
			"type": "MultiDebtor",
			"advance": {
				"date": "2016-11-21",
				"amount": "34117.29",
				"amount_gbp": "34117.29",
				"percentage": "90.0"
			},
			"discount": {
				"percentage": "0.74",
				"on": "Advance"
			},
			"expected_payment_date": "2017-01-16 00:00:00 +0000",
			"settlement_date": "2017-01-19",
			"arrears": {
				"in_arrears": "No",
				"in_arrears_on_date": "nan"
			},
			"payment": {
				"state": "Paid"
			},
			"price_grade": "3",
			"currency": "GBP",
			"face_value": {
				"amount": "37908.09",
				"amount_gbp": "37908.09"
			},
			"outstanding_principal": {
				"amount": "0.0",
				"amount_gbp": "0.0"
			},
			"crystalised_loss": {
				"amount": "nan",
				"date": "nan"
			},
			"gross_yield": {
				"annualised": "9.250481134273912"
			}
		}
	}
}]
