[{
	"loan": {
		"seller": {
			"id": "2019"
		},
		"trade": {
			"id": "3371",
			"type": "Standard",
			"advance": {
				"date": "2013-12-12",
				"amount": "44895.83",
				"amount_gbp": "44895.83",
				"percentage": "75.0"
			},
			"discount": {
				"percentage": "1.25",
				"on": "Facevalue"
			},
			"expected_payment_date": "2014-01-17 00:00:00 +0000",
			"settlement_date": "2013-12-19",
			"arrears": {
				"in_arrears": "No",
				"in_arrears_on_date": "nan"
			},
			"payment": {
				"state": "Paid"
			},
			"price_grade": "8",
			"currency": "GBP",
			"face_value": {
				"amount": "59861.13",
				"amount_gbp": "59861.13"
			},
			"outstanding_principal": {
				"amount": "0.0",
				"amount_gbp": "0.0"
			},
			"crystalised_loss": {
				"amount": "nan",
				"date": "nan"
			},
			"gross_yield": {
				"annualised": "21.843191003260756"
			}
		}
	}
}]
