[{
	"loan": {
		"seller": {
			"id": "19177"
		},
		"trade": {
			"id": "33779",
			"type": "Standard",
			"advance": {
				"date": "2016-11-21",
				"amount": "1815.6",
				"amount_gbp": "1815.6",
				"percentage": "85.0"
			},
			"discount": {
				"percentage": "0.9",
				"on": "Advance"
			},
			"expected_payment_date": "2017-01-06 00:00:00 +0000",
			"settlement_date": "2017-01-06",
			"arrears": {
				"in_arrears": "No",
				"in_arrears_on_date": "nan"
			},
			"payment": {
				"state": "Paid"
			},
			"price_grade": "5",
			"currency": "GBP",
			"face_value": {
				"amount": "2136.0",
				"amount_gbp": "2136.0"
			},
			"outstanding_principal": {
				"amount": "0.0",
				"amount_gbp": "0.0"
			},
			"crystalised_loss": {
				"amount": "nan",
				"date": "nan"
			},
			"gross_yield": {
				"annualised": "11.350967495666751"
			}
		}
	}
}]
