[{
	"loan": {
		"seller": {
			"id": "18023"
		},
		"trade": {
			"id": "33796",
			"type": "Standard",
			"advance": {
				"date": "2016-11-21",
				"amount": "26154.78",
				"amount_gbp": "22419.8774",
				"percentage": "75.0"
			},
			"discount": {
				"percentage": "1.0",
				"on": "Advance"
			},
			"expected_payment_date": "2016-12-21 00:00:00 +0000",
			"settlement_date": "2016-12-14",
			"arrears": {
				"in_arrears": "No",
				"in_arrears_on_date": "nan"
			},
			"payment": {
				"state": "Paid"
			},
			"price_grade": "6",
			"currency": "EUR",
			"face_value": {
				"amount": "34873.0",
				"amount_gbp": "29893.1355"
			},
			"outstanding_principal": {
				"amount": "0.0",
				"amount_gbp": "0.0"
			},
			"crystalised_loss": {
				"amount": "nan",
				"date": "nan"
			},
			"gross_yield": {
				"annualised": "12.682503013196976"
			}
		}
	}
}]
