[{
	"loan": {
		"seller": {
			"id": "17151"
		},
		"trade": {
			"id": "33846",
			"type": "Standard",
			"advance": {
				"date": "2016-11-23",
				"amount": "9067.79",
				"amount_gbp": "9067.79",
				"percentage": "85.0"
			},
			"discount": {
				"percentage": "0.8",
				"on": "Advance"
			},
			"expected_payment_date": "2017-02-21 00:00:00 +0000",
			"settlement_date": "2017-02-02",
			"arrears": {
				"in_arrears": "No",
				"in_arrears_on_date": "nan"
			},
			"payment": {
				"state": "Paid"
			},
			"price_grade": "4",
			"currency": "GBP",
			"face_value": {
				"amount": "10668.0",
				"amount_gbp": "10668.0"
			},
			"outstanding_principal": {
				"amount": "0.0",
				"amount_gbp": "0.0"
			},
			"crystalised_loss": {
				"amount": "nan",
				"date": "nan"
			},
			"gross_yield": {
				"annualised": "10.033869371614637"
			}
		}
	}
}]
