[{
	"loan": {
		"seller": {
			"id": "16005"
		},
		"trade": {
			"id": "33903",
			"type": "MultiDebtor",
			"advance": {
				"date": "2016-11-23",
				"amount": "15344.57",
				"amount_gbp": "15344.57",
				"percentage": "15.0"
			},
			"discount": {
				"percentage": "0.55",
				"on": "Advance"
			},
			"expected_payment_date": "2017-01-24 00:00:00 +0000",
			"settlement_date": "2016-11-23",
			"arrears": {
				"in_arrears": "No",
				"in_arrears_on_date": "nan"
			},
			"payment": {
				"state": "Repurchased"
			},
			"price_grade": "1",
			"currency": "GBP",
			"face_value": {
				"amount": "102297.05",
				"amount_gbp": "102297.05"
			},
			"outstanding_principal": {
				"amount": "0.0",
				"amount_gbp": "0.0"
			},
			"crystalised_loss": {
				"amount": "nan",
				"date": "nan"
			},
			"gross_yield": {
				"annualised": "6.803355946764843"
			}
		}
	}
}]
