[{
	"loan": {
		"seller": {
			"id": "19388"
		},
		"trade": {
			"id": "33954",
			"type": "Standard",
			"advance": {
				"date": "2016-11-24",
				"amount": "4140.0",
				"amount_gbp": "4140.0",
				"percentage": "75.0"
			},
			"discount": {
				"percentage": "1.0",
				"on": "Advance"
			},
			"expected_payment_date": "2017-01-07 00:00:00 +0000",
			"settlement_date": "2016-12-21",
			"arrears": {
				"in_arrears": "No",
				"in_arrears_on_date": "nan"
			},
			"payment": {
				"state": "Paid"
			},
			"price_grade": "6",
			"currency": "GBP",
			"face_value": {
				"amount": "5520.0",
				"amount_gbp": "5520.0"
			},
			"outstanding_principal": {
				"amount": "0.0",
				"amount_gbp": "0.0"
			},
			"crystalised_loss": {
				"amount": "nan",
				"date": "nan"
			},
			"gross_yield": {
				"annualised": "12.682503013196976"
			}
		}
	}
}]
