[{
	"loan": {
		"seller": {
			"id": "2399"
		},
		"trade": {
			"id": "34004",
			"type": "Standard",
			"advance": {
				"date": "2016-11-25",
				"amount": "17227.11",
				"amount_gbp": "17227.11",
				"percentage": "90.0"
			},
			"discount": {
				"percentage": "0.8",
				"on": "Advance"
			},
			"expected_payment_date": "2017-01-27 00:00:00 +0000",
			"settlement_date": "2017-01-06",
			"arrears": {
				"in_arrears": "No",
				"in_arrears_on_date": "nan"
			},
			"payment": {
				"state": "Paid"
			},
			"price_grade": "4",
			"currency": "GBP",
			"face_value": {
				"amount": "19141.2",
				"amount_gbp": "19141.2"
			},
			"outstanding_principal": {
				"amount": "0.0",
				"amount_gbp": "0.0"
			},
			"crystalised_loss": {
				"amount": "nan",
				"date": "nan"
			},
			"gross_yield": {
				"annualised": "10.033869371614637"
			}
		}
	}
}]
