[{
	"loan": {
		"seller": {
			"id": "16569"
		},
		"trade": {
			"id": "34141",
			"type": "Standard",
			"advance": {
				"date": "2016-11-30",
				"amount": "13607.4",
				"amount_gbp": "13607.4",
				"percentage": "75.0"
			},
			"discount": {
				"percentage": "0.9",
				"on": "Advance"
			},
			"expected_payment_date": "2017-01-23 00:00:00 +0000",
			"settlement_date": "2017-01-23",
			"arrears": {
				"in_arrears": "No",
				"in_arrears_on_date": "nan"
			},
			"payment": {
				"state": "Paid"
			},
			"price_grade": "5",
			"currency": "GBP",
			"face_value": {
				"amount": "18143.2",
				"amount_gbp": "18143.2"
			},
			"outstanding_principal": {
				"amount": "0.0",
				"amount_gbp": "0.0"
			},
			"crystalised_loss": {
				"amount": "nan",
				"date": "nan"
			},
			"gross_yield": {
				"annualised": "11.350967495666751"
			}
		}
	}
}]
