[{
	"loan": {
		"seller": {
			"id": "21534"
		},
		"trade": {
			"id": "34287",
			"type": "Standard",
			"advance": {
				"date": "2016-12-13",
				"amount": "22130.72",
				"amount_gbp": "17412.5589",
				"percentage": "80.0"
			},
			"discount": {
				"percentage": "0.9",
				"on": "Advance"
			},
			"expected_payment_date": "2017-02-14 00:00:00 +0000",
			"settlement_date": "2017-02-16",
			"arrears": {
				"in_arrears": "No",
				"in_arrears_on_date": "nan"
			},
			"payment": {
				"state": "Paid"
			},
			"price_grade": "5",
			"currency": "USD",
			"face_value": {
				"amount": "27663.41",
				"amount_gbp": "21765.7065"
			},
			"outstanding_principal": {
				"amount": "0.0",
				"amount_gbp": "0.0"
			},
			"crystalised_loss": {
				"amount": "nan",
				"date": "nan"
			},
			"gross_yield": {
				"annualised": "11.350967495666751"
			}
		}
	}
}]
