[{
	"loan": {
		"seller": {
			"id": "11115"
		},
		"trade": {
			"id": "34403",
			"type": "Standard",
			"advance": {
				"date": "2016-12-06",
				"amount": "8500.0",
				"amount_gbp": "6668.3901",
				"percentage": "85.0"
			},
			"discount": {
				"percentage": "1.0",
				"on": "Advance"
			},
			"expected_payment_date": "2016-12-24 00:00:00 +0000",
			"settlement_date": "2016-12-20",
			"arrears": {
				"in_arrears": "No",
				"in_arrears_on_date": "nan"
			},
			"payment": {
				"state": "Paid"
			},
			"price_grade": "6",
			"currency": "USD",
			"face_value": {
				"amount": "10000.0",
				"amount_gbp": "7845.1648"
			},
			"outstanding_principal": {
				"amount": "0.0",
				"amount_gbp": "0.0"
			},
			"crystalised_loss": {
				"amount": "nan",
				"date": "nan"
			},
			"gross_yield": {
				"annualised": "12.682503013196976"
			}
		}
	}
}]
