[{
	"loan": {
		"seller": {
			"id": "22400"
		},
		"trade": {
			"id": "34680",
			"type": "Standard",
			"advance": {
				"date": "2016-12-12",
				"amount": "3645.32",
				"amount_gbp": "3645.32",
				"percentage": "85.0"
			},
			"discount": {
				"percentage": "0.7",
				"on": "Advance"
			},
			"expected_payment_date": "2017-01-18 00:00:00 +0000",
			"settlement_date": "2017-01-04",
			"arrears": {
				"in_arrears": "No",
				"in_arrears_on_date": "nan"
			},
			"payment": {
				"state": "Paid"
			},
			"price_grade": "3",
			"currency": "GBP",
			"face_value": {
				"amount": "4288.62",
				"amount_gbp": "4288.62"
			},
			"outstanding_principal": {
				"amount": "0.0",
				"amount_gbp": "0.0"
			},
			"crystalised_loss": {
				"amount": "nan",
				"date": "nan"
			},
			"gross_yield": {
				"annualised": "8.731066191550553"
			}
		}
	}
}]
