[{
	"loan": {
		"seller": {
			"id": "21455"
		},
		"trade": {
			"id": "34907",
			"type": "Standard",
			"advance": {
				"date": "2016-12-16",
				"amount": "38864.02",
				"amount_gbp": "38864.02",
				"percentage": "80.0"
			},
			"discount": {
				"percentage": "1.0",
				"on": "Advance"
			},
			"expected_payment_date": "2017-02-10 00:00:00 +0000",
			"settlement_date": "2017-01-13",
			"arrears": {
				"in_arrears": "No",
				"in_arrears_on_date": "nan"
			},
			"payment": {
				"state": "Paid"
			},
			"price_grade": "6",
			"currency": "GBP",
			"face_value": {
				"amount": "48580.04",
				"amount_gbp": "48580.04"
			},
			"outstanding_principal": {
				"amount": "0.0",
				"amount_gbp": "0.0"
			},
			"crystalised_loss": {
				"amount": "nan",
				"date": "nan"
			},
			"gross_yield": {
				"annualised": "12.682503013196976"
			}
		}
	}
}]
