[{
	"loan": {
		"seller": {
			"id": "23489"
		},
		"trade": {
			"id": "34950",
			"type": "Standard",
			"advance": {
				"date": "2016-12-19",
				"amount": "7424.27",
				"amount_gbp": "7424.27",
				"percentage": "80.0"
			},
			"discount": {
				"percentage": "1.0",
				"on": "Advance"
			},
			"expected_payment_date": "2017-01-30 00:00:00 +0000",
			"settlement_date": "2017-02-23",
			"arrears": {
				"in_arrears": "No",
				"in_arrears_on_date": "nan"
			},
			"payment": {
				"state": "Repurchased"
			},
			"price_grade": "6",
			"currency": "GBP",
			"face_value": {
				"amount": "9280.32",
				"amount_gbp": "9280.32"
			},
			"outstanding_principal": {
				"amount": "0.0",
				"amount_gbp": "0.0"
			},
			"crystalised_loss": {
				"amount": "nan",
				"date": "nan"
			},
			"gross_yield": {
				"annualised": "12.682503013196976"
			}
		}
	}
}]
