[{
	"loan": {
		"seller": {
			"id": "25988"
		},
		"trade": {
			"id": "35029",
			"type": "Standard",
			"advance": {
				"date": "2016-12-20",
				"amount": "45000.0",
				"amount_gbp": "45000.0",
				"percentage": "80.0"
			},
			"discount": {
				"percentage": "0.8",
				"on": "Advance"
			},
			"expected_payment_date": "2017-01-26 00:00:00 +0000",
			"settlement_date": "2017-01-10",
			"arrears": {
				"in_arrears": "No",
				"in_arrears_on_date": "nan"
			},
			"payment": {
				"state": "Paid"
			},
			"price_grade": "4",
			"currency": "GBP",
			"face_value": {
				"amount": "56250.0",
				"amount_gbp": "56250.0"
			},
			"outstanding_principal": {
				"amount": "0.0",
				"amount_gbp": "0.0"
			},
			"crystalised_loss": {
				"amount": "nan",
				"date": "nan"
			},
			"gross_yield": {
				"annualised": "10.033869371614637"
			}
		}
	}
}]
