[{
	"loan": {
		"seller": {
			"id": "23489"
		},
		"trade": {
			"id": "35091",
			"type": "Standard",
			"advance": {
				"date": "2016-12-30",
				"amount": "17468.89",
				"amount_gbp": "17468.89",
				"percentage": "55.0"
			},
			"discount": {
				"percentage": "1.4",
				"on": "Advance"
			},
			"expected_payment_date": "2017-03-01 00:00:00 +0000",
			"settlement_date": "2017-01-13",
			"arrears": {
				"in_arrears": "No",
				"in_arrears_on_date": "nan"
			},
			"payment": {
				"state": "Paid"
			},
			"price_grade": "8",
			"currency": "GBP",
			"face_value": {
				"amount": "31761.57",
				"amount_gbp": "31761.57"
			},
			"outstanding_principal": {
				"amount": "0.0",
				"amount_gbp": "0.0"
			},
			"crystalised_loss": {
				"amount": "nan",
				"date": "nan"
			},
			"gross_yield": {
				"annualised": "18.1559128918122"
			}
		}
	}
}]
