[{
	"loan": {
		"seller": {
			"id": "443"
		},
		"trade": {
			"id": "35212",
			"type": "WholeLedger",
			"advance": {
				"date": "2016-12-23",
				"amount": "283635.3",
				"amount_gbp": "283635.3",
				"percentage": "85.0"
			},
			"discount": {
				"percentage": "0.56",
				"on": "Advance"
			},
			"expected_payment_date": "2017-03-22 00:00:00 +0000",
			"settlement_date": "2017-01-03",
			"arrears": {
				"in_arrears": "No",
				"in_arrears_on_date": "nan"
			},
			"payment": {
				"state": "Repurchased"
			},
			"price_grade": "1",
			"currency": "GBP",
			"face_value": {
				"amount": "333688.56",
				"amount_gbp": "333688.56"
			},
			"outstanding_principal": {
				"amount": "0.0",
				"amount_gbp": "0.0"
			},
			"crystalised_loss": {
				"amount": "nan",
				"date": "nan"
			},
			"gross_yield": {
				"annualised": "6.930888671798253"
			}
		}
	}
}]
