[{
	"loan": {
		"seller": {
			"id": "9291"
		},
		"trade": {
			"id": "35357",
			"type": "Standard",
			"advance": {
				"date": "2017-01-04",
				"amount": "36027.8",
				"amount_gbp": "36027.8",
				"percentage": "90.0"
			},
			"discount": {
				"percentage": "0.8",
				"on": "Advance"
			},
			"expected_payment_date": "2017-02-10 00:00:00 +0000",
			"settlement_date": "2017-02-03",
			"arrears": {
				"in_arrears": "No",
				"in_arrears_on_date": "nan"
			},
			"payment": {
				"state": "Paid"
			},
			"price_grade": "4",
			"currency": "GBP",
			"face_value": {
				"amount": "40030.89",
				"amount_gbp": "40030.89"
			},
			"outstanding_principal": {
				"amount": "0.0",
				"amount_gbp": "0.0"
			},
			"crystalised_loss": {
				"amount": "nan",
				"date": "nan"
			},
			"gross_yield": {
				"annualised": "10.033869371614637"
			}
		}
	}
}]
