[{
	"loan": {
		"seller": {
			"id": "2610"
		},
		"trade": {
			"id": "35479",
			"type": "MultiDebtor",
			"advance": {
				"date": "2017-01-10",
				"amount": "60944.39",
				"amount_gbp": "60944.39",
				"percentage": "85.0"
			},
			"discount": {
				"percentage": "0.7",
				"on": "Advance"
			},
			"expected_payment_date": "2017-04-13 00:00:00 +0000",
			"settlement_date": "2017-04-03",
			"arrears": {
				"in_arrears": "No",
				"in_arrears_on_date": "nan"
			},
			"payment": {
				"state": "Paid"
			},
			"price_grade": "3",
			"currency": "GBP",
			"face_value": {
				"amount": "71699.32",
				"amount_gbp": "71699.32"
			},
			"outstanding_principal": {
				"amount": "0.0",
				"amount_gbp": "0.0"
			},
			"crystalised_loss": {
				"amount": "nan",
				"date": "nan"
			},
			"gross_yield": {
				"annualised": "8.731066191550553"
			}
		}
	}
}]
