[{
	"loan": {
		"seller": {
			"id": "23803"
		},
		"trade": {
			"id": "35642",
			"type": "Standard",
			"advance": {
				"date": "2017-01-13",
				"amount": "22912.93",
				"amount_gbp": "22912.93",
				"percentage": "70.0"
			},
			"discount": {
				"percentage": "0.7",
				"on": "Advance"
			},
			"expected_payment_date": "2017-02-25 00:00:00 +0000",
			"settlement_date": "2017-02-10",
			"arrears": {
				"in_arrears": "No",
				"in_arrears_on_date": "nan"
			},
			"payment": {
				"state": "Paid"
			},
			"price_grade": "3",
			"currency": "GBP",
			"face_value": {
				"amount": "32732.76",
				"amount_gbp": "32732.76"
			},
			"outstanding_principal": {
				"amount": "0.0",
				"amount_gbp": "0.0"
			},
			"crystalised_loss": {
				"amount": "nan",
				"date": "nan"
			},
			"gross_yield": {
				"annualised": "8.731066191550553"
			}
		}
	}
}]
