[{
	"loan": {
		"seller": {
			"id": "23702"
		},
		"trade": {
			"id": "35880",
			"type": "Standard",
			"advance": {
				"date": "2017-01-24",
				"amount": "3572.4",
				"amount_gbp": "3572.4",
				"percentage": "60.0"
			},
			"discount": {
				"percentage": "1.0",
				"on": "Advance"
			},
			"expected_payment_date": "2017-03-31 00:00:00 +0000",
			"settlement_date": "2017-03-23",
			"arrears": {
				"in_arrears": "No",
				"in_arrears_on_date": "nan"
			},
			"payment": {
				"state": "Paid"
			},
			"price_grade": "6",
			"currency": "GBP",
			"face_value": {
				"amount": "5954.0",
				"amount_gbp": "5954.0"
			},
			"outstanding_principal": {
				"amount": "0.0",
				"amount_gbp": "0.0"
			},
			"crystalised_loss": {
				"amount": "nan",
				"date": "nan"
			},
			"gross_yield": {
				"annualised": "12.682503013196976"
			}
		}
	}
}]
