[{
	"loan": {
		"seller": {
			"id": "27635"
		},
		"trade": {
			"id": "36081",
			"type": "Standard",
			"advance": {
				"date": "2017-02-03",
				"amount": "1430.1",
				"amount_gbp": "1430.1",
				"percentage": "75.0"
			},
			"discount": {
				"percentage": "1.2",
				"on": "Advance"
			},
			"expected_payment_date": "2017-03-10 00:00:00 +0000",
			"settlement_date": "2017-03-02",
			"arrears": {
				"in_arrears": "No",
				"in_arrears_on_date": "nan"
			},
			"payment": {
				"state": "Paid"
			},
			"price_grade": "7",
			"currency": "GBP",
			"face_value": {
				"amount": "1906.8",
				"amount_gbp": "1906.8"
			},
			"outstanding_principal": {
				"amount": "0.0",
				"amount_gbp": "0.0"
			},
			"crystalised_loss": {
				"amount": "nan",
				"date": "nan"
			},
			"gross_yield": {
				"annualised": "15.389462418258605"
			}
		}
	}
}]
