[{
	"loan": {
		"seller": {
			"id": "25416"
		},
		"trade": {
			"id": "36202",
			"type": "Standard",
			"advance": {
				"date": "2017-02-01",
				"amount": "80289.88",
				"amount_gbp": "80289.88",
				"percentage": "75.0"
			},
			"discount": {
				"percentage": "1.0",
				"on": "Advance"
			},
			"expected_payment_date": "2017-02-24 00:00:00 +0000",
			"settlement_date": "2017-02-08",
			"arrears": {
				"in_arrears": "No",
				"in_arrears_on_date": "nan"
			},
			"payment": {
				"state": "Paid"
			},
			"price_grade": "6",
			"currency": "GBP",
			"face_value": {
				"amount": "107053.17",
				"amount_gbp": "107053.17"
			},
			"outstanding_principal": {
				"amount": "0.0",
				"amount_gbp": "0.0"
			},
			"crystalised_loss": {
				"amount": "nan",
				"date": "nan"
			},
			"gross_yield": {
				"annualised": "12.682503013196976"
			}
		}
	}
}]
