[{
	"loan": {
		"seller": {
			"id": "13266"
		},
		"trade": {
			"id": "36255",
			"type": "Standard",
			"advance": {
				"date": "2017-02-09",
				"amount": "7200.0",
				"amount_gbp": "7200.0",
				"percentage": "60.0"
			},
			"discount": {
				"percentage": "1.0",
				"on": "Advance"
			},
			"expected_payment_date": "2017-03-24 00:00:00 +0000",
			"settlement_date": "2017-04-12",
			"arrears": {
				"in_arrears": "No",
				"in_arrears_on_date": "nan"
			},
			"payment": {
				"state": "Repurchased"
			},
			"price_grade": "6",
			"currency": "GBP",
			"face_value": {
				"amount": "12000.0",
				"amount_gbp": "12000.0"
			},
			"outstanding_principal": {
				"amount": "0.0",
				"amount_gbp": "0.0"
			},
			"crystalised_loss": {
				"amount": "nan",
				"date": "nan"
			},
			"gross_yield": {
				"annualised": "12.682503013196976"
			}
		}
	}
}]
