[{
	"loan": {
		"seller": {
			"id": "7992"
		},
		"trade": {
			"id": "36310",
			"type": "Standard",
			"advance": {
				"date": "2017-02-07",
				"amount": "35876.77",
				"amount_gbp": "35876.77",
				"percentage": "85.0"
			},
			"discount": {
				"percentage": "0.8",
				"on": "Advance"
			},
			"expected_payment_date": "2017-04-24 00:00:00 +0000",
			"settlement_date": "2017-04-20",
			"arrears": {
				"in_arrears": "No",
				"in_arrears_on_date": "nan"
			},
			"payment": {
				"state": "Paid"
			},
			"price_grade": "4",
			"currency": "GBP",
			"face_value": {
				"amount": "42207.97",
				"amount_gbp": "42207.97"
			},
			"outstanding_principal": {
				"amount": "0.0",
				"amount_gbp": "0.0"
			},
			"crystalised_loss": {
				"amount": "nan",
				"date": "nan"
			},
			"gross_yield": {
				"annualised": "10.033869371614637"
			}
		}
	}
}]
