[{
	"loan": {
		"seller": {
			"id": "30767"
		},
		"trade": {
			"id": "36347",
			"type": "WholeLedger",
			"advance": {
				"date": "2017-02-06",
				"amount": "218926.47",
				"amount_gbp": "218926.47",
				"percentage": "39.81"
			},
			"discount": {
				"percentage": "0.49",
				"on": "Advance"
			},
			"expected_payment_date": "2017-05-06 00:00:00 +0000",
			"settlement_date": "2017-02-07",
			"arrears": {
				"in_arrears": "No",
				"in_arrears_on_date": "nan"
			},
			"payment": {
				"state": "Paid"
			},
			"price_grade": "2",
			"currency": "GBP",
			"face_value": {
				"amount": "549928.39",
				"amount_gbp": "549928.39"
			},
			"outstanding_principal": {
				"amount": "0.0",
				"amount_gbp": "0.0"
			},
			"crystalised_loss": {
				"amount": "nan",
				"date": "nan"
			},
			"gross_yield": {
				"annualised": "6.041083038769558"
			}
		}
	}
}]
