[{
	"loan": {
		"seller": {
			"id": "30767"
		},
		"trade": {
			"id": "36486",
			"type": "WholeLedger",
			"advance": {
				"date": "2017-02-08",
				"amount": "286488.16",
				"amount_gbp": "286488.16",
				"percentage": "53.48"
			},
			"discount": {
				"percentage": "0.49",
				"on": "Advance"
			},
			"expected_payment_date": "2017-05-09 00:00:00 +0000",
			"settlement_date": "2017-02-09",
			"arrears": {
				"in_arrears": "No",
				"in_arrears_on_date": "nan"
			},
			"payment": {
				"state": "Paid"
			},
			"price_grade": "2",
			"currency": "GBP",
			"face_value": {
				"amount": "535692.11",
				"amount_gbp": "535692.11"
			},
			"outstanding_principal": {
				"amount": "0.0",
				"amount_gbp": "0.0"
			},
			"crystalised_loss": {
				"amount": "nan",
				"date": "nan"
			},
			"gross_yield": {
				"annualised": "6.041083038769558"
			}
		}
	}
}]
