[{
	"loan": {
		"seller": {
			"id": "9582"
		},
		"trade": {
			"id": "36605",
			"type": "Standard",
			"advance": {
				"date": "2017-02-10",
				"amount": "5291.8",
				"amount_gbp": "5291.8",
				"percentage": "80.0"
			},
			"discount": {
				"percentage": "0.8",
				"on": "Advance"
			},
			"expected_payment_date": "2017-03-14 00:00:00 +0000",
			"settlement_date": "2017-02-28",
			"arrears": {
				"in_arrears": "No",
				"in_arrears_on_date": "nan"
			},
			"payment": {
				"state": "Paid"
			},
			"price_grade": "4",
			"currency": "GBP",
			"face_value": {
				"amount": "6614.75",
				"amount_gbp": "6614.75"
			},
			"outstanding_principal": {
				"amount": "0.0",
				"amount_gbp": "0.0"
			},
			"crystalised_loss": {
				"amount": "nan",
				"date": "nan"
			},
			"gross_yield": {
				"annualised": "10.033869371614637"
			}
		}
	}
}]
