[{
	"loan": {
		"seller": {
			"id": "8887"
		},
		"trade": {
			"id": "36717",
			"type": "Standard",
			"advance": {
				"date": "2017-02-15",
				"amount": "79510.07",
				"amount_gbp": "79510.07",
				"percentage": "90.0"
			},
			"discount": {
				"percentage": "0.8",
				"on": "Advance"
			},
			"expected_payment_date": "2017-05-19 00:00:00 +0000",
			"settlement_date": "2017-05-03",
			"arrears": {
				"in_arrears": "No",
				"in_arrears_on_date": "nan"
			},
			"payment": {
				"state": "Paid"
			},
			"price_grade": "4",
			"currency": "GBP",
			"face_value": {
				"amount": "88344.54",
				"amount_gbp": "88344.54"
			},
			"outstanding_principal": {
				"amount": "0.0",
				"amount_gbp": "0.0"
			},
			"crystalised_loss": {
				"amount": "nan",
				"date": "nan"
			},
			"gross_yield": {
				"annualised": "10.033869371614637"
			}
		}
	}
}]
