[{
	"loan": {
		"seller": {
			"id": "31900"
		},
		"trade": {
			"id": "37106",
			"type": "Standard",
			"advance": {
				"date": "2017-03-08",
				"amount": "10710.0",
				"amount_gbp": "10710.0",
				"percentage": "85.0"
			},
			"discount": {
				"percentage": "0.7",
				"on": "Advance"
			},
			"expected_payment_date": "2017-04-07 00:00:00 +0000",
			"settlement_date": "2017-04-25",
			"arrears": {
				"in_arrears": "No",
				"in_arrears_on_date": "nan"
			},
			"payment": {
				"state": "Repurchased"
			},
			"price_grade": "3",
			"currency": "GBP",
			"face_value": {
				"amount": "12600.0",
				"amount_gbp": "12600.0"
			},
			"outstanding_principal": {
				"amount": "0.0",
				"amount_gbp": "0.0"
			},
			"crystalised_loss": {
				"amount": "nan",
				"date": "nan"
			},
			"gross_yield": {
				"annualised": "8.731066191550553"
			}
		}
	}
}]
