[{
	"loan": {
		"seller": {
			"id": "30572"
		},
		"trade": {
			"id": "37151",
			"type": "Standard",
			"advance": {
				"date": "2017-03-03",
				"amount": "31510.28",
				"amount_gbp": "31510.28",
				"percentage": "75.0"
			},
			"discount": {
				"percentage": "0.9",
				"on": "Advance"
			},
			"expected_payment_date": "2017-03-21 00:00:00 +0000",
			"settlement_date": "2017-04-05",
			"arrears": {
				"in_arrears": "No",
				"in_arrears_on_date": "nan"
			},
			"payment": {
				"state": "Repurchased"
			},
			"price_grade": "5",
			"currency": "GBP",
			"face_value": {
				"amount": "42013.7",
				"amount_gbp": "42013.7"
			},
			"outstanding_principal": {
				"amount": "0.0",
				"amount_gbp": "0.0"
			},
			"crystalised_loss": {
				"amount": "nan",
				"date": "nan"
			},
			"gross_yield": {
				"annualised": "11.350967495666751"
			}
		}
	}
}]
