[{
	"loan": {
		"seller": {
			"id": "1873"
		},
		"trade": {
			"id": "3721",
			"type": "Standard",
			"advance": {
				"date": "2014-01-30",
				"amount": "134357.81",
				"amount_gbp": "134357.81",
				"percentage": "85.0"
			},
			"discount": {
				"percentage": "0.75",
				"on": "Facevalue"
			},
			"expected_payment_date": "2014-03-08 00:00:00 +0000",
			"settlement_date": "2014-03-05",
			"arrears": {
				"in_arrears": "No",
				"in_arrears_on_date": "nan"
			},
			"payment": {
				"state": "Paid"
			},
			"price_grade": "5",
			"currency": "GBP",
			"face_value": {
				"amount": "158068.0",
				"amount_gbp": "158068.0"
			},
			"outstanding_principal": {
				"amount": "0.0",
				"amount_gbp": "0.0"
			},
			"crystalised_loss": {
				"amount": "nan",
				"date": "nan"
			},
			"gross_yield": {
				"annualised": "11.08639745607627"
			}
		}
	}
}]
