[{
	"loan": {
		"seller": {
			"id": "16569"
		},
		"trade": {
			"id": "37385",
			"type": "Standard",
			"advance": {
				"date": "2017-03-06",
				"amount": "9551.29",
				"amount_gbp": "9551.29",
				"percentage": "75.0"
			},
			"discount": {
				"percentage": "0.9",
				"on": "Advance"
			},
			"expected_payment_date": "2017-05-08 00:00:00 +0000",
			"settlement_date": "2017-05-08",
			"arrears": {
				"in_arrears": "No",
				"in_arrears_on_date": "nan"
			},
			"payment": {
				"state": "Paid"
			},
			"price_grade": "5",
			"currency": "GBP",
			"face_value": {
				"amount": "12735.0",
				"amount_gbp": "12735.0"
			},
			"outstanding_principal": {
				"amount": "0.0",
				"amount_gbp": "0.0"
			},
			"crystalised_loss": {
				"amount": "nan",
				"date": "nan"
			},
			"gross_yield": {
				"annualised": "11.350967495666751"
			}
		}
	}
}]
