[{
	"loan": {
		"seller": {
			"id": "21455"
		},
		"trade": {
			"id": "37628",
			"type": "Standard",
			"advance": {
				"date": "2017-03-13",
				"amount": "45000.0",
				"amount_gbp": "45000.0",
				"percentage": "75.0"
			},
			"discount": {
				"percentage": "1.2",
				"on": "Advance"
			},
			"expected_payment_date": "2017-05-12 00:00:00 +0000",
			"settlement_date": "2017-05-09",
			"arrears": {
				"in_arrears": "No",
				"in_arrears_on_date": "nan"
			},
			"payment": {
				"state": "Paid"
			},
			"price_grade": "7",
			"currency": "GBP",
			"face_value": {
				"amount": "60000.0",
				"amount_gbp": "60000.0"
			},
			"outstanding_principal": {
				"amount": "0.0",
				"amount_gbp": "0.0"
			},
			"crystalised_loss": {
				"amount": "nan",
				"date": "nan"
			},
			"gross_yield": {
				"annualised": "15.389462418258605"
			}
		}
	}
}]
