[{
	"loan": {
		"seller": {
			"id": "13547"
		},
		"trade": {
			"id": "37690",
			"type": "Standard",
			"advance": {
				"date": "2017-03-14",
				"amount": "38988.51",
				"amount_gbp": "38988.51",
				"percentage": "80.0"
			},
			"discount": {
				"percentage": "0.8",
				"on": "Advance"
			},
			"expected_payment_date": "2017-05-12 00:00:00 +0000",
			"settlement_date": "2017-04-11",
			"arrears": {
				"in_arrears": "No",
				"in_arrears_on_date": "nan"
			},
			"payment": {
				"state": "Paid"
			},
			"price_grade": "4",
			"currency": "GBP",
			"face_value": {
				"amount": "48735.68",
				"amount_gbp": "48735.68"
			},
			"outstanding_principal": {
				"amount": "0.0",
				"amount_gbp": "0.0"
			},
			"crystalised_loss": {
				"amount": "nan",
				"date": "nan"
			},
			"gross_yield": {
				"annualised": "10.033869371614637"
			}
		}
	}
}]
