[{
	"loan": {
		"seller": {
			"id": "124"
		},
		"trade": {
			"id": "379",
			"type": "Standard",
			"advance": {
				"date": "2012-05-15",
				"amount": "132587.0",
				"amount_gbp": "82599.7498",
				"percentage": "80.6"
			},
			"discount": {
				"percentage": "1.96",
				"on": "Facevalue"
			},
			"expected_payment_date": "2012-06-08 00:00:00 +0000",
			"settlement_date": "2012-06-15",
			"arrears": {
				"in_arrears": "No",
				"in_arrears_on_date": "nan"
			},
			"payment": {
				"state": "Paid"
			},
			"price_grade": "10",
			"currency": "USD",
			"face_value": {
				"amount": "164500.0",
				"amount_gbp": "102481.0791"
			},
			"outstanding_principal": {
				"amount": "0.0",
				"amount_gbp": "0.0"
			},
			"crystalised_loss": {
				"amount": "nan",
				"date": "nan"
			},
			"gross_yield": {
				"annualised": "33.39086001603757"
			}
		}
	}
}]
