[{
	"loan": {
		"seller": {
			"id": "7869"
		},
		"trade": {
			"id": "37940",
			"type": "MultiDebtor",
			"advance": {
				"date": "2017-03-21",
				"amount": "180000.0",
				"amount_gbp": "180000.0",
				"percentage": "90.0"
			},
			"discount": {
				"percentage": "0.59",
				"on": "Advance"
			},
			"expected_payment_date": "2017-05-05 00:00:00 +0000",
			"settlement_date": "2017-04-04",
			"arrears": {
				"in_arrears": "No",
				"in_arrears_on_date": "nan"
			},
			"payment": {
				"state": "Paid"
			},
			"price_grade": "1",
			"currency": "GBP",
			"face_value": {
				"amount": "200000.0",
				"amount_gbp": "200000.0"
			},
			"outstanding_principal": {
				"amount": "0.0",
				"amount_gbp": "0.0"
			},
			"crystalised_loss": {
				"amount": "nan",
				"date": "nan"
			},
			"gross_yield": {
				"annualised": "7.314324889074286"
			}
		}
	}
}]
