[{
	"loan": {
		"seller": {
			"id": "30423"
		},
		"trade": {
			"id": "38027",
			"type": "Standard",
			"advance": {
				"date": "2017-03-24",
				"amount": "5805.26",
				"amount_gbp": "5805.26",
				"percentage": "55.0"
			},
			"discount": {
				"percentage": "0.9",
				"on": "Advance"
			},
			"expected_payment_date": "2017-04-30 00:00:00 +0000",
			"settlement_date": "2017-05-31",
			"arrears": {
				"in_arrears": "No",
				"in_arrears_on_date": "nan"
			},
			"payment": {
				"state": "Repurchased"
			},
			"price_grade": "5",
			"currency": "GBP",
			"face_value": {
				"amount": "10555.0",
				"amount_gbp": "10555.0"
			},
			"outstanding_principal": {
				"amount": "0.0",
				"amount_gbp": "0.0"
			},
			"crystalised_loss": {
				"amount": "nan",
				"date": "nan"
			},
			"gross_yield": {
				"annualised": "11.350967495666751"
			}
		}
	}
}]
