[{
	"loan": {
		"seller": {
			"id": "23262"
		},
		"trade": {
			"id": "38162",
			"type": "Standard",
			"advance": {
				"date": "2017-03-28",
				"amount": "7015.7",
				"amount_gbp": "7015.7",
				"percentage": "80.0"
			},
			"discount": {
				"percentage": "0.72",
				"on": "Advance"
			},
			"expected_payment_date": "2017-04-29 00:00:00 +0000",
			"settlement_date": "2017-04-19",
			"arrears": {
				"in_arrears": "No",
				"in_arrears_on_date": "nan"
			},
			"payment": {
				"state": "Paid"
			},
			"price_grade": "5",
			"currency": "GBP",
			"face_value": {
				"amount": "8769.6",
				"amount_gbp": "8769.6"
			},
			"outstanding_principal": {
				"amount": "0.0",
				"amount_gbp": "0.0"
			},
			"crystalised_loss": {
				"amount": "nan",
				"date": "nan"
			},
			"gross_yield": {
				"annualised": "8.990490026994502"
			}
		}
	}
}]
