[{
	"loan": {
		"seller": {
			"id": "31550"
		},
		"trade": {
			"id": "38477",
			"type": "Standard",
			"advance": {
				"date": "2017-04-06",
				"amount": "6680.52",
				"amount_gbp": "6680.52",
				"percentage": "55.0"
			},
			"discount": {
				"percentage": "0.8",
				"on": "Advance"
			},
			"expected_payment_date": "2017-06-06 00:00:00 +0000",
			"settlement_date": "2017-04-20",
			"arrears": {
				"in_arrears": "No",
				"in_arrears_on_date": "nan"
			},
			"payment": {
				"state": "Paid"
			},
			"price_grade": "4",
			"currency": "GBP",
			"face_value": {
				"amount": "12146.4",
				"amount_gbp": "12146.4"
			},
			"outstanding_principal": {
				"amount": "0.0",
				"amount_gbp": "0.0"
			},
			"crystalised_loss": {
				"amount": "nan",
				"date": "nan"
			},
			"gross_yield": {
				"annualised": "10.033869371614637"
			}
		}
	}
}]
