[{
	"loan": {
		"seller": {
			"id": "13079"
		},
		"trade": {
			"id": "38498",
			"type": "Standard",
			"advance": {
				"date": "2017-04-05",
				"amount": "46541.39",
				"amount_gbp": "46541.39",
				"percentage": "85.0"
			},
			"discount": {
				"percentage": "0.7",
				"on": "Advance"
			},
			"expected_payment_date": "2017-05-07 00:00:00 +0000",
			"settlement_date": "2017-04-25",
			"arrears": {
				"in_arrears": "No",
				"in_arrears_on_date": "nan"
			},
			"payment": {
				"state": "Paid"
			},
			"price_grade": "3",
			"currency": "GBP",
			"face_value": {
				"amount": "54754.56",
				"amount_gbp": "54754.56"
			},
			"outstanding_principal": {
				"amount": "0.0",
				"amount_gbp": "0.0"
			},
			"crystalised_loss": {
				"amount": "nan",
				"date": "nan"
			},
			"gross_yield": {
				"annualised": "8.731066191550553"
			}
		}
	}
}]
