[{
	"loan": {
		"seller": {
			"id": "23059"
		},
		"trade": {
			"id": "38532",
			"type": "Standard",
			"advance": {
				"date": "2017-04-05",
				"amount": "66167.85",
				"amount_gbp": "66167.85",
				"percentage": "80.0"
			},
			"discount": {
				"percentage": "0.9",
				"on": "Advance"
			},
			"expected_payment_date": "2017-05-22 00:00:00 +0000",
			"settlement_date": "2017-05-12",
			"arrears": {
				"in_arrears": "No",
				"in_arrears_on_date": "nan"
			},
			"payment": {
				"state": "Paid"
			},
			"price_grade": "5",
			"currency": "GBP",
			"face_value": {
				"amount": "82709.81",
				"amount_gbp": "82709.81"
			},
			"outstanding_principal": {
				"amount": "0.0",
				"amount_gbp": "0.0"
			},
			"crystalised_loss": {
				"amount": "nan",
				"date": "nan"
			},
			"gross_yield": {
				"annualised": "11.350967495666751"
			}
		}
	}
}]
