[{
	"loan": {
		"seller": {
			"id": "25988"
		},
		"trade": {
			"id": "38565",
			"type": "Standard",
			"advance": {
				"date": "2017-04-06",
				"amount": "60000.0",
				"amount_gbp": "60000.0",
				"percentage": "80.0"
			},
			"discount": {
				"percentage": "0.8",
				"on": "Advance"
			},
			"expected_payment_date": "2017-04-18 00:00:00 +0000",
			"settlement_date": "2017-04-24",
			"arrears": {
				"in_arrears": "No",
				"in_arrears_on_date": "nan"
			},
			"payment": {
				"state": "Repurchased"
			},
			"price_grade": "4",
			"currency": "GBP",
			"face_value": {
				"amount": "75000.0",
				"amount_gbp": "75000.0"
			},
			"outstanding_principal": {
				"amount": "0.0",
				"amount_gbp": "0.0"
			},
			"crystalised_loss": {
				"amount": "nan",
				"date": "nan"
			},
			"gross_yield": {
				"annualised": "10.033869371614637"
			}
		}
	}
}]
