[{
	"loan": {
		"seller": {
			"id": "15461"
		},
		"trade": {
			"id": "38709",
			"type": "Standard",
			"advance": {
				"date": "2017-04-11",
				"amount": "19142.42",
				"amount_gbp": "19142.42",
				"percentage": "80.0"
			},
			"discount": {
				"percentage": "0.9",
				"on": "Advance"
			},
			"expected_payment_date": "2017-05-17 00:00:00 +0000",
			"settlement_date": "2017-06-12",
			"arrears": {
				"in_arrears": "No",
				"in_arrears_on_date": "nan"
			},
			"payment": {
				"state": "Repurchased"
			},
			"price_grade": "5",
			"currency": "GBP",
			"face_value": {
				"amount": "23928.04",
				"amount_gbp": "23928.04"
			},
			"outstanding_principal": {
				"amount": "0.0",
				"amount_gbp": "0.0"
			},
			"crystalised_loss": {
				"amount": "nan",
				"date": "nan"
			},
			"gross_yield": {
				"annualised": "11.350967495666751"
			}
		}
	}
}]
