[{
	"loan": {
		"seller": {
			"id": "11115"
		},
		"trade": {
			"id": "38861",
			"type": "Standard",
			"advance": {
				"date": "2017-04-13",
				"amount": "10810.72",
				"amount_gbp": "10810.72",
				"percentage": "90.0"
			},
			"discount": {
				"percentage": "0.8",
				"on": "Advance"
			},
			"expected_payment_date": "2017-07-15 00:00:00 +0000",
			"settlement_date": "2017-07-04",
			"arrears": {
				"in_arrears": "No",
				"in_arrears_on_date": "nan"
			},
			"payment": {
				"state": "Paid"
			},
			"price_grade": "4",
			"currency": "GBP",
			"face_value": {
				"amount": "12011.92",
				"amount_gbp": "12011.92"
			},
			"outstanding_principal": {
				"amount": "0.0",
				"amount_gbp": "0.0"
			},
			"crystalised_loss": {
				"amount": "nan",
				"date": "nan"
			},
			"gross_yield": {
				"annualised": "10.033869371614637"
			}
		}
	}
}]
