[{
	"loan": {
		"seller": {
			"id": "21455"
		},
		"trade": {
			"id": "39118",
			"type": "Standard",
			"advance": {
				"date": "2017-04-26",
				"amount": "24992.5",
				"amount_gbp": "24992.5",
				"percentage": "75.0"
			},
			"discount": {
				"percentage": "1.2",
				"on": "Advance"
			},
			"expected_payment_date": "2017-06-09 00:00:00 +0000",
			"settlement_date": "2017-05-25",
			"arrears": {
				"in_arrears": "No",
				"in_arrears_on_date": "nan"
			},
			"payment": {
				"state": "Paid"
			},
			"price_grade": "7",
			"currency": "GBP",
			"face_value": {
				"amount": "33323.35",
				"amount_gbp": "33323.35"
			},
			"outstanding_principal": {
				"amount": "0.0",
				"amount_gbp": "0.0"
			},
			"crystalised_loss": {
				"amount": "nan",
				"date": "nan"
			},
			"gross_yield": {
				"annualised": "15.389462418258605"
			}
		}
	}
}]
