[{
	"loan": {
		"seller": {
			"id": "29620"
		},
		"trade": {
			"id": "39266",
			"type": "Standard",
			"advance": {
				"date": "2017-05-04",
				"amount": "10430.69",
				"amount_gbp": "10430.69",
				"percentage": "90.0"
			},
			"discount": {
				"percentage": "1.0",
				"on": "Advance"
			},
			"expected_payment_date": "2017-06-14 00:00:00 +0000",
			"settlement_date": "2017-05-22",
			"arrears": {
				"in_arrears": "No",
				"in_arrears_on_date": "nan"
			},
			"payment": {
				"state": "Paid"
			},
			"price_grade": "6",
			"currency": "GBP",
			"face_value": {
				"amount": "11589.64",
				"amount_gbp": "11589.64"
			},
			"outstanding_principal": {
				"amount": "0.0",
				"amount_gbp": "0.0"
			},
			"crystalised_loss": {
				"amount": "nan",
				"date": "nan"
			},
			"gross_yield": {
				"annualised": "12.682503013196976"
			}
		}
	}
}]
