[{
	"loan": {
		"seller": {
			"id": "9801"
		},
		"trade": {
			"id": "39289",
			"type": "Standard",
			"advance": {
				"date": "2017-04-27",
				"amount": "9779.8",
				"amount_gbp": "9779.8",
				"percentage": "85.0"
			},
			"discount": {
				"percentage": "0.7",
				"on": "Advance"
			},
			"expected_payment_date": "2017-06-02 00:00:00 +0000",
			"settlement_date": "2017-05-31",
			"arrears": {
				"in_arrears": "No",
				"in_arrears_on_date": "nan"
			},
			"payment": {
				"state": "Paid"
			},
			"price_grade": "3",
			"currency": "GBP",
			"face_value": {
				"amount": "11505.66",
				"amount_gbp": "11505.66"
			},
			"outstanding_principal": {
				"amount": "0.0",
				"amount_gbp": "0.0"
			},
			"crystalised_loss": {
				"amount": "nan",
				"date": "nan"
			},
			"gross_yield": {
				"annualised": "8.731066191550553"
			}
		}
	}
}]
