[{
	"loan": {
		"seller": {
			"id": "21455"
		},
		"trade": {
			"id": "39374",
			"type": "Standard",
			"advance": {
				"date": "2017-04-28",
				"amount": "81918.62",
				"amount_gbp": "81918.62",
				"percentage": "80.0"
			},
			"discount": {
				"percentage": "0.9",
				"on": "Advance"
			},
			"expected_payment_date": "2017-06-09 00:00:00 +0000",
			"settlement_date": "2017-05-26",
			"arrears": {
				"in_arrears": "No",
				"in_arrears_on_date": "nan"
			},
			"payment": {
				"state": "Paid"
			},
			"price_grade": "5",
			"currency": "GBP",
			"face_value": {
				"amount": "102398.3",
				"amount_gbp": "102398.3"
			},
			"outstanding_principal": {
				"amount": "0.0",
				"amount_gbp": "0.0"
			},
			"crystalised_loss": {
				"amount": "nan",
				"date": "nan"
			},
			"gross_yield": {
				"annualised": "11.350967495666751"
			}
		}
	}
}]
