[{
	"loan": {
		"seller": {
			"id": "263"
		},
		"trade": {
			"id": "396",
			"type": "Standard",
			"advance": {
				"date": "2012-05-23",
				"amount": "248239.45",
				"amount_gbp": "157740.5905",
				"percentage": "85.0"
			},
			"discount": {
				"percentage": "1.97",
				"on": "Facevalue"
			},
			"expected_payment_date": "2012-06-13 00:00:00 +0000",
			"settlement_date": "2012-05-29",
			"arrears": {
				"in_arrears": "No",
				"in_arrears_on_date": "nan"
			},
			"payment": {
				"state": "Paid"
			},
			"price_grade": "10",
			"currency": "USD",
			"face_value": {
				"amount": "292046.42",
				"amount_gbp": "185577.1705"
			},
			"outstanding_principal": {
				"amount": "0.0",
				"amount_gbp": "0.0"
			},
			"crystalised_loss": {
				"amount": "nan",
				"date": "nan"
			},
			"gross_yield": {
				"annualised": "31.527636471920555"
			}
		}
	}
}]
