[{
	"loan": {
		"seller": {
			"id": "20278"
		},
		"trade": {
			"id": "39909",
			"type": "MultiDebtor",
			"advance": {
				"date": "2017-05-18",
				"amount": "16408.11",
				"amount_gbp": "16408.11",
				"percentage": "80.0"
			},
			"discount": {
				"percentage": "0.7",
				"on": "Advance"
			},
			"expected_payment_date": "2017-06-06 00:00:00 +0000",
			"settlement_date": "2017-06-15",
			"arrears": {
				"in_arrears": "No",
				"in_arrears_on_date": "nan"
			},
			"payment": {
				"state": "Repurchased"
			},
			"price_grade": "3",
			"currency": "GBP",
			"face_value": {
				"amount": "20510.15",
				"amount_gbp": "20510.15"
			},
			"outstanding_principal": {
				"amount": "0.0",
				"amount_gbp": "0.0"
			},
			"crystalised_loss": {
				"amount": "nan",
				"date": "nan"
			},
			"gross_yield": {
				"annualised": "8.731066191550553"
			}
		}
	}
}]
