[{
	"loan": {
		"seller": {
			"id": "237"
		},
		"trade": {
			"id": "400",
			"type": "Standard",
			"advance": {
				"date": "2012-05-24",
				"amount": "19316.88",
				"amount_gbp": "19316.88",
				"percentage": "90.0"
			},
			"discount": {
				"percentage": "1.0",
				"on": "Facevalue"
			},
			"expected_payment_date": "2012-06-22 00:00:00 +0000",
			"settlement_date": "2012-06-26",
			"arrears": {
				"in_arrears": "No",
				"in_arrears_on_date": "nan"
			},
			"payment": {
				"state": "Paid"
			},
			"price_grade": "6",
			"currency": "GBP",
			"face_value": {
				"amount": "21463.2",
				"amount_gbp": "21463.2"
			},
			"outstanding_principal": {
				"amount": "0.0",
				"amount_gbp": "0.0"
			},
			"crystalised_loss": {
				"amount": "nan",
				"date": "nan"
			},
			"gross_yield": {
				"annualised": "14.164038846995776"
			}
		}
	}
}]
