[{
	"loan": {
		"seller": {
			"id": "443"
		},
		"trade": {
			"id": "40083",
			"type": "WholeLedger",
			"advance": {
				"date": "2017-05-18",
				"amount": "234470.65",
				"amount_gbp": "234470.65",
				"percentage": "83.57"
			},
			"discount": {
				"percentage": "0.56",
				"on": "Advance"
			},
			"expected_payment_date": "2017-08-15 00:00:00 +0000",
			"settlement_date": "2017-05-22",
			"arrears": {
				"in_arrears": "No",
				"in_arrears_on_date": "nan"
			},
			"payment": {
				"state": "Paid"
			},
			"price_grade": "2",
			"currency": "GBP",
			"face_value": {
				"amount": "280567.98",
				"amount_gbp": "280567.98"
			},
			"outstanding_principal": {
				"amount": "0.0",
				"amount_gbp": "0.0"
			},
			"crystalised_loss": {
				"amount": "nan",
				"date": "nan"
			},
			"gross_yield": {
				"annualised": "6.930888671798253"
			}
		}
	}
}]
