[{
	"loan": {
		"seller": {
			"id": "24259"
		},
		"trade": {
			"id": "40129",
			"type": "Standard",
			"advance": {
				"date": "2017-05-19",
				"amount": "57542.89",
				"amount_gbp": "57542.89",
				"percentage": "55.0"
			},
			"discount": {
				"percentage": "0.63",
				"on": "Advance"
			},
			"expected_payment_date": "2017-07-31 00:00:00 +0000",
			"settlement_date": "2017-06-26",
			"arrears": {
				"in_arrears": "No",
				"in_arrears_on_date": "nan"
			},
			"payment": {
				"state": "Paid"
			},
			"price_grade": "3",
			"currency": "GBP",
			"face_value": {
				"amount": "104623.44",
				"amount_gbp": "104623.44"
			},
			"outstanding_principal": {
				"amount": "0.0",
				"amount_gbp": "0.0"
			},
			"crystalised_loss": {
				"amount": "nan",
				"date": "nan"
			},
			"gross_yield": {
				"annualised": "7.82753380297514"
			}
		}
	}
}]
