[{
	"loan": {
		"seller": {
			"id": "16005"
		},
		"trade": {
			"id": "40191",
			"type": "Standard",
			"advance": {
				"date": "2017-05-22",
				"amount": "99136.58",
				"amount_gbp": "76140.2088",
				"percentage": "80.0"
			},
			"discount": {
				"percentage": "0.9",
				"on": "Advance"
			},
			"expected_payment_date": "2017-06-29 00:00:00 +0000",
			"settlement_date": "2017-06-09",
			"arrears": {
				"in_arrears": "No",
				"in_arrears_on_date": "nan"
			},
			"payment": {
				"state": "Paid"
			},
			"price_grade": "5",
			"currency": "USD",
			"face_value": {
				"amount": "123920.7",
				"amount_gbp": "95175.2411"
			},
			"outstanding_principal": {
				"amount": "0.0",
				"amount_gbp": "0.0"
			},
			"crystalised_loss": {
				"amount": "nan",
				"date": "nan"
			},
			"gross_yield": {
				"annualised": "11.350967495666751"
			}
		}
	}
}]
