[{
	"loan": {
		"seller": {
			"id": "20257"
		},
		"trade": {
			"id": "40312",
			"type": "Standard",
			"advance": {
				"date": "2017-05-25",
				"amount": "21253.11",
				"amount_gbp": "21253.11",
				"percentage": "60.0"
			},
			"discount": {
				"percentage": "0.9",
				"on": "Advance"
			},
			"expected_payment_date": "2017-06-29 00:00:00 +0000",
			"settlement_date": "2017-06-21",
			"arrears": {
				"in_arrears": "No",
				"in_arrears_on_date": "nan"
			},
			"payment": {
				"state": "Paid"
			},
			"price_grade": "5",
			"currency": "GBP",
			"face_value": {
				"amount": "35421.9",
				"amount_gbp": "35421.9"
			},
			"outstanding_principal": {
				"amount": "0.0",
				"amount_gbp": "0.0"
			},
			"crystalised_loss": {
				"amount": "nan",
				"date": "nan"
			},
			"gross_yield": {
				"annualised": "11.350967495666751"
			}
		}
	}
}]
