[{
	"loan": {
		"seller": {
			"id": "24737"
		},
		"trade": {
			"id": "40596",
			"type": "Standard",
			"advance": {
				"date": "2017-06-01",
				"amount": "42724.78",
				"amount_gbp": "42724.78",
				"percentage": "60.0"
			},
			"discount": {
				"percentage": "1.0",
				"on": "Advance"
			},
			"expected_payment_date": "2017-07-14 00:00:00 +0000",
			"settlement_date": "2017-07-03",
			"arrears": {
				"in_arrears": "No",
				"in_arrears_on_date": "nan"
			},
			"payment": {
				"state": "Paid"
			},
			"price_grade": "6",
			"currency": "GBP",
			"face_value": {
				"amount": "71208.0",
				"amount_gbp": "71208.0"
			},
			"outstanding_principal": {
				"amount": "0.0",
				"amount_gbp": "0.0"
			},
			"crystalised_loss": {
				"amount": "nan",
				"date": "nan"
			},
			"gross_yield": {
				"annualised": "12.682503013196976"
			}
		}
	}
}]
