[{
	"loan": {
		"seller": {
			"id": "18185"
		},
		"trade": {
			"id": "40650",
			"type": "Standard",
			"advance": {
				"date": "2017-06-15",
				"amount": "83274.5",
				"amount_gbp": "83274.5",
				"percentage": "85.0"
			},
			"discount": {
				"percentage": "0.7",
				"on": "Advance"
			},
			"expected_payment_date": "2017-08-13 00:00:00 +0000",
			"settlement_date": "2017-06-20",
			"arrears": {
				"in_arrears": "No",
				"in_arrears_on_date": "nan"
			},
			"payment": {
				"state": "Paid"
			},
			"price_grade": "3",
			"currency": "GBP",
			"face_value": {
				"amount": "97970.0",
				"amount_gbp": "97970.0"
			},
			"outstanding_principal": {
				"amount": "0.0",
				"amount_gbp": "0.0"
			},
			"crystalised_loss": {
				"amount": "nan",
				"date": "nan"
			},
			"gross_yield": {
				"annualised": "8.731066191550553"
			}
		}
	}
}]
