[{
	"loan": {
		"seller": {
			"id": "1861"
		},
		"trade": {
			"id": "40715",
			"type": "Standard",
			"advance": {
				"date": "2017-06-02",
				"amount": "310562.45",
				"amount_gbp": "310562.45",
				"percentage": "90.0"
			},
			"discount": {
				"percentage": "0.7",
				"on": "Advance"
			},
			"expected_payment_date": "2017-07-02 00:00:00 +0000",
			"settlement_date": "2017-06-27",
			"arrears": {
				"in_arrears": "No",
				"in_arrears_on_date": "nan"
			},
			"payment": {
				"state": "Paid"
			},
			"price_grade": "3",
			"currency": "GBP",
			"face_value": {
				"amount": "345069.41",
				"amount_gbp": "345069.41"
			},
			"outstanding_principal": {
				"amount": "0.0",
				"amount_gbp": "0.0"
			},
			"crystalised_loss": {
				"amount": "nan",
				"date": "nan"
			},
			"gross_yield": {
				"annualised": "8.731066191550553"
			}
		}
	}
}]
