[{
	"loan": {
		"seller": {
			"id": "31419"
		},
		"trade": {
			"id": "41041",
			"type": "WholeLedger",
			"advance": {
				"date": "2017-06-12",
				"amount": "513557.65",
				"amount_gbp": "513557.65",
				"percentage": "79.98"
			},
			"discount": {
				"percentage": "0.52",
				"on": "Advance"
			},
			"expected_payment_date": "2017-09-10 00:00:00 +0000",
			"settlement_date": "2017-06-14",
			"arrears": {
				"in_arrears": "No",
				"in_arrears_on_date": "nan"
			},
			"payment": {
				"state": "Paid"
			},
			"price_grade": "2",
			"currency": "GBP",
			"face_value": {
				"amount": "642107.56",
				"amount_gbp": "642107.56"
			},
			"outstanding_principal": {
				"amount": "0.0",
				"amount_gbp": "0.0"
			},
			"crystalised_loss": {
				"amount": "nan",
				"date": "nan"
			},
			"gross_yield": {
				"annualised": "6.421593871455888"
			}
		}
	}
}]
