[{
	"loan": {
		"seller": {
			"id": "13547"
		},
		"trade": {
			"id": "41104",
			"type": "Standard",
			"advance": {
				"date": "2017-06-13",
				"amount": "36437.79",
				"amount_gbp": "36437.79",
				"percentage": "65.0"
			},
			"discount": {
				"percentage": "0.8",
				"on": "Advance"
			},
			"expected_payment_date": "2017-07-29 00:00:00 +0000",
			"settlement_date": "2017-07-10",
			"arrears": {
				"in_arrears": "No",
				"in_arrears_on_date": "nan"
			},
			"payment": {
				"state": "Paid"
			},
			"price_grade": "4",
			"currency": "GBP",
			"face_value": {
				"amount": "56058.16",
				"amount_gbp": "56058.16"
			},
			"outstanding_principal": {
				"amount": "0.0",
				"amount_gbp": "0.0"
			},
			"crystalised_loss": {
				"amount": "nan",
				"date": "nan"
			},
			"gross_yield": {
				"annualised": "10.033869371614637"
			}
		}
	}
}]
