[{
	"loan": {
		"seller": {
			"id": "16229"
		},
		"trade": {
			"id": "41387",
			"type": "Standard",
			"advance": {
				"date": "2017-06-28",
				"amount": "18083.51",
				"amount_gbp": "18083.51",
				"percentage": "80.0"
			},
			"discount": {
				"percentage": "1.0",
				"on": "Advance"
			},
			"expected_payment_date": "2017-07-28 00:00:00 +0000",
			"settlement_date": "2017-07-21",
			"arrears": {
				"in_arrears": "No",
				"in_arrears_on_date": "nan"
			},
			"payment": {
				"state": "Paid"
			},
			"price_grade": "6",
			"currency": "GBP",
			"face_value": {
				"amount": "22604.4",
				"amount_gbp": "22604.4"
			},
			"outstanding_principal": {
				"amount": "0.0",
				"amount_gbp": "0.0"
			},
			"crystalised_loss": {
				"amount": "nan",
				"date": "nan"
			},
			"gross_yield": {
				"annualised": "12.682503013196976"
			}
		}
	}
}]
