[{
	"loan": {
		"seller": {
			"id": "12732"
		},
		"trade": {
			"id": "41446",
			"type": "Standard",
			"advance": {
				"date": "2017-06-22",
				"amount": "28314.47",
				"amount_gbp": "28314.47",
				"percentage": "75.0"
			},
			"discount": {
				"percentage": "1.0",
				"on": "Advance"
			},
			"expected_payment_date": "2017-08-06 00:00:00 +0000",
			"settlement_date": "2017-07-28",
			"arrears": {
				"in_arrears": "No",
				"in_arrears_on_date": "nan"
			},
			"payment": {
				"state": "Paid"
			},
			"price_grade": "6",
			"currency": "GBP",
			"face_value": {
				"amount": "37752.63",
				"amount_gbp": "37752.63"
			},
			"outstanding_principal": {
				"amount": "0.0",
				"amount_gbp": "0.0"
			},
			"crystalised_loss": {
				"amount": "nan",
				"date": "nan"
			},
			"gross_yield": {
				"annualised": "12.682503013196976"
			}
		}
	}
}]
