[{
	"loan": {
		"seller": {
			"id": "12681"
		},
		"trade": {
			"id": "41738",
			"type": "Standard",
			"advance": {
				"date": "2017-06-30",
				"amount": "32872.4",
				"amount_gbp": "32872.4",
				"percentage": "75.0"
			},
			"discount": {
				"percentage": "1.2",
				"on": "Advance"
			},
			"expected_payment_date": "2017-08-25 00:00:00 +0000",
			"settlement_date": "2017-08-18",
			"arrears": {
				"in_arrears": "No",
				"in_arrears_on_date": "nan"
			},
			"payment": {
				"state": "Paid"
			},
			"price_grade": "7",
			"currency": "GBP",
			"face_value": {
				"amount": "43829.86",
				"amount_gbp": "43829.86"
			},
			"outstanding_principal": {
				"amount": "0.0",
				"amount_gbp": "0.0"
			},
			"crystalised_loss": {
				"amount": "nan",
				"date": "nan"
			},
			"gross_yield": {
				"annualised": "15.389462418258605"
			}
		}
	}
}]
