[{
	"loan": {
		"seller": {
			"id": "27628"
		},
		"trade": {
			"id": "41780",
			"type": "Standard",
			"advance": {
				"date": "2017-07-10",
				"amount": "27906.9",
				"amount_gbp": "27906.9",
				"percentage": "85.0"
			},
			"discount": {
				"percentage": "0.9",
				"on": "Advance"
			},
			"expected_payment_date": "2017-09-05 00:00:00 +0000",
			"settlement_date": "2017-08-31",
			"arrears": {
				"in_arrears": "No",
				"in_arrears_on_date": "nan"
			},
			"payment": {
				"state": "Paid"
			},
			"price_grade": "5",
			"currency": "GBP",
			"face_value": {
				"amount": "32831.64",
				"amount_gbp": "32831.64"
			},
			"outstanding_principal": {
				"amount": "0.0",
				"amount_gbp": "0.0"
			},
			"crystalised_loss": {
				"amount": "nan",
				"date": "nan"
			},
			"gross_yield": {
				"annualised": "11.350967495666751"
			}
		}
	}
}]
