[{
	"loan": {
		"seller": {
			"id": "32540"
		},
		"trade": {
			"id": "41807",
			"type": "Standard",
			"advance": {
				"date": "2017-07-06",
				"amount": "110823.93",
				"amount_gbp": "110823.93",
				"percentage": "85.0"
			},
			"discount": {
				"percentage": "1.0",
				"on": "Advance"
			},
			"expected_payment_date": "2017-07-17 00:00:00 +0000",
			"settlement_date": "2017-07-28",
			"arrears": {
				"in_arrears": "No",
				"in_arrears_on_date": "nan"
			},
			"payment": {
				"state": "Paid"
			},
			"price_grade": "6",
			"currency": "GBP",
			"face_value": {
				"amount": "130381.08",
				"amount_gbp": "130381.08"
			},
			"outstanding_principal": {
				"amount": "0.0",
				"amount_gbp": "0.0"
			},
			"crystalised_loss": {
				"amount": "nan",
				"date": "nan"
			},
			"gross_yield": {
				"annualised": "12.682503013196976"
			}
		}
	}
}]
