[{
	"loan": {
		"seller": {
			"id": "30743"
		},
		"trade": {
			"id": "41915",
			"type": "Standard",
			"advance": {
				"date": "2017-07-05",
				"amount": "21014.52",
				"amount_gbp": "21014.52",
				"percentage": "70.0"
			},
			"discount": {
				"percentage": "0.72",
				"on": "Advance"
			},
			"expected_payment_date": "2017-09-08 00:00:00 +0000",
			"settlement_date": "2017-08-11",
			"arrears": {
				"in_arrears": "No",
				"in_arrears_on_date": "nan"
			},
			"payment": {
				"state": "Paid"
			},
			"price_grade": "5",
			"currency": "GBP",
			"face_value": {
				"amount": "30020.75",
				"amount_gbp": "30020.75"
			},
			"outstanding_principal": {
				"amount": "0.0",
				"amount_gbp": "0.0"
			},
			"crystalised_loss": {
				"amount": "nan",
				"date": "nan"
			},
			"gross_yield": {
				"annualised": "8.990490026994502"
			}
		}
	}
}]
