[{
	"loan": {
		"seller": {
			"id": "27038"
		},
		"trade": {
			"id": "41942",
			"type": "Standard",
			"advance": {
				"date": "2017-07-05",
				"amount": "20598.39",
				"amount_gbp": "20598.39",
				"percentage": "75.0"
			},
			"discount": {
				"percentage": "1.2",
				"on": "Advance"
			},
			"expected_payment_date": "2017-08-14 00:00:00 +0000",
			"settlement_date": "2017-08-01",
			"arrears": {
				"in_arrears": "No",
				"in_arrears_on_date": "nan"
			},
			"payment": {
				"state": "Paid"
			},
			"price_grade": "7",
			"currency": "GBP",
			"face_value": {
				"amount": "27464.5",
				"amount_gbp": "27464.5"
			},
			"outstanding_principal": {
				"amount": "0.0",
				"amount_gbp": "0.0"
			},
			"crystalised_loss": {
				"amount": "nan",
				"date": "nan"
			},
			"gross_yield": {
				"annualised": "15.389462418258605"
			}
		}
	}
}]
