[{
	"loan": {
		"seller": {
			"id": "14523"
		},
		"trade": {
			"id": "42114",
			"type": "Standard",
			"advance": {
				"date": "2017-07-12",
				"amount": "27526.39",
				"amount_gbp": "27526.39",
				"percentage": "90.0"
			},
			"discount": {
				"percentage": "0.8",
				"on": "Advance"
			},
			"expected_payment_date": "2017-08-04 00:00:00 +0000",
			"settlement_date": "2017-08-01",
			"arrears": {
				"in_arrears": "No",
				"in_arrears_on_date": "nan"
			},
			"payment": {
				"state": "Paid"
			},
			"price_grade": "4",
			"currency": "GBP",
			"face_value": {
				"amount": "30584.9",
				"amount_gbp": "30584.9"
			},
			"outstanding_principal": {
				"amount": "0.0",
				"amount_gbp": "0.0"
			},
			"crystalised_loss": {
				"amount": "nan",
				"date": "nan"
			},
			"gross_yield": {
				"annualised": "10.033869371614637"
			}
		}
	}
}]
