[{
	"loan": {
		"seller": {
			"id": "34659"
		},
		"trade": {
			"id": "42456",
			"type": "Standard",
			"advance": {
				"date": "2017-07-21",
				"amount": "34299.09",
				"amount_gbp": "34299.09",
				"percentage": "55.0"
			},
			"discount": {
				"percentage": "0.9",
				"on": "Advance"
			},
			"expected_payment_date": "2017-09-04 00:00:00 +0000",
			"settlement_date": "2017-08-11",
			"arrears": {
				"in_arrears": "No",
				"in_arrears_on_date": "nan"
			},
			"payment": {
				"state": "Paid"
			},
			"price_grade": "5",
			"currency": "GBP",
			"face_value": {
				"amount": "62361.91",
				"amount_gbp": "62361.91"
			},
			"outstanding_principal": {
				"amount": "0.0",
				"amount_gbp": "0.0"
			},
			"crystalised_loss": {
				"amount": "nan",
				"date": "nan"
			},
			"gross_yield": {
				"annualised": "11.350967495666751"
			}
		}
	}
}]
