[{
	"loan": {
		"seller": {
			"id": "31002"
		},
		"trade": {
			"id": "42513",
			"type": "Standard",
			"advance": {
				"date": "2017-07-24",
				"amount": "61515.65",
				"amount_gbp": "61515.65",
				"percentage": "65.0"
			},
			"discount": {
				"percentage": "1.2",
				"on": "Advance"
			},
			"expected_payment_date": "2017-09-15 00:00:00 +0000",
			"settlement_date": "2017-08-14",
			"arrears": {
				"in_arrears": "No",
				"in_arrears_on_date": "nan"
			},
			"payment": {
				"state": "Paid"
			},
			"price_grade": "7",
			"currency": "GBP",
			"face_value": {
				"amount": "94639.44",
				"amount_gbp": "94639.44"
			},
			"outstanding_principal": {
				"amount": "0.0",
				"amount_gbp": "0.0"
			},
			"crystalised_loss": {
				"amount": "nan",
				"date": "nan"
			},
			"gross_yield": {
				"annualised": "15.389462418258605"
			}
		}
	}
}]
