[{
	"loan": {
		"seller": {
			"id": "17819"
		},
		"trade": {
			"id": "42682",
			"type": "Standard",
			"advance": {
				"date": "2017-07-31",
				"amount": "42990.0",
				"amount_gbp": "42990.0",
				"percentage": "80.0"
			},
			"discount": {
				"percentage": "0.9",
				"on": "Advance"
			},
			"expected_payment_date": "2017-09-09 00:00:00 +0000",
			"settlement_date": "2017-08-25",
			"arrears": {
				"in_arrears": "No",
				"in_arrears_on_date": "nan"
			},
			"payment": {
				"state": "Paid"
			},
			"price_grade": "5",
			"currency": "GBP",
			"face_value": {
				"amount": "53737.5",
				"amount_gbp": "53737.5"
			},
			"outstanding_principal": {
				"amount": "0.0",
				"amount_gbp": "0.0"
			},
			"crystalised_loss": {
				"amount": "nan",
				"date": "nan"
			},
			"gross_yield": {
				"annualised": "11.350967495666751"
			}
		}
	}
}]
