[{
	"loan": {
		"seller": {
			"id": "34691"
		},
		"trade": {
			"id": "42728",
			"type": "Standard",
			"advance": {
				"date": "2017-07-28",
				"amount": "2042.3",
				"amount_gbp": "2042.3",
				"percentage": "60.0"
			},
			"discount": {
				"percentage": "0.8",
				"on": "Advance"
			},
			"expected_payment_date": "2017-09-28 00:00:00 +0000",
			"settlement_date": "2017-10-10",
			"arrears": {
				"in_arrears": "No",
				"in_arrears_on_date": "nan"
			},
			"payment": {
				"state": "Paid"
			},
			"price_grade": "4",
			"currency": "GBP",
			"face_value": {
				"amount": "3403.8",
				"amount_gbp": "3403.8"
			},
			"outstanding_principal": {
				"amount": "0.0",
				"amount_gbp": "0.0"
			},
			"crystalised_loss": {
				"amount": "nan",
				"date": "nan"
			},
			"gross_yield": {
				"annualised": "10.033869371614637"
			}
		}
	}
}]
