[{
	"loan": {
		"seller": {
			"id": "34949"
		},
		"trade": {
			"id": "42790",
			"type": "Standard",
			"advance": {
				"date": "2017-07-28",
				"amount": "212557.63",
				"amount_gbp": "212557.63",
				"percentage": "85.0"
			},
			"discount": {
				"percentage": "0.9",
				"on": "Advance"
			},
			"expected_payment_date": "2017-09-25 00:00:00 +0000",
			"settlement_date": "2017-08-25",
			"arrears": {
				"in_arrears": "No",
				"in_arrears_on_date": "nan"
			},
			"payment": {
				"state": "Paid"
			},
			"price_grade": "5",
			"currency": "GBP",
			"face_value": {
				"amount": "250067.71",
				"amount_gbp": "250067.71"
			},
			"outstanding_principal": {
				"amount": "0.0",
				"amount_gbp": "0.0"
			},
			"crystalised_loss": {
				"amount": "nan",
				"date": "nan"
			},
			"gross_yield": {
				"annualised": "11.350967495666751"
			}
		}
	}
}]
