[{
	"loan": {
		"seller": {
			"id": "2462"
		},
		"trade": {
			"id": "43139",
			"type": "Standard",
			"advance": {
				"date": "2017-08-08",
				"amount": "146680.6",
				"amount_gbp": "146680.6",
				"percentage": "85.0"
			},
			"discount": {
				"percentage": "0.9",
				"on": "Advance"
			},
			"expected_payment_date": "2017-10-14 00:00:00 +0000",
			"settlement_date": "2017-10-03",
			"arrears": {
				"in_arrears": "No",
				"in_arrears_on_date": "nan"
			},
			"payment": {
				"state": "Paid"
			},
			"price_grade": "5",
			"currency": "GBP",
			"face_value": {
				"amount": "172565.38",
				"amount_gbp": "172565.38"
			},
			"outstanding_principal": {
				"amount": "0.0",
				"amount_gbp": "0.0"
			},
			"crystalised_loss": {
				"amount": "nan",
				"date": "nan"
			},
			"gross_yield": {
				"annualised": "11.350967495666751"
			}
		}
	}
}]
