[{
	"loan": {
		"seller": {
			"id": "31419"
		},
		"trade": {
			"id": "43210",
			"type": "WholeLedger",
			"advance": {
				"date": "2017-08-09",
				"amount": "741670.5",
				"amount_gbp": "741670.5",
				"percentage": "82.31"
			},
			"discount": {
				"percentage": "0.52",
				"on": "Advance"
			},
			"expected_payment_date": "2017-11-07 00:00:00 +0000",
			"settlement_date": "2017-08-15",
			"arrears": {
				"in_arrears": "No",
				"in_arrears_on_date": "nan"
			},
			"payment": {
				"state": "Paid"
			},
			"price_grade": "2",
			"currency": "GBP",
			"face_value": {
				"amount": "901069.75",
				"amount_gbp": "901069.75"
			},
			"outstanding_principal": {
				"amount": "0.0",
				"amount_gbp": "0.0"
			},
			"crystalised_loss": {
				"amount": "nan",
				"date": "nan"
			},
			"gross_yield": {
				"annualised": "6.421593871455888"
			}
		}
	}
}]
