[{
	"loan": {
		"seller": {
			"id": "774"
		},
		"trade": {
			"id": "43247",
			"type": "WholeLedger",
			"advance": {
				"date": "2017-08-10",
				"amount": "98856.29",
				"amount_gbp": "98856.29",
				"percentage": "41.26"
			},
			"discount": {
				"percentage": "0.5",
				"on": "Advance"
			},
			"expected_payment_date": "2017-11-08 00:00:00 +0000",
			"settlement_date": "2017-08-15",
			"arrears": {
				"in_arrears": "No",
				"in_arrears_on_date": "nan"
			},
			"payment": {
				"state": "Paid"
			},
			"price_grade": "2",
			"currency": "GBP",
			"face_value": {
				"amount": "239593.48",
				"amount_gbp": "239593.48"
			},
			"outstanding_principal": {
				"amount": "0.0",
				"amount_gbp": "0.0"
			},
			"crystalised_loss": {
				"amount": "nan",
				"date": "nan"
			},
			"gross_yield": {
				"annualised": "6.167781186449827"
			}
		}
	}
}]
