[{
	"loan": {
		"seller": {
			"id": "14125"
		},
		"trade": {
			"id": "43355",
			"type": "Standard",
			"advance": {
				"date": "2017-08-15",
				"amount": "14356.52",
				"amount_gbp": "14356.52",
				"percentage": "85.0"
			},
			"discount": {
				"percentage": "0.9",
				"on": "Advance"
			},
			"expected_payment_date": "2017-09-11 00:00:00 +0000",
			"settlement_date": "2017-08-31",
			"arrears": {
				"in_arrears": "No",
				"in_arrears_on_date": "nan"
			},
			"payment": {
				"state": "Paid"
			},
			"price_grade": "5",
			"currency": "GBP",
			"face_value": {
				"amount": "16890.0",
				"amount_gbp": "16890.0"
			},
			"outstanding_principal": {
				"amount": "0.0",
				"amount_gbp": "0.0"
			},
			"crystalised_loss": {
				"amount": "nan",
				"date": "nan"
			},
			"gross_yield": {
				"annualised": "11.350967495666751"
			}
		}
	}
}]
