[{
	"loan": {
		"seller": {
			"id": "28356"
		},
		"trade": {
			"id": "43569",
			"type": "Standard",
			"advance": {
				"date": "2017-08-22",
				"amount": "10356.59",
				"amount_gbp": "10356.59",
				"percentage": "85.0"
			},
			"discount": {
				"percentage": "0.8",
				"on": "Advance"
			},
			"expected_payment_date": "2017-09-26 00:00:00 +0000",
			"settlement_date": "2017-09-12",
			"arrears": {
				"in_arrears": "No",
				"in_arrears_on_date": "nan"
			},
			"payment": {
				"state": "Paid"
			},
			"price_grade": "4",
			"currency": "GBP",
			"face_value": {
				"amount": "12184.21",
				"amount_gbp": "12184.21"
			},
			"outstanding_principal": {
				"amount": "0.0",
				"amount_gbp": "0.0"
			},
			"crystalised_loss": {
				"amount": "nan",
				"date": "nan"
			},
			"gross_yield": {
				"annualised": "10.033869371614637"
			}
		}
	}
}]
