[{
	"loan": {
		"seller": {
			"id": "443"
		},
		"trade": {
			"id": "43586",
			"type": "WholeLedger",
			"advance": {
				"date": "2017-08-22",
				"amount": "390423.61",
				"amount_gbp": "390423.61",
				"percentage": "84.37"
			},
			"discount": {
				"percentage": "0.56",
				"on": "Advance"
			},
			"expected_payment_date": "2017-11-20 00:00:00 +0000",
			"settlement_date": "2017-08-23",
			"arrears": {
				"in_arrears": "No",
				"in_arrears_on_date": "nan"
			},
			"payment": {
				"state": "Paid"
			},
			"price_grade": "2",
			"currency": "GBP",
			"face_value": {
				"amount": "462751.73",
				"amount_gbp": "462751.73"
			},
			"outstanding_principal": {
				"amount": "0.0",
				"amount_gbp": "0.0"
			},
			"crystalised_loss": {
				"amount": "nan",
				"date": "nan"
			},
			"gross_yield": {
				"annualised": "6.930888671798253"
			}
		}
	}
}]
