[{
	"loan": {
		"seller": {
			"id": "26297"
		},
		"trade": {
			"id": "43640",
			"type": "Standard",
			"advance": {
				"date": "2017-09-22",
				"amount": "24927.98",
				"amount_gbp": "18371.3856",
				"percentage": "85.0"
			},
			"discount": {
				"percentage": "0.9",
				"on": "Advance"
			},
			"expected_payment_date": "2017-10-04 00:00:00 +0000",
			"settlement_date": "2017-09-29",
			"arrears": {
				"in_arrears": "No",
				"in_arrears_on_date": "nan"
			},
			"payment": {
				"state": "Paid"
			},
			"price_grade": "5",
			"currency": "USD",
			"face_value": {
				"amount": "29327.0",
				"amount_gbp": "21613.3688"
			},
			"outstanding_principal": {
				"amount": "0.0",
				"amount_gbp": "0.0"
			},
			"crystalised_loss": {
				"amount": "nan",
				"date": "nan"
			},
			"gross_yield": {
				"annualised": "11.350967495666751"
			}
		}
	}
}]
