[{
	"loan": {
		"seller": {
			"id": "12754"
		},
		"trade": {
			"id": "43882",
			"type": "Standard",
			"advance": {
				"date": "2017-08-31",
				"amount": "17340.0",
				"amount_gbp": "17340.0",
				"percentage": "85.0"
			},
			"discount": {
				"percentage": "0.8",
				"on": "Advance"
			},
			"expected_payment_date": "2017-10-06 00:00:00 +0000",
			"settlement_date": "2017-09-29",
			"arrears": {
				"in_arrears": "No",
				"in_arrears_on_date": "nan"
			},
			"payment": {
				"state": "Paid"
			},
			"price_grade": "4",
			"currency": "GBP",
			"face_value": {
				"amount": "20400.0",
				"amount_gbp": "20400.0"
			},
			"outstanding_principal": {
				"amount": "0.0",
				"amount_gbp": "0.0"
			},
			"crystalised_loss": {
				"amount": "nan",
				"date": "nan"
			},
			"gross_yield": {
				"annualised": "10.033869371614637"
			}
		}
	}
}]
