[{
	"loan": {
		"seller": {
			"id": "23059"
		},
		"trade": {
			"id": "43928",
			"type": "Standard",
			"advance": {
				"date": "2017-08-31",
				"amount": "81579.43",
				"amount_gbp": "81579.43",
				"percentage": "65.0"
			},
			"discount": {
				"percentage": "1.0",
				"on": "Advance"
			},
			"expected_payment_date": "2017-10-20 00:00:00 +0000",
			"settlement_date": "2017-10-09",
			"arrears": {
				"in_arrears": "No",
				"in_arrears_on_date": "nan"
			},
			"payment": {
				"state": "Paid"
			},
			"price_grade": "6",
			"currency": "GBP",
			"face_value": {
				"amount": "125506.84",
				"amount_gbp": "125506.84"
			},
			"outstanding_principal": {
				"amount": "0.0",
				"amount_gbp": "0.0"
			},
			"crystalised_loss": {
				"amount": "nan",
				"date": "nan"
			},
			"gross_yield": {
				"annualised": "12.682503013196976"
			}
		}
	}
}]
