[{
	"loan": {
		"seller": {
			"id": "17504"
		},
		"trade": {
			"id": "43990",
			"type": "Standard",
			"advance": {
				"date": "2017-09-04",
				"amount": "60619.2",
				"amount_gbp": "60619.2",
				"percentage": "85.0"
			},
			"discount": {
				"percentage": "0.7",
				"on": "Advance"
			},
			"expected_payment_date": "2017-10-16 00:00:00 +0000",
			"settlement_date": "2017-10-02",
			"arrears": {
				"in_arrears": "No",
				"in_arrears_on_date": "nan"
			},
			"payment": {
				"state": "Paid"
			},
			"price_grade": "3",
			"currency": "GBP",
			"face_value": {
				"amount": "71316.71",
				"amount_gbp": "71316.71"
			},
			"outstanding_principal": {
				"amount": "0.0",
				"amount_gbp": "0.0"
			},
			"crystalised_loss": {
				"amount": "nan",
				"date": "nan"
			},
			"gross_yield": {
				"annualised": "8.731066191550553"
			}
		}
	}
}]
