[{
	"loan": {
		"seller": {
			"id": "14158"
		},
		"trade": {
			"id": "44078",
			"type": "Standard",
			"advance": {
				"date": "2017-09-21",
				"amount": "11228.4",
				"amount_gbp": "11228.4",
				"percentage": "65.0"
			},
			"discount": {
				"percentage": "1.7",
				"on": "Advance"
			},
			"expected_payment_date": "2017-11-07 00:00:00 +0000",
			"settlement_date": "2017-10-26",
			"arrears": {
				"in_arrears": "No",
				"in_arrears_on_date": "nan"
			},
			"payment": {
				"state": "Paid"
			},
			"price_grade": "9",
			"currency": "GBP",
			"face_value": {
				"amount": "17274.4",
				"amount_gbp": "17274.4"
			},
			"outstanding_principal": {
				"amount": "0.0",
				"amount_gbp": "0.0"
			},
			"crystalised_loss": {
				"amount": "nan",
				"date": "nan"
			},
			"gross_yield": {
				"annualised": "22.419735005332388"
			}
		}
	}
}]
