[{
	"loan": {
		"seller": {
			"id": "13547"
		},
		"trade": {
			"id": "44185",
			"type": "Standard",
			"advance": {
				"date": "2017-09-08",
				"amount": "20643.91",
				"amount_gbp": "20643.91",
				"percentage": "65.0"
			},
			"discount": {
				"percentage": "0.8",
				"on": "Advance"
			},
			"expected_payment_date": "2017-11-13 00:00:00 +0000",
			"settlement_date": "2017-10-02",
			"arrears": {
				"in_arrears": "No",
				"in_arrears_on_date": "nan"
			},
			"payment": {
				"state": "Paid"
			},
			"price_grade": "4",
			"currency": "GBP",
			"face_value": {
				"amount": "31759.86",
				"amount_gbp": "31759.86"
			},
			"outstanding_principal": {
				"amount": "0.0",
				"amount_gbp": "0.0"
			},
			"crystalised_loss": {
				"amount": "nan",
				"date": "nan"
			},
			"gross_yield": {
				"annualised": "10.033869371614637"
			}
		}
	}
}]
