[{
	"loan": {
		"seller": {
			"id": "30325"
		},
		"trade": {
			"id": "44214",
			"type": "Standard",
			"advance": {
				"date": "2017-09-08",
				"amount": "60000.0",
				"amount_gbp": "45402.985",
				"percentage": "80.0"
			},
			"discount": {
				"percentage": "0.9",
				"on": "Advance"
			},
			"expected_payment_date": "2017-11-16 00:00:00 +0000",
			"settlement_date": "2017-10-06",
			"arrears": {
				"in_arrears": "No",
				"in_arrears_on_date": "nan"
			},
			"payment": {
				"state": "Paid"
			},
			"price_grade": "5",
			"currency": "USD",
			"face_value": {
				"amount": "75000.0",
				"amount_gbp": "56753.7313"
			},
			"outstanding_principal": {
				"amount": "0.0",
				"amount_gbp": "0.0"
			},
			"crystalised_loss": {
				"amount": "nan",
				"date": "nan"
			},
			"gross_yield": {
				"annualised": "11.350967495666751"
			}
		}
	}
}]
