[{
	"loan": {
		"seller": {
			"id": "443"
		},
		"trade": {
			"id": "44701",
			"type": "WholeLedger",
			"advance": {
				"date": "2017-09-25",
				"amount": "382282.84",
				"amount_gbp": "382282.84",
				"percentage": "84.44"
			},
			"discount": {
				"percentage": "0.56",
				"on": "Advance"
			},
			"expected_payment_date": "2017-12-24 00:00:00 +0000",
			"settlement_date": "2017-09-26",
			"arrears": {
				"in_arrears": "No",
				"in_arrears_on_date": "nan"
			},
			"payment": {
				"state": "Paid"
			},
			"price_grade": "2",
			"currency": "GBP",
			"face_value": {
				"amount": "452727.2",
				"amount_gbp": "452727.2"
			},
			"outstanding_principal": {
				"amount": "0.0",
				"amount_gbp": "0.0"
			},
			"crystalised_loss": {
				"amount": "nan",
				"date": "nan"
			},
			"gross_yield": {
				"annualised": "6.930888671798253"
			}
		}
	}
}]
