[{
	"loan": {
		"seller": {
			"id": "18023"
		},
		"trade": {
			"id": "44756",
			"type": "Standard",
			"advance": {
				"date": "2017-09-27",
				"amount": "17737.51",
				"amount_gbp": "15530.9637",
				"percentage": "75.0"
			},
			"discount": {
				"percentage": "1.0",
				"on": "Advance"
			},
			"expected_payment_date": "2017-11-30 00:00:00 +0000",
			"settlement_date": "2017-12-08",
			"arrears": {
				"in_arrears": "No",
				"in_arrears_on_date": "nan"
			},
			"payment": {
				"state": "Repurchased"
			},
			"price_grade": "6",
			"currency": "EUR",
			"face_value": {
				"amount": "23650.0",
				"amount_gbp": "20707.94"
			},
			"outstanding_principal": {
				"amount": "0.0",
				"amount_gbp": "0.0"
			},
			"crystalised_loss": {
				"amount": "nan",
				"date": "nan"
			},
			"gross_yield": {
				"annualised": "12.682503013196976"
			}
		}
	}
}]
