[{
	"loan": {
		"seller": {
			"id": "29620"
		},
		"trade": {
			"id": "44869",
			"type": "Standard",
			"advance": {
				"date": "2017-09-28",
				"amount": "10545.91",
				"amount_gbp": "10545.91",
				"percentage": "90.0"
			},
			"discount": {
				"percentage": "0.9",
				"on": "Advance"
			},
			"expected_payment_date": "2017-11-14 00:00:00 +0000",
			"settlement_date": "2017-12-22",
			"arrears": {
				"in_arrears": "No",
				"in_arrears_on_date": "nan"
			},
			"payment": {
				"state": "Repurchased"
			},
			"price_grade": "5",
			"currency": "GBP",
			"face_value": {
				"amount": "11717.68",
				"amount_gbp": "11717.68"
			},
			"outstanding_principal": {
				"amount": "0.0",
				"amount_gbp": "0.0"
			},
			"crystalised_loss": {
				"amount": "nan",
				"date": "nan"
			},
			"gross_yield": {
				"annualised": "11.350967495666751"
			}
		}
	}
}]
