[{
	"loan": {
		"seller": {
			"id": "21455"
		},
		"trade": {
			"id": "44886",
			"type": "Standard",
			"advance": {
				"date": "2017-09-29",
				"amount": "34009.09",
				"amount_gbp": "34009.09",
				"percentage": "65.0"
			},
			"discount": {
				"percentage": "1.4",
				"on": "Advance"
			},
			"expected_payment_date": "2017-11-10 00:00:00 +0000",
			"settlement_date": "2017-10-26",
			"arrears": {
				"in_arrears": "No",
				"in_arrears_on_date": "nan"
			},
			"payment": {
				"state": "Paid"
			},
			"price_grade": "8",
			"currency": "GBP",
			"face_value": {
				"amount": "52321.69",
				"amount_gbp": "52321.69"
			},
			"outstanding_principal": {
				"amount": "0.0",
				"amount_gbp": "0.0"
			},
			"crystalised_loss": {
				"amount": "nan",
				"date": "nan"
			},
			"gross_yield": {
				"annualised": "18.1559128918122"
			}
		}
	}
}]
