[{
	"loan": {
		"seller": {
			"id": "30767"
		},
		"trade": {
			"id": "45002",
			"type": "WholeLedger",
			"advance": {
				"date": "2017-10-03",
				"amount": "733014.0",
				"amount_gbp": "733014.0",
				"percentage": "61.61"
			},
			"discount": {
				"percentage": "0.49",
				"on": "Advance"
			},
			"expected_payment_date": "2017-12-31 00:00:00 +0000",
			"settlement_date": "2017-10-05",
			"arrears": {
				"in_arrears": "No",
				"in_arrears_on_date": "nan"
			},
			"payment": {
				"state": "Paid"
			},
			"price_grade": "2",
			"currency": "GBP",
			"face_value": {
				"amount": "1189764.64",
				"amount_gbp": "1189764.64"
			},
			"outstanding_principal": {
				"amount": "0.0",
				"amount_gbp": "0.0"
			},
			"crystalised_loss": {
				"amount": "nan",
				"date": "nan"
			},
			"gross_yield": {
				"annualised": "6.041083038769558"
			}
		}
	}
}]
