[{
	"loan": {
		"seller": {
			"id": "18023"
		},
		"trade": {
			"id": "45055",
			"type": "MultiDebtor",
			"advance": {
				"date": "2017-10-04",
				"amount": "9652.32",
				"amount_gbp": "8567.3992",
				"percentage": "80.0"
			},
			"discount": {
				"percentage": "0.9",
				"on": "Advance"
			},
			"expected_payment_date": "2017-11-13 00:00:00 +0000",
			"settlement_date": "2017-11-24",
			"arrears": {
				"in_arrears": "No",
				"in_arrears_on_date": "nan"
			},
			"payment": {
				"state": "Repurchased"
			},
			"price_grade": "5",
			"currency": "EUR",
			"face_value": {
				"amount": "12065.39",
				"amount_gbp": "10709.2399"
			},
			"outstanding_principal": {
				"amount": "0.0",
				"amount_gbp": "0.0"
			},
			"crystalised_loss": {
				"amount": "nan",
				"date": "nan"
			},
			"gross_yield": {
				"annualised": "11.350967495666751"
			}
		}
	}
}]
