[{
	"loan": {
		"seller": {
			"id": "350"
		},
		"trade": {
			"id": "45239",
			"type": "Standard",
			"advance": {
				"date": "2017-10-12",
				"amount": "20000.0",
				"amount_gbp": "15220.9851",
				"percentage": "80.0"
			},
			"discount": {
				"percentage": "0.9",
				"on": "Advance"
			},
			"expected_payment_date": "2017-11-30 00:00:00 +0000",
			"settlement_date": "2017-12-20",
			"arrears": {
				"in_arrears": "No",
				"in_arrears_on_date": "nan"
			},
			"payment": {
				"state": "Repurchased"
			},
			"price_grade": "5",
			"currency": "USD",
			"face_value": {
				"amount": "25000.0",
				"amount_gbp": "19026.2314"
			},
			"outstanding_principal": {
				"amount": "0.0",
				"amount_gbp": "0.0"
			},
			"crystalised_loss": {
				"amount": "nan",
				"date": "nan"
			},
			"gross_yield": {
				"annualised": "11.350967495666751"
			}
		}
	}
}]
