[{
	"loan": {
		"seller": {
			"id": "34848"
		},
		"trade": {
			"id": "45393",
			"type": "Standard",
			"advance": {
				"date": "2017-10-17",
				"amount": "2614.69",
				"amount_gbp": "2614.69",
				"percentage": "60.0"
			},
			"discount": {
				"percentage": "0.7",
				"on": "Advance"
			},
			"expected_payment_date": "2017-11-26 00:00:00 +0000",
			"settlement_date": "2017-11-17",
			"arrears": {
				"in_arrears": "No",
				"in_arrears_on_date": "nan"
			},
			"payment": {
				"state": "Paid"
			},
			"price_grade": "3",
			"currency": "GBP",
			"face_value": {
				"amount": "4357.8",
				"amount_gbp": "4357.8"
			},
			"outstanding_principal": {
				"amount": "0.0",
				"amount_gbp": "0.0"
			},
			"crystalised_loss": {
				"amount": "nan",
				"date": "nan"
			},
			"gross_yield": {
				"annualised": "8.731066191550553"
			}
		}
	}
}]
