[{
	"loan": {
		"seller": {
			"id": "1222"
		},
		"trade": {
			"id": "45405",
			"type": "Standard",
			"advance": {
				"date": "2017-10-17",
				"amount": "52653.79",
				"amount_gbp": "52653.79",
				"percentage": "80.0"
			},
			"discount": {
				"percentage": "0.7",
				"on": "Advance"
			},
			"expected_payment_date": "2018-02-28 00:00:00 +0000",
			"settlement_date": "2018-02-19",
			"arrears": {
				"in_arrears": "No",
				"in_arrears_on_date": "nan"
			},
			"payment": {
				"state": "Paid"
			},
			"price_grade": "3",
			"currency": "GBP",
			"face_value": {
				"amount": "65817.24",
				"amount_gbp": "65817.24"
			},
			"outstanding_principal": {
				"amount": "0.0",
				"amount_gbp": "0.0"
			},
			"crystalised_loss": {
				"amount": "nan",
				"date": "nan"
			},
			"gross_yield": {
				"annualised": "8.731066191550553"
			}
		}
	}
}]
