[{
	"loan": {
		"seller": {
			"id": "26297"
		},
		"trade": {
			"id": "45540",
			"type": "Standard",
			"advance": {
				"date": "2017-10-18",
				"amount": "8287.51",
				"amount_gbp": "8287.51",
				"percentage": "85.0"
			},
			"discount": {
				"percentage": "1.2",
				"on": "Advance"
			},
			"expected_payment_date": "2017-11-30 00:00:00 +0000",
			"settlement_date": "2017-11-20",
			"arrears": {
				"in_arrears": "No",
				"in_arrears_on_date": "nan"
			},
			"payment": {
				"state": "Paid"
			},
			"price_grade": "7",
			"currency": "GBP",
			"face_value": {
				"amount": "9750.0",
				"amount_gbp": "9750.0"
			},
			"outstanding_principal": {
				"amount": "0.0",
				"amount_gbp": "0.0"
			},
			"crystalised_loss": {
				"amount": "nan",
				"date": "nan"
			},
			"gross_yield": {
				"annualised": "15.389462418258605"
			}
		}
	}
}]
