[{
	"loan": {
		"seller": {
			"id": "414"
		},
		"trade": {
			"id": "457",
			"type": "Standard",
			"advance": {
				"date": "2012-06-19",
				"amount": "38070.0",
				"amount_gbp": "38070.0",
				"percentage": "90.0"
			},
			"discount": {
				"percentage": "1.25",
				"on": "Facevalue"
			},
			"expected_payment_date": "2012-06-29 00:00:00 +0000",
			"settlement_date": "2012-07-04",
			"arrears": {
				"in_arrears": "No",
				"in_arrears_on_date": "nan"
			},
			"payment": {
				"state": "Paid"
			},
			"price_grade": "7",
			"currency": "GBP",
			"face_value": {
				"amount": "42300.0",
				"amount_gbp": "42300.0"
			},
			"outstanding_principal": {
				"amount": "0.0",
				"amount_gbp": "0.0"
			},
			"crystalised_loss": {
				"amount": "nan",
				"date": "nan"
			},
			"gross_yield": {
				"annualised": "17.876557104592926"
			}
		}
	}
}]
