[{
	"loan": {
		"seller": {
			"id": "9708"
		},
		"trade": {
			"id": "45813",
			"type": "LicenceFee",
			"advance": {
				"date": "2017-10-30",
				"amount": "52800.0",
				"amount_gbp": "52800.0",
				"percentage": "80.0"
			},
			"discount": {
				"percentage": "1.0",
				"on": "Advance"
			},
			"expected_payment_date": "2018-04-16 00:00:00 +0000",
			"settlement_date": "2018-04-09",
			"arrears": {
				"in_arrears": "No",
				"in_arrears_on_date": "nan"
			},
			"payment": {
				"state": "Paid"
			},
			"price_grade": "6",
			"currency": "GBP",
			"face_value": {
				"amount": "66000.0",
				"amount_gbp": "66000.0"
			},
			"outstanding_principal": {
				"amount": "0.0",
				"amount_gbp": "0.0"
			},
			"crystalised_loss": {
				"amount": "nan",
				"date": "nan"
			},
			"gross_yield": {
				"annualised": "12.682503013196976"
			}
		}
	}
}]
