[{
	"loan": {
		"seller": {
			"id": "23547"
		},
		"trade": {
			"id": "45844",
			"type": "Standard",
			"advance": {
				"date": "2017-10-30",
				"amount": "12745.29",
				"amount_gbp": "12745.29",
				"percentage": "85.0"
			},
			"discount": {
				"percentage": "0.9",
				"on": "Advance"
			},
			"expected_payment_date": "2017-12-25 00:00:00 +0000",
			"settlement_date": "2017-12-13",
			"arrears": {
				"in_arrears": "No",
				"in_arrears_on_date": "nan"
			},
			"payment": {
				"state": "Paid"
			},
			"price_grade": "5",
			"currency": "GBP",
			"face_value": {
				"amount": "14994.47",
				"amount_gbp": "14994.47"
			},
			"outstanding_principal": {
				"amount": "0.0",
				"amount_gbp": "0.0"
			},
			"crystalised_loss": {
				"amount": "nan",
				"date": "nan"
			},
			"gross_yield": {
				"annualised": "11.350967495666751"
			}
		}
	}
}]
