[{
	"loan": {
		"seller": {
			"id": "10962"
		},
		"trade": {
			"id": "45901",
			"type": "WholeLedger",
			"advance": {
				"date": "2017-10-30",
				"amount": "102387.9",
				"amount_gbp": "102387.9",
				"percentage": "47.38"
			},
			"discount": {
				"percentage": "0.49",
				"on": "Advance"
			},
			"expected_payment_date": "2018-01-25 00:00:00 +0000",
			"settlement_date": "2017-11-09",
			"arrears": {
				"in_arrears": "No",
				"in_arrears_on_date": "nan"
			},
			"payment": {
				"state": "Paid"
			},
			"price_grade": "2",
			"currency": "GBP",
			"face_value": {
				"amount": "216099.42",
				"amount_gbp": "216099.42"
			},
			"outstanding_principal": {
				"amount": "0.0",
				"amount_gbp": "0.0"
			},
			"crystalised_loss": {
				"amount": "nan",
				"date": "nan"
			},
			"gross_yield": {
				"annualised": "6.041083038769558"
			}
		}
	}
}]
