[{
	"loan": {
		"seller": {
			"id": "25279"
		},
		"trade": {
			"id": "45956",
			"type": "Standard",
			"advance": {
				"date": "2017-10-31",
				"amount": "4049.89",
				"amount_gbp": "4049.89",
				"percentage": "60.0"
			},
			"discount": {
				"percentage": "1.4",
				"on": "Advance"
			},
			"expected_payment_date": "2017-11-29 00:00:00 +0000",
			"settlement_date": "2017-11-23",
			"arrears": {
				"in_arrears": "No",
				"in_arrears_on_date": "nan"
			},
			"payment": {
				"state": "Repurchased"
			},
			"price_grade": "8",
			"currency": "GBP",
			"face_value": {
				"amount": "6749.83",
				"amount_gbp": "6749.83"
			},
			"outstanding_principal": {
				"amount": "0.0",
				"amount_gbp": "0.0"
			},
			"crystalised_loss": {
				"amount": "nan",
				"date": "nan"
			},
			"gross_yield": {
				"annualised": "18.1559128918122"
			}
		}
	}
}]
