[{
	"loan": {
		"seller": {
			"id": "32759"
		},
		"trade": {
			"id": "46229",
			"type": "Standard",
			"advance": {
				"date": "2017-11-10",
				"amount": "4855.18",
				"amount_gbp": "4855.18",
				"percentage": "85.0"
			},
			"discount": {
				"percentage": "0.9",
				"on": "Advance"
			},
			"expected_payment_date": "2017-12-30 00:00:00 +0000",
			"settlement_date": "2018-01-08",
			"arrears": {
				"in_arrears": "No",
				"in_arrears_on_date": "nan"
			},
			"payment": {
				"state": "Paid"
			},
			"price_grade": "5",
			"currency": "GBP",
			"face_value": {
				"amount": "5712.0",
				"amount_gbp": "5712.0"
			},
			"outstanding_principal": {
				"amount": "0.0",
				"amount_gbp": "0.0"
			},
			"crystalised_loss": {
				"amount": "nan",
				"date": "nan"
			},
			"gross_yield": {
				"annualised": "11.350967495666751"
			}
		}
	}
}]
