[{
	"loan": {
		"seller": {
			"id": "23059"
		},
		"trade": {
			"id": "46291",
			"type": "Standard",
			"advance": {
				"date": "2017-11-07",
				"amount": "76360.28",
				"amount_gbp": "76360.28",
				"percentage": "65.0"
			},
			"discount": {
				"percentage": "1.0",
				"on": "Advance"
			},
			"expected_payment_date": "2017-12-22 00:00:00 +0000",
			"settlement_date": "2017-12-11",
			"arrears": {
				"in_arrears": "No",
				"in_arrears_on_date": "nan"
			},
			"payment": {
				"state": "Paid"
			},
			"price_grade": "6",
			"currency": "GBP",
			"face_value": {
				"amount": "117477.36",
				"amount_gbp": "117477.36"
			},
			"outstanding_principal": {
				"amount": "0.0",
				"amount_gbp": "0.0"
			},
			"crystalised_loss": {
				"amount": "nan",
				"date": "nan"
			},
			"gross_yield": {
				"annualised": "12.682503013196976"
			}
		}
	}
}]
