[{
	"loan": {
		"seller": {
			"id": "32071"
		},
		"trade": {
			"id": "46442",
			"type": "Standard",
			"advance": {
				"date": "2017-11-10",
				"amount": "11256.8",
				"amount_gbp": "9947.6341",
				"percentage": "80.0"
			},
			"discount": {
				"percentage": "1.2",
				"on": "Advance"
			},
			"expected_payment_date": "2018-01-03 00:00:00 +0000",
			"settlement_date": "2018-01-26",
			"arrears": {
				"in_arrears": "No",
				"in_arrears_on_date": "nan"
			},
			"payment": {
				"state": "Repurchased"
			},
			"price_grade": "7",
			"currency": "EUR",
			"face_value": {
				"amount": "14071.0",
				"amount_gbp": "12434.5426"
			},
			"outstanding_principal": {
				"amount": "0.0",
				"amount_gbp": "0.0"
			},
			"crystalised_loss": {
				"amount": "nan",
				"date": "nan"
			},
			"gross_yield": {
				"annualised": "15.389462418258605"
			}
		}
	}
}]
