[{
	"loan": {
		"seller": {
			"id": "9001"
		},
		"trade": {
			"id": "46803",
			"type": "MultiDebtor",
			"advance": {
				"date": "2017-11-21",
				"amount": "11097.0",
				"amount_gbp": "11097.0",
				"percentage": "81.0"
			},
			"discount": {
				"percentage": "0.9",
				"on": "Advance"
			},
			"expected_payment_date": "2018-01-05 00:00:00 +0000",
			"settlement_date": "2017-12-18",
			"arrears": {
				"in_arrears": "No",
				"in_arrears_on_date": "nan"
			},
			"payment": {
				"state": "Paid"
			},
			"price_grade": "5",
			"currency": "GBP",
			"face_value": {
				"amount": "13700.0",
				"amount_gbp": "13700.0"
			},
			"outstanding_principal": {
				"amount": "0.0",
				"amount_gbp": "0.0"
			},
			"crystalised_loss": {
				"amount": "nan",
				"date": "nan"
			},
			"gross_yield": {
				"annualised": "11.350967495666751"
			}
		}
	}
}]
