[{
	"loan": {
		"seller": {
			"id": "18451"
		},
		"trade": {
			"id": "46911",
			"type": "WholeLedger",
			"advance": {
				"date": "2017-11-23",
				"amount": "299972.69",
				"amount_gbp": "299972.69",
				"percentage": "59.9048"
			},
			"discount": {
				"percentage": "0.8",
				"on": "Advance"
			},
			"expected_payment_date": "2018-02-21 00:00:00 +0000",
			"settlement_date": "2017-11-28",
			"arrears": {
				"in_arrears": "No",
				"in_arrears_on_date": "nan"
			},
			"payment": {
				"state": "Paid"
			},
			"price_grade": "6",
			"currency": "GBP",
			"face_value": {
				"amount": "500748.47",
				"amount_gbp": "500748.47"
			},
			"outstanding_principal": {
				"amount": "0.0",
				"amount_gbp": "0.0"
			},
			"crystalised_loss": {
				"amount": "nan",
				"date": "nan"
			},
			"gross_yield": {
				"annualised": "10.033869371614637"
			}
		}
	}
}]
