[{
	"loan": {
		"seller": {
			"id": "14000"
		},
		"trade": {
			"id": "46946",
			"type": "Standard",
			"advance": {
				"date": "2017-11-28",
				"amount": "6120.0",
				"amount_gbp": "6120.0",
				"percentage": "85.0"
			},
			"discount": {
				"percentage": "0.9",
				"on": "Advance"
			},
			"expected_payment_date": "2017-12-14 00:00:00 +0000",
			"settlement_date": "2017-12-04",
			"arrears": {
				"in_arrears": "No",
				"in_arrears_on_date": "nan"
			},
			"payment": {
				"state": "Paid"
			},
			"price_grade": "5",
			"currency": "GBP",
			"face_value": {
				"amount": "7200.0",
				"amount_gbp": "7200.0"
			},
			"outstanding_principal": {
				"amount": "0.0",
				"amount_gbp": "0.0"
			},
			"crystalised_loss": {
				"amount": "nan",
				"date": "nan"
			},
			"gross_yield": {
				"annualised": "11.350967495666751"
			}
		}
	}
}]
