[{
	"loan": {
		"seller": {
			"id": "18451"
		},
		"trade": {
			"id": "47068",
			"type": "WholeLedger",
			"advance": {
				"date": "2017-11-28",
				"amount": "311669.57",
				"amount_gbp": "311669.57",
				"percentage": "65.976"
			},
			"discount": {
				"percentage": "0.8",
				"on": "Advance"
			},
			"expected_payment_date": "2018-02-26 00:00:00 +0000",
			"settlement_date": "2017-12-22",
			"arrears": {
				"in_arrears": "No",
				"in_arrears_on_date": "nan"
			},
			"payment": {
				"state": "Paid"
			},
			"price_grade": "6",
			"currency": "GBP",
			"face_value": {
				"amount": "472397.68",
				"amount_gbp": "472397.68"
			},
			"outstanding_principal": {
				"amount": "0.0",
				"amount_gbp": "0.0"
			},
			"crystalised_loss": {
				"amount": "nan",
				"date": "nan"
			},
			"gross_yield": {
				"annualised": "10.033869371614637"
			}
		}
	}
}]
