[{
	"loan": {
		"seller": {
			"id": "2056"
		},
		"trade": {
			"id": "47204",
			"type": "Standard",
			"advance": {
				"date": "2017-11-30",
				"amount": "26775.0",
				"amount_gbp": "26775.0",
				"percentage": "85.0"
			},
			"discount": {
				"percentage": "0.9",
				"on": "Advance"
			},
			"expected_payment_date": "2018-01-15 00:00:00 +0000",
			"settlement_date": "2018-01-11",
			"arrears": {
				"in_arrears": "No",
				"in_arrears_on_date": "nan"
			},
			"payment": {
				"state": "Paid"
			},
			"price_grade": "5",
			"currency": "GBP",
			"face_value": {
				"amount": "31500.0",
				"amount_gbp": "31500.0"
			},
			"outstanding_principal": {
				"amount": "0.0",
				"amount_gbp": "0.0"
			},
			"crystalised_loss": {
				"amount": "nan",
				"date": "nan"
			},
			"gross_yield": {
				"annualised": "11.350967495666751"
			}
		}
	}
}]
