[{
	"loan": {
		"seller": {
			"id": "21455"
		},
		"trade": {
			"id": "47316",
			"type": "Standard",
			"advance": {
				"date": "2017-12-04",
				"amount": "42194.83",
				"amount_gbp": "42194.83",
				"percentage": "65.0"
			},
			"discount": {
				"percentage": "1.2",
				"on": "Advance"
			},
			"expected_payment_date": "2018-01-12 00:00:00 +0000",
			"settlement_date": "2018-01-10",
			"arrears": {
				"in_arrears": "No",
				"in_arrears_on_date": "nan"
			},
			"payment": {
				"state": "Paid"
			},
			"price_grade": "7",
			"currency": "GBP",
			"face_value": {
				"amount": "64915.13",
				"amount_gbp": "64915.13"
			},
			"outstanding_principal": {
				"amount": "0.0",
				"amount_gbp": "0.0"
			},
			"crystalised_loss": {
				"amount": "nan",
				"date": "nan"
			},
			"gross_yield": {
				"annualised": "15.389462418258605"
			}
		}
	}
}]
