[{
	"loan": {
		"seller": {
			"id": "38897"
		},
		"trade": {
			"id": "47480",
			"type": "Standard",
			"advance": {
				"date": "2017-12-13",
				"amount": "22876.0",
				"amount_gbp": "22876.0",
				"percentage": "80.0"
			},
			"discount": {
				"percentage": "0.9",
				"on": "Advance"
			},
			"expected_payment_date": "2018-02-12 00:00:00 +0000",
			"settlement_date": "2018-01-26",
			"arrears": {
				"in_arrears": "No",
				"in_arrears_on_date": "nan"
			},
			"payment": {
				"state": "Repurchased"
			},
			"price_grade": "5",
			"currency": "GBP",
			"face_value": {
				"amount": "28595.0",
				"amount_gbp": "28595.0"
			},
			"outstanding_principal": {
				"amount": "0.0",
				"amount_gbp": "0.0"
			},
			"crystalised_loss": {
				"amount": "nan",
				"date": "nan"
			},
			"gross_yield": {
				"annualised": "11.350967495666751"
			}
		}
	}
}]
