[{
	"loan": {
		"seller": {
			"id": "9291"
		},
		"trade": {
			"id": "47592",
			"type": "Standard",
			"advance": {
				"date": "2017-12-22",
				"amount": "32599.2",
				"amount_gbp": "32599.2",
				"percentage": "85.0"
			},
			"discount": {
				"percentage": "0.8",
				"on": "Advance"
			},
			"expected_payment_date": "2018-01-10 00:00:00 +0000",
			"settlement_date": "2018-01-08",
			"arrears": {
				"in_arrears": "No",
				"in_arrears_on_date": "nan"
			},
			"payment": {
				"state": "Paid"
			},
			"price_grade": "4",
			"currency": "GBP",
			"face_value": {
				"amount": "38352.0",
				"amount_gbp": "38352.0"
			},
			"outstanding_principal": {
				"amount": "0.0",
				"amount_gbp": "0.0"
			},
			"crystalised_loss": {
				"amount": "nan",
				"date": "nan"
			},
			"gross_yield": {
				"annualised": "10.033869371614637"
			}
		}
	}
}]
