[{
	"loan": {
		"seller": {
			"id": "23415"
		},
		"trade": {
			"id": "47711",
			"type": "Standard",
			"advance": {
				"date": "2017-12-12",
				"amount": "18309.0",
				"amount_gbp": "18309.0",
				"percentage": "85.0"
			},
			"discount": {
				"percentage": "0.63",
				"on": "Advance"
			},
			"expected_payment_date": "2018-02-07 00:00:00 +0000",
			"settlement_date": "2018-01-04",
			"arrears": {
				"in_arrears": "No",
				"in_arrears_on_date": "nan"
			},
			"payment": {
				"state": "Paid"
			},
			"price_grade": "2",
			"currency": "GBP",
			"face_value": {
				"amount": "21540.0",
				"amount_gbp": "21540.0"
			},
			"outstanding_principal": {
				"amount": "0.0",
				"amount_gbp": "0.0"
			},
			"crystalised_loss": {
				"amount": "nan",
				"date": "nan"
			},
			"gross_yield": {
				"annualised": "7.82753380297514"
			}
		}
	}
}]
