[{
	"loan": {
		"seller": {
			"id": "32560"
		},
		"trade": {
			"id": "48260",
			"type": "Standard",
			"advance": {
				"date": "2017-12-22",
				"amount": "52743.6",
				"amount_gbp": "52743.6",
				"percentage": "65.0"
			},
			"discount": {
				"percentage": "2.0",
				"on": "Advance"
			},
			"expected_payment_date": "2018-02-13 00:00:00 +0000",
			"settlement_date": "2018-02-06",
			"arrears": {
				"in_arrears": "No",
				"in_arrears_on_date": "nan"
			},
			"payment": {
				"state": "Paid"
			},
			"price_grade": "10",
			"currency": "GBP",
			"face_value": {
				"amount": "81144.0",
				"amount_gbp": "81144.0"
			},
			"outstanding_principal": {
				"amount": "0.0",
				"amount_gbp": "0.0"
			},
			"crystalised_loss": {
				"amount": "nan",
				"date": "nan"
			},
			"gross_yield": {
				"annualised": "26.824179456254548"
			}
		}
	}
}]
