[{
	"loan": {
		"seller": {
			"id": "18576"
		},
		"trade": {
			"id": "48325",
			"type": "Standard",
			"advance": {
				"date": "2017-12-28",
				"amount": "19186.2",
				"amount_gbp": "17029.6711",
				"percentage": "85.0"
			},
			"discount": {
				"percentage": "1.0",
				"on": "Advance"
			},
			"expected_payment_date": "2018-02-28 00:00:00 +0000",
			"settlement_date": "2018-02-19",
			"arrears": {
				"in_arrears": "No",
				"in_arrears_on_date": "nan"
			},
			"payment": {
				"state": "Paid"
			},
			"price_grade": "6",
			"currency": "EUR",
			"face_value": {
				"amount": "22572.0",
				"amount_gbp": "20034.9072"
			},
			"outstanding_principal": {
				"amount": "0.0",
				"amount_gbp": "0.0"
			},
			"crystalised_loss": {
				"amount": "nan",
				"date": "nan"
			},
			"gross_yield": {
				"annualised": "12.682503013196976"
			}
		}
	}
}]
