[{
	"loan": {
		"seller": {
			"id": "40179"
		},
		"trade": {
			"id": "48372",
			"type": "Standard",
			"advance": {
				"date": "2018-01-03",
				"amount": "15000.0",
				"amount_gbp": "15000.0",
				"percentage": "55.0"
			},
			"discount": {
				"percentage": "0.8",
				"on": "Advance"
			},
			"expected_payment_date": "2018-02-16 00:00:00 +0000",
			"settlement_date": "2018-03-27",
			"arrears": {
				"in_arrears": "No",
				"in_arrears_on_date": "nan"
			},
			"payment": {
				"state": "Repurchased"
			},
			"price_grade": "4",
			"currency": "GBP",
			"face_value": {
				"amount": "27272.72",
				"amount_gbp": "27272.72"
			},
			"outstanding_principal": {
				"amount": "0.0",
				"amount_gbp": "0.0"
			},
			"crystalised_loss": {
				"amount": "nan",
				"date": "nan"
			},
			"gross_yield": {
				"annualised": "10.033869371614637"
			}
		}
	}
}]
