[{
	"loan": {
		"seller": {
			"id": "773"
		},
		"trade": {
			"id": "48630",
			"type": "Standard",
			"advance": {
				"date": "2018-01-10",
				"amount": "119639.7",
				"amount_gbp": "119639.7",
				"percentage": "90.0"
			},
			"discount": {
				"percentage": "0.63",
				"on": "Advance"
			},
			"expected_payment_date": "2018-02-28 00:00:00 +0000",
			"settlement_date": "2018-01-26",
			"arrears": {
				"in_arrears": "No",
				"in_arrears_on_date": "nan"
			},
			"payment": {
				"state": "Paid"
			},
			"price_grade": "2",
			"currency": "GBP",
			"face_value": {
				"amount": "132933.0",
				"amount_gbp": "132933.0"
			},
			"outstanding_principal": {
				"amount": "0.0",
				"amount_gbp": "0.0"
			},
			"crystalised_loss": {
				"amount": "nan",
				"date": "nan"
			},
			"gross_yield": {
				"annualised": "7.82753380297514"
			}
		}
	}
}]
