[{
	"loan": {
		"seller": {
			"id": "16284"
		},
		"trade": {
			"id": "48688",
			"type": "WholeLedger",
			"advance": {
				"date": "2018-01-11",
				"amount": "108395.59",
				"amount_gbp": "96547.95199999999",
				"percentage": "33.7218"
			},
			"discount": {
				"percentage": "0.32",
				"on": "Advance"
			},
			"expected_payment_date": "2018-04-10 00:00:00 +0000",
			"settlement_date": "2018-01-16",
			"arrears": {
				"in_arrears": "No",
				"in_arrears_on_date": "nan"
			},
			"payment": {
				"state": "Paid"
			},
			"price_grade": "1",
			"currency": "EUR",
			"face_value": {
				"amount": "321439.81",
				"amount_gbp": "286306.4262"
			},
			"outstanding_principal": {
				"amount": "0.0",
				"amount_gbp": "0.0"
			},
			"crystalised_loss": {
				"amount": "nan",
				"date": "nan"
			},
			"gross_yield": {
				"annualised": "3.908310113125912"
			}
		}
	}
}]
