[{
	"loan": {
		"seller": {
			"id": "18048"
		},
		"trade": {
			"id": "49021",
			"type": "Standard",
			"advance": {
				"date": "2018-01-19",
				"amount": "47805.49",
				"amount_gbp": "47805.49",
				"percentage": "85.0"
			},
			"discount": {
				"percentage": "1.0",
				"on": "Advance"
			},
			"expected_payment_date": "2018-01-22 00:00:00 +0000",
			"settlement_date": "2018-01-22",
			"arrears": {
				"in_arrears": "No",
				"in_arrears_on_date": "nan"
			},
			"payment": {
				"state": "Paid"
			},
			"price_grade": "6",
			"currency": "GBP",
			"face_value": {
				"amount": "56241.75",
				"amount_gbp": "56241.75"
			},
			"outstanding_principal": {
				"amount": "0.0",
				"amount_gbp": "0.0"
			},
			"crystalised_loss": {
				"amount": "nan",
				"date": "nan"
			},
			"gross_yield": {
				"annualised": "12.682503013196976"
			}
		}
	}
}]
