[{
	"loan": {
		"seller": {
			"id": "34869"
		},
		"trade": {
			"id": "49076",
			"type": "WholeLedger",
			"advance": {
				"date": "2018-01-24",
				"amount": "729335.67",
				"amount_gbp": "514762.6595",
				"percentage": "57.8233"
			},
			"discount": {
				"percentage": "0.41",
				"on": "Advance"
			},
			"expected_payment_date": "2018-04-22 00:00:00 +0000",
			"settlement_date": "2018-01-29",
			"arrears": {
				"in_arrears": "No",
				"in_arrears_on_date": "nan"
			},
			"payment": {
				"state": "Paid"
			},
			"price_grade": "1",
			"currency": "USD",
			"face_value": {
				"amount": "1261315.88",
				"amount_gbp": "890232.4977"
			},
			"outstanding_principal": {
				"amount": "0.0",
				"amount_gbp": "0.0"
			},
			"crystalised_loss": {
				"amount": "nan",
				"date": "nan"
			},
			"gross_yield": {
				"annualised": "5.032476341715508"
			}
		}
	}
}]
