[{
	"loan": {
		"seller": {
			"id": "39499"
		},
		"trade": {
			"id": "49099",
			"type": "Standard",
			"advance": {
				"date": "2018-01-24",
				"amount": "17325.25",
				"amount_gbp": "17325.25",
				"percentage": "70.0"
			},
			"discount": {
				"percentage": "0.9",
				"on": "Advance"
			},
			"expected_payment_date": "2018-03-08 00:00:00 +0000",
			"settlement_date": "2018-03-05",
			"arrears": {
				"in_arrears": "No",
				"in_arrears_on_date": "nan"
			},
			"payment": {
				"state": "Paid"
			},
			"price_grade": "5",
			"currency": "GBP",
			"face_value": {
				"amount": "24750.36",
				"amount_gbp": "24750.36"
			},
			"outstanding_principal": {
				"amount": "0.0",
				"amount_gbp": "0.0"
			},
			"crystalised_loss": {
				"amount": "nan",
				"date": "nan"
			},
			"gross_yield": {
				"annualised": "11.350967495666751"
			}
		}
	}
}]
