[{
	"loan": {
		"seller": {
			"id": "23215"
		},
		"trade": {
			"id": "49133",
			"type": "Standard",
			"advance": {
				"date": "2018-01-30",
				"amount": "335.65",
				"amount_gbp": "335.65",
				"percentage": "65.0"
			},
			"discount": {
				"percentage": "0.9",
				"on": "Advance"
			},
			"expected_payment_date": "2018-03-23 00:00:00 +0000",
			"settlement_date": "2018-04-05",
			"arrears": {
				"in_arrears": "No",
				"in_arrears_on_date": "nan"
			},
			"payment": {
				"state": "Repurchased"
			},
			"price_grade": "5",
			"currency": "GBP",
			"face_value": {
				"amount": "516.38",
				"amount_gbp": "516.38"
			},
			"outstanding_principal": {
				"amount": "0.0",
				"amount_gbp": "0.0"
			},
			"crystalised_loss": {
				"amount": "nan",
				"date": "nan"
			},
			"gross_yield": {
				"annualised": "11.350967495666751"
			}
		}
	}
}]
