[{
	"loan": {
		"seller": {
			"id": "9193"
		},
		"trade": {
			"id": "49426",
			"type": "Standard",
			"advance": {
				"date": "2018-03-08",
				"amount": "8000.0",
				"amount_gbp": "5761.8549",
				"percentage": "80.0"
			},
			"discount": {
				"percentage": "0.9",
				"on": "Advance"
			},
			"expected_payment_date": "2018-03-30 00:00:00 +0000",
			"settlement_date": "2018-03-16",
			"arrears": {
				"in_arrears": "No",
				"in_arrears_on_date": "nan"
			},
			"payment": {
				"state": "Paid"
			},
			"price_grade": "5",
			"currency": "USD",
			"face_value": {
				"amount": "10000.0",
				"amount_gbp": "7202.3186"
			},
			"outstanding_principal": {
				"amount": "0.0",
				"amount_gbp": "0.0"
			},
			"crystalised_loss": {
				"amount": "nan",
				"date": "nan"
			},
			"gross_yield": {
				"annualised": "11.350967495666751"
			}
		}
	}
}]
