[{
	"loan": {
		"seller": {
			"id": "23215"
		},
		"trade": {
			"id": "49471",
			"type": "Standard",
			"advance": {
				"date": "2018-02-06",
				"amount": "865.47",
				"amount_gbp": "865.47",
				"percentage": "65.0"
			},
			"discount": {
				"percentage": "0.9",
				"on": "Advance"
			},
			"expected_payment_date": "2018-03-15 00:00:00 +0000",
			"settlement_date": "2018-03-26",
			"arrears": {
				"in_arrears": "No",
				"in_arrears_on_date": "nan"
			},
			"payment": {
				"state": "Paid"
			},
			"price_grade": "5",
			"currency": "GBP",
			"face_value": {
				"amount": "1331.49",
				"amount_gbp": "1331.49"
			},
			"outstanding_principal": {
				"amount": "0.0",
				"amount_gbp": "0.0"
			},
			"crystalised_loss": {
				"amount": "nan",
				"date": "nan"
			},
			"gross_yield": {
				"annualised": "11.350967495666751"
			}
		}
	}
}]
