[{
	"loan": {
		"seller": {
			"id": "29503"
		},
		"trade": {
			"id": "49534",
			"type": "Standard",
			"advance": {
				"date": "2018-02-06",
				"amount": "1169.78",
				"amount_gbp": "1169.78",
				"percentage": "70.0"
			},
			"discount": {
				"percentage": "1.2",
				"on": "Advance"
			},
			"expected_payment_date": "2018-04-23 00:00:00 +0000",
			"settlement_date": "2018-04-11",
			"arrears": {
				"in_arrears": "No",
				"in_arrears_on_date": "nan"
			},
			"payment": {
				"state": "Paid"
			},
			"price_grade": "7",
			"currency": "GBP",
			"face_value": {
				"amount": "1671.11",
				"amount_gbp": "1671.11"
			},
			"outstanding_principal": {
				"amount": "0.0",
				"amount_gbp": "0.0"
			},
			"crystalised_loss": {
				"amount": "nan",
				"date": "nan"
			},
			"gross_yield": {
				"annualised": "15.389462418258605"
			}
		}
	}
}]
