[{
	"loan": {
		"seller": {
			"id": "20793"
		},
		"trade": {
			"id": "49975",
			"type": "LicenceFee",
			"advance": {
				"date": "2018-02-14",
				"amount": "4743.0",
				"amount_gbp": "4743.0",
				"percentage": "75.0"
			},
			"discount": {
				"percentage": "1.4",
				"on": "Advance"
			},
			"expected_payment_date": "2018-03-08 00:00:00 +0000",
			"settlement_date": "2018-03-28",
			"arrears": {
				"in_arrears": "No",
				"in_arrears_on_date": "nan"
			},
			"payment": {
				"state": "Repurchased"
			},
			"price_grade": "8",
			"currency": "GBP",
			"face_value": {
				"amount": "6324.0",
				"amount_gbp": "6324.0"
			},
			"outstanding_principal": {
				"amount": "0.0",
				"amount_gbp": "0.0"
			},
			"crystalised_loss": {
				"amount": "nan",
				"date": "nan"
			},
			"gross_yield": {
				"annualised": "18.1559128918122"
			}
		}
	}
}]
