[{
	"loan": {
		"seller": {
			"id": "23803"
		},
		"trade": {
			"id": "50083",
			"type": "Standard",
			"advance": {
				"date": "2018-02-16",
				"amount": "2550.96",
				"amount_gbp": "2550.96",
				"percentage": "70.0"
			},
			"discount": {
				"percentage": "0.9",
				"on": "Advance"
			},
			"expected_payment_date": "2018-03-01 00:00:00 +0000",
			"settlement_date": "2018-02-22",
			"arrears": {
				"in_arrears": "No",
				"in_arrears_on_date": "nan"
			},
			"payment": {
				"state": "Paid"
			},
			"price_grade": "5",
			"currency": "GBP",
			"face_value": {
				"amount": "3644.23",
				"amount_gbp": "3644.23"
			},
			"outstanding_principal": {
				"amount": "0.0",
				"amount_gbp": "0.0"
			},
			"crystalised_loss": {
				"amount": "nan",
				"date": "nan"
			},
			"gross_yield": {
				"annualised": "11.350967495666751"
			}
		}
	}
}]
