[{
	"loan": {
		"seller": {
			"id": "36411"
		},
		"trade": {
			"id": "50129",
			"type": "Standard",
			"advance": {
				"date": "2018-02-19",
				"amount": "99641.51",
				"amount_gbp": "99641.51",
				"percentage": "70.0"
			},
			"discount": {
				"percentage": "0.9",
				"on": "Advance"
			},
			"expected_payment_date": "2018-03-28 00:00:00 +0000",
			"settlement_date": "2018-03-27",
			"arrears": {
				"in_arrears": "No",
				"in_arrears_on_date": "nan"
			},
			"payment": {
				"state": "Paid"
			},
			"price_grade": "5",
			"currency": "GBP",
			"face_value": {
				"amount": "142345.01",
				"amount_gbp": "142345.01"
			},
			"outstanding_principal": {
				"amount": "0.0",
				"amount_gbp": "0.0"
			},
			"crystalised_loss": {
				"amount": "nan",
				"date": "nan"
			},
			"gross_yield": {
				"annualised": "11.350967495666751"
			}
		}
	}
}]
