[{
	"loan": {
		"seller": {
			"id": "23415"
		},
		"trade": {
			"id": "50200",
			"type": "Standard",
			"advance": {
				"date": "2018-02-20",
				"amount": "35202.75",
				"amount_gbp": "35202.75",
				"percentage": "85.0"
			},
			"discount": {
				"percentage": "0.9",
				"on": "Advance"
			},
			"expected_payment_date": "2018-03-23 00:00:00 +0000",
			"settlement_date": "2018-02-28",
			"arrears": {
				"in_arrears": "No",
				"in_arrears_on_date": "nan"
			},
			"payment": {
				"state": "Paid"
			},
			"price_grade": "5",
			"currency": "GBP",
			"face_value": {
				"amount": "41415.0",
				"amount_gbp": "41415.0"
			},
			"outstanding_principal": {
				"amount": "0.0",
				"amount_gbp": "0.0"
			},
			"crystalised_loss": {
				"amount": "nan",
				"date": "nan"
			},
			"gross_yield": {
				"annualised": "11.350967495666751"
			}
		}
	}
}]
