[{
	"loan": {
		"seller": {
			"id": "42281"
		},
		"trade": {
			"id": "50257",
			"type": "Standard",
			"advance": {
				"date": "2018-02-22",
				"amount": "12292.34",
				"amount_gbp": "12292.34",
				"percentage": "70.0"
			},
			"discount": {
				"percentage": "0.7",
				"on": "Advance"
			},
			"expected_payment_date": "2018-04-06 00:00:00 +0000",
			"settlement_date": "2018-03-09",
			"arrears": {
				"in_arrears": "No",
				"in_arrears_on_date": "nan"
			},
			"payment": {
				"state": "Paid"
			},
			"price_grade": "3",
			"currency": "GBP",
			"face_value": {
				"amount": "17560.49",
				"amount_gbp": "17560.49"
			},
			"outstanding_principal": {
				"amount": "0.0",
				"amount_gbp": "0.0"
			},
			"crystalised_loss": {
				"amount": "nan",
				"date": "nan"
			},
			"gross_yield": {
				"annualised": "8.731066191550553"
			}
		}
	}
}]
