[{
	"loan": {
		"seller": {
			"id": "39161"
		},
		"trade": {
			"id": "50345",
			"type": "Standard",
			"advance": {
				"date": "2018-02-28",
				"amount": "2664.91",
				"amount_gbp": "2664.91",
				"percentage": "60.0"
			},
			"discount": {
				"percentage": "0.8",
				"on": "Advance"
			},
			"expected_payment_date": "2018-05-14 00:00:00 +0000",
			"settlement_date": "2018-03-29",
			"arrears": {
				"in_arrears": "No",
				"in_arrears_on_date": "nan"
			},
			"payment": {
				"state": "Paid"
			},
			"price_grade": "4",
			"currency": "GBP",
			"face_value": {
				"amount": "4441.51",
				"amount_gbp": "4441.51"
			},
			"outstanding_principal": {
				"amount": "0.0",
				"amount_gbp": "0.0"
			},
			"crystalised_loss": {
				"amount": "nan",
				"date": "nan"
			},
			"gross_yield": {
				"annualised": "10.033869371614637"
			}
		}
	}
}]
