[{
	"loan": {
		"seller": {
			"id": "28356"
		},
		"trade": {
			"id": "50579",
			"type": "Standard",
			"advance": {
				"date": "2018-02-28",
				"amount": "15534.29",
				"amount_gbp": "15534.29",
				"percentage": "85.0"
			},
			"discount": {
				"percentage": "0.8",
				"on": "Advance"
			},
			"expected_payment_date": "2018-03-20 00:00:00 +0000",
			"settlement_date": "2018-03-26",
			"arrears": {
				"in_arrears": "No",
				"in_arrears_on_date": "nan"
			},
			"payment": {
				"state": "Paid"
			},
			"price_grade": "4",
			"currency": "GBP",
			"face_value": {
				"amount": "18275.63",
				"amount_gbp": "18275.63"
			},
			"outstanding_principal": {
				"amount": "0.0",
				"amount_gbp": "0.0"
			},
			"crystalised_loss": {
				"amount": "nan",
				"date": "nan"
			},
			"gross_yield": {
				"annualised": "10.033869371614637"
			}
		}
	}
}]
