[{
	"loan": {
		"seller": {
			"id": "17504"
		},
		"trade": {
			"id": "50650",
			"type": "Standard",
			"advance": {
				"date": "2018-03-02",
				"amount": "101442.27",
				"amount_gbp": "101442.27",
				"percentage": "85.0"
			},
			"discount": {
				"percentage": "1.0",
				"on": "Advance"
			},
			"expected_payment_date": "2018-04-09 00:00:00 +0000",
			"settlement_date": "2018-03-26",
			"arrears": {
				"in_arrears": "No",
				"in_arrears_on_date": "nan"
			},
			"payment": {
				"state": "Paid"
			},
			"price_grade": "6",
			"currency": "GBP",
			"face_value": {
				"amount": "119343.85",
				"amount_gbp": "119343.85"
			},
			"outstanding_principal": {
				"amount": "0.0",
				"amount_gbp": "0.0"
			},
			"crystalised_loss": {
				"amount": "nan",
				"date": "nan"
			},
			"gross_yield": {
				"annualised": "12.682503013196976"
			}
		}
	}
}]
