[{
	"loan": {
		"seller": {
			"id": "17199"
		},
		"trade": {
			"id": "50715",
			"type": "Standard",
			"advance": {
				"date": "2018-03-02",
				"amount": "26217.8",
				"amount_gbp": "26217.8",
				"percentage": "65.0"
			},
			"discount": {
				"percentage": "0.9",
				"on": "Advance"
			},
			"expected_payment_date": "2018-04-13 00:00:00 +0000",
			"settlement_date": "2018-04-17",
			"arrears": {
				"in_arrears": "No",
				"in_arrears_on_date": "nan"
			},
			"payment": {
				"state": "Paid"
			},
			"price_grade": "5",
			"currency": "GBP",
			"face_value": {
				"amount": "40335.07",
				"amount_gbp": "40335.07"
			},
			"outstanding_principal": {
				"amount": "0.0",
				"amount_gbp": "0.0"
			},
			"crystalised_loss": {
				"amount": "nan",
				"date": "nan"
			},
			"gross_yield": {
				"annualised": "11.350967495666751"
			}
		}
	}
}]
