[{
	"loan": {
		"seller": {
			"id": "15461"
		},
		"trade": {
			"id": "50742",
			"type": "WholeLedger",
			"advance": {
				"date": "2018-03-02",
				"amount": "81612.0",
				"amount_gbp": "59207.1461",
				"percentage": "52.7402"
			},
			"discount": {
				"percentage": "0.8",
				"on": "Advance"
			},
			"expected_payment_date": "2018-05-31 00:00:00 +0000",
			"settlement_date": "2018-03-08",
			"arrears": {
				"in_arrears": "No",
				"in_arrears_on_date": "nan"
			},
			"payment": {
				"state": "Paid"
			},
			"price_grade": "4",
			"currency": "USD",
			"face_value": {
				"amount": "154743.3",
				"amount_gbp": "112261.7869"
			},
			"outstanding_principal": {
				"amount": "0.0",
				"amount_gbp": "0.0"
			},
			"crystalised_loss": {
				"amount": "nan",
				"date": "nan"
			},
			"gross_yield": {
				"annualised": "10.033869371614637"
			}
		}
	}
}]
