[{
	"loan": {
		"seller": {
			"id": "31419"
		},
		"trade": {
			"id": "50892",
			"type": "WholeLedger",
			"advance": {
				"date": "2018-03-07",
				"amount": "679243.86",
				"amount_gbp": "679243.86",
				"percentage": "83.6866"
			},
			"discount": {
				"percentage": "0.52",
				"on": "Advance"
			},
			"expected_payment_date": "2018-06-05 00:00:00 +0000",
			"settlement_date": "2018-03-08",
			"arrears": {
				"in_arrears": "No",
				"in_arrears_on_date": "nan"
			},
			"payment": {
				"state": "Paid"
			},
			"price_grade": "2",
			"currency": "GBP",
			"face_value": {
				"amount": "811651.46",
				"amount_gbp": "811651.46"
			},
			"outstanding_principal": {
				"amount": "0.0",
				"amount_gbp": "0.0"
			},
			"crystalised_loss": {
				"amount": "nan",
				"date": "nan"
			},
			"gross_yield": {
				"annualised": "6.421593871455888"
			}
		}
	}
}]
