[{
	"loan": {
		"seller": {
			"id": "35237"
		},
		"trade": {
			"id": "50980",
			"type": "WholeLedger",
			"advance": {
				"date": "2018-03-09",
				"amount": "87493.73",
				"amount_gbp": "87493.73",
				"percentage": "84.5525"
			},
			"discount": {
				"percentage": "0.48",
				"on": "Advance"
			},
			"expected_payment_date": "2018-06-06 00:00:00 +0000",
			"settlement_date": "2018-04-04",
			"arrears": {
				"in_arrears": "No",
				"in_arrears_on_date": "nan"
			},
			"payment": {
				"state": "Paid"
			},
			"price_grade": "2",
			"currency": "GBP",
			"face_value": {
				"amount": "103478.57",
				"amount_gbp": "103478.57"
			},
			"outstanding_principal": {
				"amount": "0.0",
				"amount_gbp": "0.0"
			},
			"crystalised_loss": {
				"amount": "nan",
				"date": "nan"
			},
			"gross_yield": {
				"annualised": "5.914523503598602"
			}
		}
	}
}]
