[{
	"loan": {
		"seller": {
			"id": "38125"
		},
		"trade": {
			"id": "51016",
			"type": "Standard",
			"advance": {
				"date": "2018-03-12",
				"amount": "24624.91",
				"amount_gbp": "24624.91",
				"percentage": "70.0"
			},
			"discount": {
				"percentage": "1.4",
				"on": "Advance"
			},
			"expected_payment_date": "2018-05-03 00:00:00 +0000",
			"settlement_date": "2018-04-30",
			"arrears": {
				"in_arrears": "No",
				"in_arrears_on_date": "nan"
			},
			"payment": {
				"state": "Repurchased"
			},
			"price_grade": "8",
			"currency": "GBP",
			"face_value": {
				"amount": "35178.44",
				"amount_gbp": "35178.44"
			},
			"outstanding_principal": {
				"amount": "0.0",
				"amount_gbp": "0.0"
			},
			"crystalised_loss": {
				"amount": "nan",
				"date": "nan"
			},
			"gross_yield": {
				"annualised": "18.1559128918122"
			}
		}
	}
}]
