[{
	"loan": {
		"seller": {
			"id": "18041"
		},
		"trade": {
			"id": "51041",
			"type": "Standard",
			"advance": {
				"date": "2018-03-15",
				"amount": "4434.86",
				"amount_gbp": "3923.9641",
				"percentage": "55.0"
			},
			"discount": {
				"percentage": "1.0",
				"on": "Advance"
			},
			"expected_payment_date": "2018-04-18 00:00:00 +0000",
			"settlement_date": "2018-04-27",
			"arrears": {
				"in_arrears": "No",
				"in_arrears_on_date": "nan"
			},
			"payment": {
				"state": "Repurchased"
			},
			"price_grade": "6",
			"currency": "EUR",
			"face_value": {
				"amount": "8063.38",
				"amount_gbp": "7134.4786"
			},
			"outstanding_principal": {
				"amount": "0.0",
				"amount_gbp": "0.0"
			},
			"crystalised_loss": {
				"amount": "nan",
				"date": "nan"
			},
			"gross_yield": {
				"annualised": "12.682503013196976"
			}
		}
	}
}]
