[{
	"loan": {
		"seller": {
			"id": "7992"
		},
		"trade": {
			"id": "51104",
			"type": "Standard",
			"advance": {
				"date": "2018-03-14",
				"amount": "3592.53",
				"amount_gbp": "3592.53",
				"percentage": "65.0"
			},
			"discount": {
				"percentage": "0.8",
				"on": "Advance"
			},
			"expected_payment_date": "2018-06-18 00:00:00 +0000",
			"settlement_date": "2018-06-12",
			"arrears": {
				"in_arrears": "No",
				"in_arrears_on_date": "nan"
			},
			"payment": {
				"state": "Paid"
			},
			"price_grade": "4",
			"currency": "GBP",
			"face_value": {
				"amount": "5526.97",
				"amount_gbp": "5526.97"
			},
			"outstanding_principal": {
				"amount": "0.0",
				"amount_gbp": "0.0"
			},
			"crystalised_loss": {
				"amount": "nan",
				"date": "nan"
			},
			"gross_yield": {
				"annualised": "10.033869371614637"
			}
		}
	}
}]
