[{
	"loan": {
		"seller": {
			"id": "32560"
		},
		"trade": {
			"id": "51153",
			"type": "Standard",
			"advance": {
				"date": "2018-03-16",
				"amount": "45176.04",
				"amount_gbp": "45176.04",
				"percentage": "65.0"
			},
			"discount": {
				"percentage": "1.7",
				"on": "Advance"
			},
			"expected_payment_date": "2018-05-22 00:00:00 +0000",
			"settlement_date": "2018-05-11",
			"arrears": {
				"in_arrears": "No",
				"in_arrears_on_date": "nan"
			},
			"payment": {
				"state": "Paid"
			},
			"price_grade": "9",
			"currency": "GBP",
			"face_value": {
				"amount": "69501.6",
				"amount_gbp": "69501.6"
			},
			"outstanding_principal": {
				"amount": "0.0",
				"amount_gbp": "0.0"
			},
			"crystalised_loss": {
				"amount": "nan",
				"date": "nan"
			},
			"gross_yield": {
				"annualised": "22.419735005332388"
			}
		}
	}
}]
