[{
	"loan": {
		"seller": {
			"id": "8783"
		},
		"trade": {
			"id": "52397",
			"type": "Standard",
			"advance": {
				"date": "2018-03-21",
				"amount": "16669.16",
				"amount_gbp": "16669.16",
				"percentage": "65.0"
			},
			"discount": {
				"percentage": "0.9",
				"on": "Advance"
			},
			"expected_payment_date": "2018-05-13 00:00:00 +0000",
			"settlement_date": "2018-04-12",
			"arrears": {
				"in_arrears": "No",
				"in_arrears_on_date": "nan"
			},
			"payment": {
				"state": "Paid"
			},
			"price_grade": "5",
			"currency": "GBP",
			"face_value": {
				"amount": "25644.86",
				"amount_gbp": "25644.86"
			},
			"outstanding_principal": {
				"amount": "0.0",
				"amount_gbp": "0.0"
			},
			"crystalised_loss": {
				"amount": "nan",
				"date": "nan"
			},
			"gross_yield": {
				"annualised": "11.350967495666751"
			}
		}
	}
}]
