[{
	"loan": {
		"seller": {
			"id": "24930"
		},
		"trade": {
			"id": "52401",
			"type": "Standard",
			"advance": {
				"date": "2018-03-23",
				"amount": "1200.54",
				"amount_gbp": "1200.54",
				"percentage": "85.0"
			},
			"discount": {
				"percentage": "0.9",
				"on": "Advance"
			},
			"expected_payment_date": "2018-05-25 00:00:00 +0000",
			"settlement_date": "2018-04-30",
			"arrears": {
				"in_arrears": "No",
				"in_arrears_on_date": "nan"
			},
			"payment": {
				"state": "Paid"
			},
			"price_grade": "5",
			"currency": "GBP",
			"face_value": {
				"amount": "1412.4",
				"amount_gbp": "1412.4"
			},
			"outstanding_principal": {
				"amount": "0.0",
				"amount_gbp": "0.0"
			},
			"crystalised_loss": {
				"amount": "nan",
				"date": "nan"
			},
			"gross_yield": {
				"annualised": "11.350967495666751"
			}
		}
	}
}]
