[{
	"loan": {
		"seller": {
			"id": "774"
		},
		"trade": {
			"id": "52456",
			"type": "WholeLedger",
			"advance": {
				"date": "2018-03-22",
				"amount": "119187.86",
				"amount_gbp": "119187.86",
				"percentage": "72.7238"
			},
			"discount": {
				"percentage": "0.5",
				"on": "Advance"
			},
			"expected_payment_date": "2018-06-19 00:00:00 +0000",
			"settlement_date": "2018-03-28",
			"arrears": {
				"in_arrears": "No",
				"in_arrears_on_date": "nan"
			},
			"payment": {
				"state": "Paid"
			},
			"price_grade": "2",
			"currency": "GBP",
			"face_value": {
				"amount": "163891.1",
				"amount_gbp": "163891.1"
			},
			"outstanding_principal": {
				"amount": "0.0",
				"amount_gbp": "0.0"
			},
			"crystalised_loss": {
				"amount": "nan",
				"date": "nan"
			},
			"gross_yield": {
				"annualised": "6.167781186449827"
			}
		}
	}
}]
