[{
	"loan": {
		"seller": {
			"id": "21532"
		},
		"trade": {
			"id": "52513",
			"type": "Standard",
			"advance": {
				"date": "2018-03-23",
				"amount": "9364.42",
				"amount_gbp": "9364.42",
				"percentage": "85.0"
			},
			"discount": {
				"percentage": "0.9",
				"on": "Advance"
			},
			"expected_payment_date": "2018-04-23 00:00:00 +0000",
			"settlement_date": "2018-04-20",
			"arrears": {
				"in_arrears": "No",
				"in_arrears_on_date": "nan"
			},
			"payment": {
				"state": "Paid"
			},
			"price_grade": "5",
			"currency": "GBP",
			"face_value": {
				"amount": "11016.96",
				"amount_gbp": "11016.96"
			},
			"outstanding_principal": {
				"amount": "0.0",
				"amount_gbp": "0.0"
			},
			"crystalised_loss": {
				"amount": "nan",
				"date": "nan"
			},
			"gross_yield": {
				"annualised": "11.350967495666751"
			}
		}
	}
}]
