[{
	"loan": {
		"seller": {
			"id": "34659"
		},
		"trade": {
			"id": "52790",
			"type": "Standard",
			"advance": {
				"date": "2018-03-29",
				"amount": "16909.54",
				"amount_gbp": "16909.54",
				"percentage": "55.0"
			},
			"discount": {
				"percentage": "1.2",
				"on": "Advance"
			},
			"expected_payment_date": "2018-05-07 00:00:00 +0000",
			"settlement_date": "2018-05-11",
			"arrears": {
				"in_arrears": "No",
				"in_arrears_on_date": "nan"
			},
			"payment": {
				"state": "Repurchased"
			},
			"price_grade": "7",
			"currency": "GBP",
			"face_value": {
				"amount": "30744.62",
				"amount_gbp": "30744.62"
			},
			"outstanding_principal": {
				"amount": "0.0",
				"amount_gbp": "0.0"
			},
			"crystalised_loss": {
				"amount": "nan",
				"date": "nan"
			},
			"gross_yield": {
				"annualised": "15.389462418258605"
			}
		}
	}
}]
