[{
	"loan": {
		"seller": {
			"id": "37198"
		},
		"trade": {
			"id": "52817",
			"type": "Standard",
			"advance": {
				"date": "2018-03-29",
				"amount": "1750.0",
				"amount_gbp": "1531.075",
				"percentage": "70.0"
			},
			"discount": {
				"percentage": "1.0",
				"on": "Advance"
			},
			"expected_payment_date": "2018-04-27 00:00:00 +0000",
			"settlement_date": "2018-05-10",
			"arrears": {
				"in_arrears": "No",
				"in_arrears_on_date": "nan"
			},
			"payment": {
				"state": "Paid"
			},
			"price_grade": "6",
			"currency": "EUR",
			"face_value": {
				"amount": "2500.0",
				"amount_gbp": "2187.25"
			},
			"outstanding_principal": {
				"amount": "0.0",
				"amount_gbp": "0.0"
			},
			"crystalised_loss": {
				"amount": "nan",
				"date": "nan"
			},
			"gross_yield": {
				"annualised": "12.682503013196976"
			}
		}
	}
}]
