[{
	"loan": {
		"seller": {
			"id": "9234"
		},
		"trade": {
			"id": "52905",
			"type": "Standard",
			"advance": {
				"date": "2018-04-11",
				"amount": "79667.53",
				"amount_gbp": "79667.53",
				"percentage": "65.0"
			},
			"discount": {
				"percentage": "0.81",
				"on": "Advance"
			},
			"expected_payment_date": "2018-05-11 00:00:00 +0000",
			"settlement_date": "2018-05-04",
			"arrears": {
				"in_arrears": "No",
				"in_arrears_on_date": "nan"
			},
			"payment": {
				"state": "Paid"
			},
			"price_grade": "5",
			"currency": "GBP",
			"face_value": {
				"amount": "122565.43",
				"amount_gbp": "122565.43"
			},
			"outstanding_principal": {
				"amount": "0.0",
				"amount_gbp": "0.0"
			},
			"crystalised_loss": {
				"amount": "nan",
				"date": "nan"
			},
			"gross_yield": {
				"annualised": "10.164933571080793"
			}
		}
	}
}]
