[{
	"loan": {
		"seller": {
			"id": "27854"
		},
		"trade": {
			"id": "53093",
			"type": "Standard",
			"advance": {
				"date": "2018-04-06",
				"amount": "11194.12",
				"amount_gbp": "11194.12",
				"percentage": "65.0"
			},
			"discount": {
				"percentage": "1.0",
				"on": "Advance"
			},
			"expected_payment_date": "2018-05-18 00:00:00 +0000",
			"settlement_date": "2018-04-27",
			"arrears": {
				"in_arrears": "No",
				"in_arrears_on_date": "nan"
			},
			"payment": {
				"state": "Paid"
			},
			"price_grade": "6",
			"currency": "GBP",
			"face_value": {
				"amount": "17221.72",
				"amount_gbp": "17221.72"
			},
			"outstanding_principal": {
				"amount": "0.0",
				"amount_gbp": "0.0"
			},
			"crystalised_loss": {
				"amount": "nan",
				"date": "nan"
			},
			"gross_yield": {
				"annualised": "12.682503013196976"
			}
		}
	}
}]
