[{
	"loan": {
		"seller": {
			"id": "10758"
		},
		"trade": {
			"id": "53181",
			"type": "MultiDebtor",
			"advance": {
				"date": "2018-04-10",
				"amount": "20584.9",
				"amount_gbp": "20584.9",
				"percentage": "70.0"
			},
			"discount": {
				"percentage": "1.04",
				"on": "Advance"
			},
			"expected_payment_date": "2018-06-22 00:00:00 +0000",
			"settlement_date": "2018-04-17",
			"arrears": {
				"in_arrears": "No",
				"in_arrears_on_date": "nan"
			},
			"payment": {
				"state": "Repurchased"
			},
			"price_grade": "6",
			"currency": "GBP",
			"face_value": {
				"amount": "29407.0",
				"amount_gbp": "29407.0"
			},
			"outstanding_principal": {
				"amount": "0.0",
				"amount_gbp": "0.0"
			},
			"crystalised_loss": {
				"amount": "nan",
				"date": "nan"
			},
			"gross_yield": {
				"annualised": "13.219191841842635"
			}
		}
	}
}]
