[{
	"loan": {
		"seller": {
			"id": "18576"
		},
		"trade": {
			"id": "53210",
			"type": "Standard",
			"advance": {
				"date": "2018-04-12",
				"amount": "10899.03",
				"amount_gbp": "9453.8186",
				"percentage": "80.0"
			},
			"discount": {
				"percentage": "0.9",
				"on": "Advance"
			},
			"expected_payment_date": "2018-05-31 00:00:00 +0000",
			"settlement_date": "2018-05-30",
			"arrears": {
				"in_arrears": "No",
				"in_arrears_on_date": "nan"
			},
			"payment": {
				"state": "Paid"
			},
			"price_grade": "5",
			"currency": "EUR",
			"face_value": {
				"amount": "13623.79",
				"amount_gbp": "11817.2754"
			},
			"outstanding_principal": {
				"amount": "0.0",
				"amount_gbp": "0.0"
			},
			"crystalised_loss": {
				"amount": "nan",
				"date": "nan"
			},
			"gross_yield": {
				"annualised": "11.350967495666751"
			}
		}
	}
}]
