[{
	"loan": {
		"seller": {
			"id": "44034"
		},
		"trade": {
			"id": "53247",
			"type": "Standard",
			"advance": {
				"date": "2018-04-12",
				"amount": "185958.25",
				"amount_gbp": "185958.25",
				"percentage": "65.0"
			},
			"discount": {
				"percentage": "0.9",
				"on": "Advance"
			},
			"expected_payment_date": "2018-06-04 00:00:00 +0000",
			"settlement_date": "2018-05-15",
			"arrears": {
				"in_arrears": "No",
				"in_arrears_on_date": "nan"
			},
			"payment": {
				"state": "Paid"
			},
			"price_grade": "5",
			"currency": "GBP",
			"face_value": {
				"amount": "286089.61",
				"amount_gbp": "286089.61"
			},
			"outstanding_principal": {
				"amount": "0.0",
				"amount_gbp": "0.0"
			},
			"crystalised_loss": {
				"amount": "nan",
				"date": "nan"
			},
			"gross_yield": {
				"annualised": "11.350967495666751"
			}
		}
	}
}]
