[{
	"loan": {
		"seller": {
			"id": "10977"
		},
		"trade": {
			"id": "53494",
			"type": "Standard",
			"advance": {
				"date": "2018-04-17",
				"amount": "18428.37",
				"amount_gbp": "18428.37",
				"percentage": "85.0"
			},
			"discount": {
				"percentage": "0.7",
				"on": "Advance"
			},
			"expected_payment_date": "2018-05-04 00:00:00 +0000",
			"settlement_date": "2018-05-03",
			"arrears": {
				"in_arrears": "No",
				"in_arrears_on_date": "nan"
			},
			"payment": {
				"state": "Paid"
			},
			"price_grade": "3",
			"currency": "GBP",
			"face_value": {
				"amount": "21680.44",
				"amount_gbp": "21680.44"
			},
			"outstanding_principal": {
				"amount": "0.0",
				"amount_gbp": "0.0"
			},
			"crystalised_loss": {
				"amount": "nan",
				"date": "nan"
			},
			"gross_yield": {
				"annualised": "8.731066191550553"
			}
		}
	}
}]
