[{
	"loan": {
		"seller": {
			"id": "36567"
		},
		"trade": {
			"id": "53569",
			"type": "Standard",
			"advance": {
				"date": "2018-04-18",
				"amount": "16937.1",
				"amount_gbp": "16937.1",
				"percentage": "85.0"
			},
			"discount": {
				"percentage": "0.44",
				"on": "Advance"
			},
			"expected_payment_date": "2018-05-08 00:00:00 +0000",
			"settlement_date": "2018-04-26",
			"arrears": {
				"in_arrears": "No",
				"in_arrears_on_date": "nan"
			},
			"payment": {
				"state": "Paid"
			},
			"price_grade": "1",
			"currency": "GBP",
			"face_value": {
				"amount": "19926.0",
				"amount_gbp": "19926.0"
			},
			"outstanding_principal": {
				"amount": "0.0",
				"amount_gbp": "0.0"
			},
			"crystalised_loss": {
				"amount": "nan",
				"date": "nan"
			},
			"gross_yield": {
				"annualised": "5.409668732361816"
			}
		}
	}
}]
