[{
	"loan": {
		"seller": {
			"id": "20150"
		},
		"trade": {
			"id": "53586",
			"type": "Standard",
			"advance": {
				"date": "2018-04-19",
				"amount": "5467.2",
				"amount_gbp": "5467.2",
				"percentage": "85.0"
			},
			"discount": {
				"percentage": "1.0",
				"on": "Advance"
			},
			"expected_payment_date": "2018-05-14 00:00:00 +0000",
			"settlement_date": "2018-04-30",
			"arrears": {
				"in_arrears": "No",
				"in_arrears_on_date": "nan"
			},
			"payment": {
				"state": "Paid"
			},
			"price_grade": "6",
			"currency": "GBP",
			"face_value": {
				"amount": "6432.0",
				"amount_gbp": "6432.0"
			},
			"outstanding_principal": {
				"amount": "0.0",
				"amount_gbp": "0.0"
			},
			"crystalised_loss": {
				"amount": "nan",
				"date": "nan"
			},
			"gross_yield": {
				"annualised": "12.682503013196976"
			}
		}
	}
}]
