[{
	"loan": {
		"seller": {
			"id": "443"
		},
		"trade": {
			"id": "53617",
			"type": "WholeLedger",
			"advance": {
				"date": "2018-04-19",
				"amount": "648122.55",
				"amount_gbp": "648122.55",
				"percentage": "79.7927"
			},
			"discount": {
				"percentage": "0.56",
				"on": "Advance"
			},
			"expected_payment_date": "2018-07-17 00:00:00 +0000",
			"settlement_date": "2018-04-20",
			"arrears": {
				"in_arrears": "No",
				"in_arrears_on_date": "nan"
			},
			"payment": {
				"state": "Paid"
			},
			"price_grade": "2",
			"currency": "GBP",
			"face_value": {
				"amount": "812257.82",
				"amount_gbp": "812257.82"
			},
			"outstanding_principal": {
				"amount": "0.0",
				"amount_gbp": "0.0"
			},
			"crystalised_loss": {
				"amount": "nan",
				"date": "nan"
			},
			"gross_yield": {
				"annualised": "6.930888671798253"
			}
		}
	}
}]
