[{
	"loan": {
		"seller": {
			"id": "23415"
		},
		"trade": {
			"id": "53640",
			"type": "Standard",
			"advance": {
				"date": "2018-04-20",
				"amount": "6499.09",
				"amount_gbp": "6499.09",
				"percentage": "60.0"
			},
			"discount": {
				"percentage": "1.0",
				"on": "Advance"
			},
			"expected_payment_date": "2018-06-04 00:00:00 +0000",
			"settlement_date": "2018-06-20",
			"arrears": {
				"in_arrears": "No",
				"in_arrears_on_date": "nan"
			},
			"payment": {
				"state": "Repurchased"
			},
			"price_grade": "6",
			"currency": "GBP",
			"face_value": {
				"amount": "10831.82",
				"amount_gbp": "10831.82"
			},
			"outstanding_principal": {
				"amount": "0.0",
				"amount_gbp": "0.0"
			},
			"crystalised_loss": {
				"amount": "nan",
				"date": "nan"
			},
			"gross_yield": {
				"annualised": "12.682503013196976"
			}
		}
	}
}]
