[{
	"loan": {
		"seller": {
			"id": "14523"
		},
		"trade": {
			"id": "53990",
			"type": "Standard",
			"advance": {
				"date": "2018-04-27",
				"amount": "7572.52",
				"amount_gbp": "7572.52",
				"percentage": "90.0"
			},
			"discount": {
				"percentage": "0.8",
				"on": "Advance"
			},
			"expected_payment_date": "2018-07-16 00:00:00 +0000",
			"settlement_date": "2018-07-04",
			"arrears": {
				"in_arrears": "No",
				"in_arrears_on_date": "nan"
			},
			"payment": {
				"state": "Paid"
			},
			"price_grade": "4",
			"currency": "GBP",
			"face_value": {
				"amount": "8413.91",
				"amount_gbp": "8413.91"
			},
			"outstanding_principal": {
				"amount": "0.0",
				"amount_gbp": "0.0"
			},
			"crystalised_loss": {
				"amount": "nan",
				"date": "nan"
			},
			"gross_yield": {
				"annualised": "10.033869371614637"
			}
		}
	}
}]
