[{
	"loan": {
		"seller": {
			"id": "24930"
		},
		"trade": {
			"id": "54078",
			"type": "Standard",
			"advance": {
				"date": "2018-04-30",
				"amount": "949.62",
				"amount_gbp": "949.62",
				"percentage": "85.0"
			},
			"discount": {
				"percentage": "0.8",
				"on": "Advance"
			},
			"expected_payment_date": "2018-07-20 00:00:00 +0000",
			"settlement_date": "2018-06-28",
			"arrears": {
				"in_arrears": "No",
				"in_arrears_on_date": "nan"
			},
			"payment": {
				"state": "Paid"
			},
			"price_grade": "4",
			"currency": "GBP",
			"face_value": {
				"amount": "1117.2",
				"amount_gbp": "1117.2"
			},
			"outstanding_principal": {
				"amount": "0.0",
				"amount_gbp": "0.0"
			},
			"crystalised_loss": {
				"amount": "nan",
				"date": "nan"
			},
			"gross_yield": {
				"annualised": "10.033869371614637"
			}
		}
	}
}]
