[{
	"loan": {
		"seller": {
			"id": "7869"
		},
		"trade": {
			"id": "54214",
			"type": "MultiDebtor",
			"advance": {
				"date": "2018-05-01",
				"amount": "180000.0",
				"amount_gbp": "180000.0",
				"percentage": "90.0"
			},
			"discount": {
				"percentage": "0.63",
				"on": "Advance"
			},
			"expected_payment_date": "2018-06-15 00:00:00 +0000",
			"settlement_date": "2018-05-08",
			"arrears": {
				"in_arrears": "No",
				"in_arrears_on_date": "nan"
			},
			"payment": {
				"state": "Paid"
			},
			"price_grade": "2",
			"currency": "GBP",
			"face_value": {
				"amount": "200000.0",
				"amount_gbp": "200000.0"
			},
			"outstanding_principal": {
				"amount": "0.0",
				"amount_gbp": "0.0"
			},
			"crystalised_loss": {
				"amount": "nan",
				"date": "nan"
			},
			"gross_yield": {
				"annualised": "7.82753380297514"
			}
		}
	}
}]
