[{
	"loan": {
		"seller": {
			"id": "28356"
		},
		"trade": {
			"id": "54306",
			"type": "Standard",
			"advance": {
				"date": "2018-05-02",
				"amount": "15725.38",
				"amount_gbp": "15725.38",
				"percentage": "85.0"
			},
			"discount": {
				"percentage": "0.9",
				"on": "Advance"
			},
			"expected_payment_date": "2018-06-04 00:00:00 +0000",
			"settlement_date": "2018-05-25",
			"arrears": {
				"in_arrears": "No",
				"in_arrears_on_date": "nan"
			},
			"payment": {
				"state": "Paid"
			},
			"price_grade": "5",
			"currency": "GBP",
			"face_value": {
				"amount": "18500.45",
				"amount_gbp": "18500.45"
			},
			"outstanding_principal": {
				"amount": "0.0",
				"amount_gbp": "0.0"
			},
			"crystalised_loss": {
				"amount": "nan",
				"date": "nan"
			},
			"gross_yield": {
				"annualised": "11.350967495666751"
			}
		}
	}
}]
