[{
	"loan": {
		"seller": {
			"id": "35145"
		},
		"trade": {
			"id": "54351",
			"type": "Standard",
			"advance": {
				"date": "2018-05-14",
				"amount": "3484.19",
				"amount_gbp": "2564.6056",
				"percentage": "75.0"
			},
			"discount": {
				"percentage": "1.0",
				"on": "Advance"
			},
			"expected_payment_date": "2018-06-29 00:00:00 +0000",
			"settlement_date": "2018-06-26",
			"arrears": {
				"in_arrears": "No",
				"in_arrears_on_date": "nan"
			},
			"payment": {
				"state": "Repurchased"
			},
			"price_grade": "6",
			"currency": "USD",
			"face_value": {
				"amount": "4645.59",
				"amount_gbp": "3419.4761"
			},
			"outstanding_principal": {
				"amount": "0.0",
				"amount_gbp": "0.0"
			},
			"crystalised_loss": {
				"amount": "nan",
				"date": "nan"
			},
			"gross_yield": {
				"annualised": "12.682503013196976"
			}
		}
	}
}]
