[{
	"loan": {
		"seller": {
			"id": "9291"
		},
		"trade": {
			"id": "54428",
			"type": "Standard",
			"advance": {
				"date": "2018-05-04",
				"amount": "129937.5",
				"amount_gbp": "129937.5",
				"percentage": "75.0"
			},
			"discount": {
				"percentage": "0.8",
				"on": "Advance"
			},
			"expected_payment_date": "2018-08-06 00:00:00 +0000",
			"settlement_date": "2018-08-23",
			"arrears": {
				"in_arrears": "No",
				"in_arrears_on_date": "nan"
			},
			"payment": {
				"state": "Paid"
			},
			"price_grade": "4",
			"currency": "GBP",
			"face_value": {
				"amount": "173250.0",
				"amount_gbp": "173250.0"
			},
			"outstanding_principal": {
				"amount": "0.0",
				"amount_gbp": "0.0"
			},
			"crystalised_loss": {
				"amount": "nan",
				"date": "nan"
			},
			"gross_yield": {
				"annualised": "10.033869371614637"
			}
		}
	}
}]
