[{
	"loan": {
		"seller": {
			"id": "483"
		},
		"trade": {
			"id": "545",
			"type": "Standard",
			"advance": {
				"date": "2012-08-01",
				"amount": "8128.1",
				"amount_gbp": "8128.1",
				"percentage": "85.0"
			},
			"discount": {
				"percentage": "1.5",
				"on": "Facevalue"
			},
			"expected_payment_date": "2012-08-31 00:00:00 +0000",
			"settlement_date": "2012-08-31",
			"arrears": {
				"in_arrears": "No",
				"in_arrears_on_date": "nan"
			},
			"payment": {
				"state": "Paid"
			},
			"price_grade": "9",
			"currency": "GBP",
			"face_value": {
				"amount": "9562.5",
				"amount_gbp": "9562.5"
			},
			"outstanding_principal": {
				"amount": "0.0",
				"amount_gbp": "0.0"
			},
			"crystalised_loss": {
				"amount": "nan",
				"date": "nan"
			},
			"gross_yield": {
				"annualised": "23.2892411958175"
			}
		}
	}
}]
