[{
	"loan": {
		"seller": {
			"id": "32560"
		},
		"trade": {
			"id": "54582",
			"type": "Standard",
			"advance": {
				"date": "2018-05-09",
				"amount": "29429.4",
				"amount_gbp": "29429.4",
				"percentage": "65.0"
			},
			"discount": {
				"percentage": "1.4",
				"on": "Advance"
			},
			"expected_payment_date": "2018-06-28 00:00:00 +0000",
			"settlement_date": "2018-06-15",
			"arrears": {
				"in_arrears": "No",
				"in_arrears_on_date": "nan"
			},
			"payment": {
				"state": "Paid"
			},
			"price_grade": "8",
			"currency": "GBP",
			"face_value": {
				"amount": "45276.0",
				"amount_gbp": "45276.0"
			},
			"outstanding_principal": {
				"amount": "0.0",
				"amount_gbp": "0.0"
			},
			"crystalised_loss": {
				"amount": "nan",
				"date": "nan"
			},
			"gross_yield": {
				"annualised": "18.1559128918122"
			}
		}
	}
}]
