[{
	"loan": {
		"seller": {
			"id": "27854"
		},
		"trade": {
			"id": "54613",
			"type": "Standard",
			"advance": {
				"date": "2018-05-09",
				"amount": "14943.6",
				"amount_gbp": "14943.6",
				"percentage": "55.0"
			},
			"discount": {
				"percentage": "1.4",
				"on": "Advance"
			},
			"expected_payment_date": "2018-06-15 00:00:00 +0000",
			"settlement_date": "2018-06-05",
			"arrears": {
				"in_arrears": "No",
				"in_arrears_on_date": "nan"
			},
			"payment": {
				"state": "Paid"
			},
			"price_grade": "8",
			"currency": "GBP",
			"face_value": {
				"amount": "27170.19",
				"amount_gbp": "27170.19"
			},
			"outstanding_principal": {
				"amount": "0.0",
				"amount_gbp": "0.0"
			},
			"crystalised_loss": {
				"amount": "nan",
				"date": "nan"
			},
			"gross_yield": {
				"annualised": "18.1559128918122"
			}
		}
	}
}]
