[{
	"loan": {
		"seller": {
			"id": "34869"
		},
		"trade": {
			"id": "54644",
			"type": "WholeLedger",
			"advance": {
				"date": "2018-05-10",
				"amount": "970333.52",
				"amount_gbp": "717334.4535",
				"percentage": "68.6449"
			},
			"discount": {
				"percentage": "0.41",
				"on": "Advance"
			},
			"expected_payment_date": "2018-08-07 00:00:00 +0000",
			"settlement_date": "2018-05-11",
			"arrears": {
				"in_arrears": "No",
				"in_arrears_on_date": "nan"
			},
			"payment": {
				"state": "Paid"
			},
			"price_grade": "1",
			"currency": "USD",
			"face_value": {
				"amount": "1413553.62",
				"amount_gbp": "1044991.9437"
			},
			"outstanding_principal": {
				"amount": "0.0",
				"amount_gbp": "0.0"
			},
			"crystalised_loss": {
				"amount": "nan",
				"date": "nan"
			},
			"gross_yield": {
				"annualised": "5.032476341715508"
			}
		}
	}
}]
