[{
	"loan": {
		"seller": {
			"id": "29503"
		},
		"trade": {
			"id": "54756",
			"type": "Standard",
			"advance": {
				"date": "2018-05-11",
				"amount": "6448.06",
				"amount_gbp": "6448.06",
				"percentage": "70.0"
			},
			"discount": {
				"percentage": "1.2",
				"on": "Advance"
			},
			"expected_payment_date": "2018-07-23 00:00:00 +0000",
			"settlement_date": "2018-07-09",
			"arrears": {
				"in_arrears": "No",
				"in_arrears_on_date": "nan"
			},
			"payment": {
				"state": "Repurchased"
			},
			"price_grade": "7",
			"currency": "GBP",
			"face_value": {
				"amount": "9211.51",
				"amount_gbp": "9211.51"
			},
			"outstanding_principal": {
				"amount": "0.0",
				"amount_gbp": "0.0"
			},
			"crystalised_loss": {
				"amount": "nan",
				"date": "nan"
			},
			"gross_yield": {
				"annualised": "15.389462418258605"
			}
		}
	}
}]
