[{
	"loan": {
		"seller": {
			"id": "47743"
		},
		"trade": {
			"id": "54869",
			"type": "Standard",
			"advance": {
				"date": "2018-05-17",
				"amount": "76717.71",
				"amount_gbp": "76717.71",
				"percentage": "65.0"
			},
			"discount": {
				"percentage": "1.2",
				"on": "Advance"
			},
			"expected_payment_date": "2018-06-29 00:00:00 +0000",
			"settlement_date": "2018-07-17",
			"arrears": {
				"in_arrears": "No",
				"in_arrears_on_date": "nan"
			},
			"payment": {
				"state": "Repurchased"
			},
			"price_grade": "7",
			"currency": "GBP",
			"face_value": {
				"amount": "118027.25",
				"amount_gbp": "118027.25"
			},
			"outstanding_principal": {
				"amount": "0.0",
				"amount_gbp": "0.0"
			},
			"crystalised_loss": {
				"amount": "nan",
				"date": "nan"
			},
			"gross_yield": {
				"annualised": "15.389462418258605"
			}
		}
	}
}]
