[{
	"loan": {
		"seller": {
			"id": "44034"
		},
		"trade": {
			"id": "54886",
			"type": "Standard",
			"advance": {
				"date": "2018-05-16",
				"amount": "22172.69",
				"amount_gbp": "22172.69",
				"percentage": "65.0"
			},
			"discount": {
				"percentage": "1.0",
				"on": "Advance"
			},
			"expected_payment_date": "2018-06-20 00:00:00 +0000",
			"settlement_date": "2018-06-18",
			"arrears": {
				"in_arrears": "No",
				"in_arrears_on_date": "nan"
			},
			"payment": {
				"state": "Repurchased"
			},
			"price_grade": "6",
			"currency": "GBP",
			"face_value": {
				"amount": "34111.83",
				"amount_gbp": "34111.83"
			},
			"outstanding_principal": {
				"amount": "0.0",
				"amount_gbp": "0.0"
			},
			"crystalised_loss": {
				"amount": "nan",
				"date": "nan"
			},
			"gross_yield": {
				"annualised": "12.682503013196976"
			}
		}
	}
}]
