[{
	"loan": {
		"seller": {
			"id": "40273"
		},
		"trade": {
			"id": "54994",
			"type": "Standard",
			"advance": {
				"date": "2018-05-25",
				"amount": "7520.0",
				"amount_gbp": "7520.0",
				"percentage": "80.0"
			},
			"discount": {
				"percentage": "0.9",
				"on": "Advance"
			},
			"expected_payment_date": "2018-07-17 00:00:00 +0000",
			"settlement_date": "2018-07-16",
			"arrears": {
				"in_arrears": "No",
				"in_arrears_on_date": "nan"
			},
			"payment": {
				"state": "Paid"
			},
			"price_grade": "5",
			"currency": "GBP",
			"face_value": {
				"amount": "9400.0",
				"amount_gbp": "9400.0"
			},
			"outstanding_principal": {
				"amount": "0.0",
				"amount_gbp": "0.0"
			},
			"crystalised_loss": {
				"amount": "nan",
				"date": "nan"
			},
			"gross_yield": {
				"annualised": "11.350967495666751"
			}
		}
	}
}]
