[{
	"loan": {
		"seller": {
			"id": "443"
		},
		"trade": {
			"id": "55055",
			"type": "WholeLedger",
			"advance": {
				"date": "2018-05-21",
				"amount": "520937.69",
				"amount_gbp": "520937.69",
				"percentage": "80.9828"
			},
			"discount": {
				"percentage": "0.56",
				"on": "Advance"
			},
			"expected_payment_date": "2018-08-16 00:00:00 +0000",
			"settlement_date": "2018-05-21",
			"arrears": {
				"in_arrears": "No",
				"in_arrears_on_date": "nan"
			},
			"payment": {
				"state": "Paid"
			},
			"price_grade": "2",
			"currency": "GBP",
			"face_value": {
				"amount": "643269.28",
				"amount_gbp": "643269.28"
			},
			"outstanding_principal": {
				"amount": "0.0",
				"amount_gbp": "0.0"
			},
			"crystalised_loss": {
				"amount": "nan",
				"date": "nan"
			},
			"gross_yield": {
				"annualised": "6.930888671798253"
			}
		}
	}
}]
