[{
	"loan": {
		"seller": {
			"id": "29396"
		},
		"trade": {
			"id": "55110",
			"type": "Standard",
			"advance": {
				"date": "2018-05-23",
				"amount": "4662.0",
				"amount_gbp": "4662.0",
				"percentage": "70.0"
			},
			"discount": {
				"percentage": "0.9",
				"on": "Advance"
			},
			"expected_payment_date": "2018-08-31 00:00:00 +0000",
			"settlement_date": "2018-05-30",
			"arrears": {
				"in_arrears": "No",
				"in_arrears_on_date": "nan"
			},
			"payment": {
				"state": "Paid"
			},
			"price_grade": "5",
			"currency": "GBP",
			"face_value": {
				"amount": "6660.0",
				"amount_gbp": "6660.0"
			},
			"outstanding_principal": {
				"amount": "0.0",
				"amount_gbp": "0.0"
			},
			"crystalised_loss": {
				"amount": "nan",
				"date": "nan"
			},
			"gross_yield": {
				"annualised": "11.350967495666751"
			}
		}
	}
}]
