[{
	"loan": {
		"seller": {
			"id": "27109"
		},
		"trade": {
			"id": "55147",
			"type": "Standard",
			"advance": {
				"date": "2018-05-22",
				"amount": "31620.55",
				"amount_gbp": "31620.55",
				"percentage": "80.0"
			},
			"discount": {
				"percentage": "1.0",
				"on": "Advance"
			},
			"expected_payment_date": "2018-07-23 00:00:00 +0000",
			"settlement_date": "2018-07-10",
			"arrears": {
				"in_arrears": "No",
				"in_arrears_on_date": "nan"
			},
			"payment": {
				"state": "Paid"
			},
			"price_grade": "6",
			"currency": "GBP",
			"face_value": {
				"amount": "39525.69",
				"amount_gbp": "39525.69"
			},
			"outstanding_principal": {
				"amount": "0.0",
				"amount_gbp": "0.0"
			},
			"crystalised_loss": {
				"amount": "nan",
				"date": "nan"
			},
			"gross_yield": {
				"annualised": "12.682503013196976"
			}
		}
	}
}]
