[{
	"loan": {
		"seller": {
			"id": "23803"
		},
		"trade": {
			"id": "55239",
			"type": "Standard",
			"advance": {
				"date": "2018-05-24",
				"amount": "30712.63",
				"amount_gbp": "30712.63",
				"percentage": "70.0"
			},
			"discount": {
				"percentage": "0.9",
				"on": "Advance"
			},
			"expected_payment_date": "2018-06-13 00:00:00 +0000",
			"settlement_date": "2018-06-06",
			"arrears": {
				"in_arrears": "No",
				"in_arrears_on_date": "nan"
			},
			"payment": {
				"state": "Paid"
			},
			"price_grade": "5",
			"currency": "GBP",
			"face_value": {
				"amount": "43875.19",
				"amount_gbp": "43875.19"
			},
			"outstanding_principal": {
				"amount": "0.0",
				"amount_gbp": "0.0"
			},
			"crystalised_loss": {
				"amount": "nan",
				"date": "nan"
			},
			"gross_yield": {
				"annualised": "11.350967495666751"
			}
		}
	}
}]
