[{
	"loan": {
		"seller": {
			"id": "9291"
		},
		"trade": {
			"id": "55281",
			"type": "Standard",
			"advance": {
				"date": "2018-05-25",
				"amount": "18011.31",
				"amount_gbp": "18011.31",
				"percentage": "90.0"
			},
			"discount": {
				"percentage": "0.8",
				"on": "Advance"
			},
			"expected_payment_date": "2018-07-07 00:00:00 +0000",
			"settlement_date": "2018-07-13",
			"arrears": {
				"in_arrears": "No",
				"in_arrears_on_date": "nan"
			},
			"payment": {
				"state": "Paid"
			},
			"price_grade": "4",
			"currency": "GBP",
			"face_value": {
				"amount": "20012.57",
				"amount_gbp": "20012.57"
			},
			"outstanding_principal": {
				"amount": "0.0",
				"amount_gbp": "0.0"
			},
			"crystalised_loss": {
				"amount": "nan",
				"date": "nan"
			},
			"gross_yield": {
				"annualised": "10.033869371614637"
			}
		}
	}
}]
