[{
	"loan": {
		"seller": {
			"id": "39581"
		},
		"trade": {
			"id": "55405",
			"type": "WholeLedger",
			"advance": {
				"date": "2018-05-30",
				"amount": "59508.0",
				"amount_gbp": "52069.5",
				"percentage": "30.4328"
			},
			"discount": {
				"percentage": "0.32",
				"on": "Advance"
			},
			"expected_payment_date": "2018-08-27 00:00:00 +0000",
			"settlement_date": "2018-06-05",
			"arrears": {
				"in_arrears": "No",
				"in_arrears_on_date": "nan"
			},
			"payment": {
				"state": "Paid"
			},
			"price_grade": "1",
			"currency": "EUR",
			"face_value": {
				"amount": "195538.83",
				"amount_gbp": "171096.4741"
			},
			"outstanding_principal": {
				"amount": "0.0",
				"amount_gbp": "0.0"
			},
			"crystalised_loss": {
				"amount": "nan",
				"date": "nan"
			},
			"gross_yield": {
				"annualised": "3.908310113125912"
			}
		}
	}
}]
