[{
	"loan": {
		"seller": {
			"id": "19950"
		},
		"trade": {
			"id": "55686",
			"type": "Standard",
			"advance": {
				"date": "2018-06-08",
				"amount": "13363.46",
				"amount_gbp": "13363.46",
				"percentage": "75.0"
			},
			"discount": {
				"percentage": "0.9",
				"on": "Advance"
			},
			"expected_payment_date": "2018-08-31 00:00:00 +0000",
			"settlement_date": "2018-08-23",
			"arrears": {
				"in_arrears": "No",
				"in_arrears_on_date": "nan"
			},
			"payment": {
				"state": "Paid"
			},
			"price_grade": "5",
			"currency": "GBP",
			"face_value": {
				"amount": "17817.94",
				"amount_gbp": "17817.94"
			},
			"outstanding_principal": {
				"amount": "0.0",
				"amount_gbp": "0.0"
			},
			"crystalised_loss": {
				"amount": "nan",
				"date": "nan"
			},
			"gross_yield": {
				"annualised": "11.350967495666751"
			}
		}
	}
}]
