[{
	"loan": {
		"seller": {
			"id": "42281"
		},
		"trade": {
			"id": "55794",
			"type": "Standard",
			"advance": {
				"date": "2018-06-07",
				"amount": "22425.41",
				"amount_gbp": "22425.41",
				"percentage": "70.0"
			},
			"discount": {
				"percentage": "0.8",
				"on": "Advance"
			},
			"expected_payment_date": "2018-07-23 00:00:00 +0000",
			"settlement_date": "2018-06-29",
			"arrears": {
				"in_arrears": "No",
				"in_arrears_on_date": "nan"
			},
			"payment": {
				"state": "Paid"
			},
			"price_grade": "4",
			"currency": "GBP",
			"face_value": {
				"amount": "32036.3",
				"amount_gbp": "32036.3"
			},
			"outstanding_principal": {
				"amount": "0.0",
				"amount_gbp": "0.0"
			},
			"crystalised_loss": {
				"amount": "nan",
				"date": "nan"
			},
			"gross_yield": {
				"annualised": "10.033869371614637"
			}
		}
	}
}]
