[{
	"loan": {
		"seller": {
			"id": "39161"
		},
		"trade": {
			"id": "55813",
			"type": "Standard",
			"advance": {
				"date": "2018-06-07",
				"amount": "4177.82",
				"amount_gbp": "4177.82",
				"percentage": "60.0"
			},
			"discount": {
				"percentage": "1.2",
				"on": "Advance"
			},
			"expected_payment_date": "2018-09-13 00:00:00 +0000",
			"settlement_date": "2018-09-19",
			"arrears": {
				"in_arrears": "No",
				"in_arrears_on_date": "nan"
			},
			"payment": {
				"state": "Paid"
			},
			"price_grade": "7",
			"currency": "GBP",
			"face_value": {
				"amount": "6963.04",
				"amount_gbp": "6963.04"
			},
			"outstanding_principal": {
				"amount": "0.0",
				"amount_gbp": "0.0"
			},
			"crystalised_loss": {
				"amount": "nan",
				"date": "nan"
			},
			"gross_yield": {
				"annualised": "15.389462418258605"
			}
		}
	}
}]
