[{
	"loan": {
		"seller": {
			"id": "25715"
		},
		"trade": {
			"id": "55844",
			"type": "Standard",
			"advance": {
				"date": "2018-06-08",
				"amount": "23935.36",
				"amount_gbp": "17864.9747",
				"percentage": "80.0"
			},
			"discount": {
				"percentage": "0.9",
				"on": "Advance"
			},
			"expected_payment_date": "2018-08-03 00:00:00 +0000",
			"settlement_date": "2018-07-11",
			"arrears": {
				"in_arrears": "No",
				"in_arrears_on_date": "nan"
			},
			"payment": {
				"state": "Paid"
			},
			"price_grade": "5",
			"currency": "USD",
			"face_value": {
				"amount": "29919.2",
				"amount_gbp": "22331.2184"
			},
			"outstanding_principal": {
				"amount": "0.0",
				"amount_gbp": "0.0"
			},
			"crystalised_loss": {
				"amount": "nan",
				"date": "nan"
			},
			"gross_yield": {
				"annualised": "11.350967495666751"
			}
		}
	}
}]
