[{
	"loan": {
		"seller": {
			"id": "32043"
		},
		"trade": {
			"id": "55901",
			"type": "Standard",
			"advance": {
				"date": "2018-06-08",
				"amount": "55382.82",
				"amount_gbp": "55382.82",
				"percentage": "65.0"
			},
			"discount": {
				"percentage": "1.4",
				"on": "Advance"
			},
			"expected_payment_date": "2018-08-20 00:00:00 +0000",
			"settlement_date": "2018-06-26",
			"arrears": {
				"in_arrears": "No",
				"in_arrears_on_date": "nan"
			},
			"payment": {
				"state": "Paid"
			},
			"price_grade": "8",
			"currency": "GBP",
			"face_value": {
				"amount": "85204.34",
				"amount_gbp": "85204.34"
			},
			"outstanding_principal": {
				"amount": "0.0",
				"amount_gbp": "0.0"
			},
			"crystalised_loss": {
				"amount": "nan",
				"date": "nan"
			},
			"gross_yield": {
				"annualised": "18.1559128918122"
			}
		}
	}
}]
