[{
	"loan": {
		"seller": {
			"id": "39741"
		},
		"trade": {
			"id": "55956",
			"type": "Standard",
			"advance": {
				"date": "2018-06-15",
				"amount": "1805.76",
				"amount_gbp": "1805.76",
				"percentage": "75.0"
			},
			"discount": {
				"percentage": "1.7",
				"on": "Advance"
			},
			"expected_payment_date": "2018-08-24 00:00:00 +0000",
			"settlement_date": "2018-08-17",
			"arrears": {
				"in_arrears": "No",
				"in_arrears_on_date": "nan"
			},
			"payment": {
				"state": "Paid"
			},
			"price_grade": "9",
			"currency": "GBP",
			"face_value": {
				"amount": "2407.68",
				"amount_gbp": "2407.68"
			},
			"outstanding_principal": {
				"amount": "0.0",
				"amount_gbp": "0.0"
			},
			"crystalised_loss": {
				"amount": "nan",
				"date": "nan"
			},
			"gross_yield": {
				"annualised": "22.419735005332388"
			}
		}
	}
}]
