[{
	"loan": {
		"seller": {
			"id": "36567"
		},
		"trade": {
			"id": "56012",
			"type": "Standard",
			"advance": {
				"date": "2018-06-18",
				"amount": "3201.23",
				"amount_gbp": "3201.23",
				"percentage": "85.0"
			},
			"discount": {
				"percentage": "0.44",
				"on": "Advance"
			},
			"expected_payment_date": "2018-07-14 00:00:00 +0000",
			"settlement_date": "2018-06-25",
			"arrears": {
				"in_arrears": "No",
				"in_arrears_on_date": "nan"
			},
			"payment": {
				"state": "Paid"
			},
			"price_grade": "1",
			"currency": "GBP",
			"face_value": {
				"amount": "3766.15",
				"amount_gbp": "3766.15"
			},
			"outstanding_principal": {
				"amount": "0.0",
				"amount_gbp": "0.0"
			},
			"crystalised_loss": {
				"amount": "nan",
				"date": "nan"
			},
			"gross_yield": {
				"annualised": "5.409668732361816"
			}
		}
	}
}]
