[{
	"loan": {
		"seller": {
			"id": "32671"
		},
		"trade": {
			"id": "56045",
			"type": "WholeLedger",
			"advance": {
				"date": "2018-06-13",
				"amount": "123272.99",
				"amount_gbp": "123272.99",
				"percentage": "79.9662"
			},
			"discount": {
				"percentage": "0.51",
				"on": "Advance"
			},
			"expected_payment_date": "2018-09-11 00:00:00 +0000",
			"settlement_date": "2018-06-14",
			"arrears": {
				"in_arrears": "No",
				"in_arrears_on_date": "nan"
			},
			"payment": {
				"state": "Paid"
			},
			"price_grade": "3",
			"currency": "GBP",
			"face_value": {
				"amount": "154156.24",
				"amount_gbp": "154156.24"
			},
			"outstanding_principal": {
				"amount": "0.0",
				"amount_gbp": "0.0"
			},
			"crystalised_loss": {
				"amount": "nan",
				"date": "nan"
			},
			"gross_yield": {
				"annualised": "6.294618084638115"
			}
		}
	}
}]
