[{
	"loan": {
		"seller": {
			"id": "34028"
		},
		"trade": {
			"id": "56415",
			"type": "Standard",
			"advance": {
				"date": "2018-06-25",
				"amount": "34425.0",
				"amount_gbp": "34425.0",
				"percentage": "85.0"
			},
			"discount": {
				"percentage": "0.9",
				"on": "Advance"
			},
			"expected_payment_date": "2018-07-31 00:00:00 +0000",
			"settlement_date": "2018-07-09",
			"arrears": {
				"in_arrears": "No",
				"in_arrears_on_date": "nan"
			},
			"payment": {
				"state": "Paid"
			},
			"price_grade": "5",
			"currency": "GBP",
			"face_value": {
				"amount": "40500.0",
				"amount_gbp": "40500.0"
			},
			"outstanding_principal": {
				"amount": "0.0",
				"amount_gbp": "0.0"
			},
			"crystalised_loss": {
				"amount": "nan",
				"date": "nan"
			},
			"gross_yield": {
				"annualised": "11.350967495666751"
			}
		}
	}
}]
