[{
	"loan": {
		"seller": {
			"id": "45839"
		},
		"trade": {
			"id": "56507",
			"type": "Standard",
			"advance": {
				"date": "2018-06-25",
				"amount": "188094.17",
				"amount_gbp": "188094.17",
				"percentage": "70.0"
			},
			"discount": {
				"percentage": "0.9",
				"on": "Advance"
			},
			"expected_payment_date": "2018-07-27 00:00:00 +0000",
			"settlement_date": "2018-07-11",
			"arrears": {
				"in_arrears": "No",
				"in_arrears_on_date": "nan"
			},
			"payment": {
				"state": "Paid"
			},
			"price_grade": "5",
			"currency": "GBP",
			"face_value": {
				"amount": "268705.96",
				"amount_gbp": "268705.96"
			},
			"outstanding_principal": {
				"amount": "0.0",
				"amount_gbp": "0.0"
			},
			"crystalised_loss": {
				"amount": "nan",
				"date": "nan"
			},
			"gross_yield": {
				"annualised": "11.350967495666751"
			}
		}
	}
}]
