[{
	"loan": {
		"seller": {
			"id": "24930"
		},
		"trade": {
			"id": "56550",
			"type": "Standard",
			"advance": {
				"date": "2018-06-25",
				"amount": "1350.0",
				"amount_gbp": "1350.0",
				"percentage": "60.0"
			},
			"discount": {
				"percentage": "1.2",
				"on": "Advance"
			},
			"expected_payment_date": "2018-09-14 00:00:00 +0000",
			"settlement_date": "2018-08-28",
			"arrears": {
				"in_arrears": "No",
				"in_arrears_on_date": "nan"
			},
			"payment": {
				"state": "Paid"
			},
			"price_grade": "7",
			"currency": "GBP",
			"face_value": {
				"amount": "2250.0",
				"amount_gbp": "2250.0"
			},
			"outstanding_principal": {
				"amount": "0.0",
				"amount_gbp": "0.0"
			},
			"crystalised_loss": {
				"amount": "nan",
				"date": "nan"
			},
			"gross_yield": {
				"annualised": "15.389462418258605"
			}
		}
	}
}]
