[{
	"loan": {
		"seller": {
			"id": "27470"
		},
		"trade": {
			"id": "56679",
			"type": "Standard",
			"advance": {
				"date": "2018-06-28",
				"amount": "2956.3",
				"amount_gbp": "2956.3",
				"percentage": "85.0"
			},
			"discount": {
				"percentage": "0.9",
				"on": "Advance"
			},
			"expected_payment_date": "2018-09-07 00:00:00 +0000",
			"settlement_date": "2018-07-19",
			"arrears": {
				"in_arrears": "No",
				"in_arrears_on_date": "nan"
			},
			"payment": {
				"state": "Paid"
			},
			"price_grade": "5",
			"currency": "GBP",
			"face_value": {
				"amount": "3478.0",
				"amount_gbp": "3478.0"
			},
			"outstanding_principal": {
				"amount": "0.0",
				"amount_gbp": "0.0"
			},
			"crystalised_loss": {
				"amount": "nan",
				"date": "nan"
			},
			"gross_yield": {
				"annualised": "11.350967495666751"
			}
		}
	}
}]
