[{
	"loan": {
		"seller": {
			"id": "35145"
		},
		"trade": {
			"id": "56784",
			"type": "Standard",
			"advance": {
				"date": "2018-06-29",
				"amount": "7113.6",
				"amount_gbp": "7113.6",
				"percentage": "80.0"
			},
			"discount": {
				"percentage": "0.7",
				"on": "Advance"
			},
			"expected_payment_date": "2018-07-31 00:00:00 +0000",
			"settlement_date": "2018-08-10",
			"arrears": {
				"in_arrears": "No",
				"in_arrears_on_date": "nan"
			},
			"payment": {
				"state": "Paid"
			},
			"price_grade": "3",
			"currency": "GBP",
			"face_value": {
				"amount": "8892.0",
				"amount_gbp": "8892.0"
			},
			"outstanding_principal": {
				"amount": "0.0",
				"amount_gbp": "0.0"
			},
			"crystalised_loss": {
				"amount": "nan",
				"date": "nan"
			},
			"gross_yield": {
				"annualised": "8.731066191550553"
			}
		}
	}
}]
