[{
	"loan": {
		"seller": {
			"id": "27109"
		},
		"trade": {
			"id": "56911",
			"type": "Standard",
			"advance": {
				"date": "2018-07-03",
				"amount": "17850.0",
				"amount_gbp": "17850.0",
				"percentage": "85.0"
			},
			"discount": {
				"percentage": "0.9",
				"on": "Advance"
			},
			"expected_payment_date": "2018-09-17 00:00:00 +0000",
			"settlement_date": "2018-09-03",
			"arrears": {
				"in_arrears": "No",
				"in_arrears_on_date": "nan"
			},
			"payment": {
				"state": "Paid"
			},
			"price_grade": "5",
			"currency": "GBP",
			"face_value": {
				"amount": "21000.0",
				"amount_gbp": "21000.0"
			},
			"outstanding_principal": {
				"amount": "0.0",
				"amount_gbp": "0.0"
			},
			"crystalised_loss": {
				"amount": "nan",
				"date": "nan"
			},
			"gross_yield": {
				"annualised": "11.350967495666751"
			}
		}
	}
}]
