[{
	"loan": {
		"seller": {
			"id": "11115"
		},
		"trade": {
			"id": "56946",
			"type": "Standard",
			"advance": {
				"date": "2018-07-03",
				"amount": "208407.28",
				"amount_gbp": "208407.28",
				"percentage": "85.0"
			},
			"discount": {
				"percentage": "1.0",
				"on": "Advance"
			},
			"expected_payment_date": "2018-08-07 00:00:00 +0000",
			"settlement_date": "2018-08-02",
			"arrears": {
				"in_arrears": "No",
				"in_arrears_on_date": "nan"
			},
			"payment": {
				"state": "Paid"
			},
			"price_grade": "6",
			"currency": "GBP",
			"face_value": {
				"amount": "245185.04",
				"amount_gbp": "245185.04"
			},
			"outstanding_principal": {
				"amount": "0.0",
				"amount_gbp": "0.0"
			},
			"crystalised_loss": {
				"amount": "nan",
				"date": "nan"
			},
			"gross_yield": {
				"annualised": "12.682503013196976"
			}
		}
	}
}]
