[{
	"loan": {
		"seller": {
			"id": "38125"
		},
		"trade": {
			"id": "57195",
			"type": "Standard",
			"advance": {
				"date": "2018-07-13",
				"amount": "25108.2",
				"amount_gbp": "25108.2",
				"percentage": "65.0"
			},
			"discount": {
				"percentage": "1.7",
				"on": "Advance"
			},
			"expected_payment_date": "2018-10-11 00:00:00 +0000",
			"settlement_date": "nan",
			"arrears": {
				"in_arrears": "No",
				"in_arrears_on_date": "nan"
			},
			"payment": {
				"state": "Awaiting Repayment"
			},
			"price_grade": "9",
			"currency": "GBP",
			"face_value": {
				"amount": "38628.0",
				"amount_gbp": "38628.0"
			},
			"outstanding_principal": {
				"amount": "25108.2",
				"amount_gbp": "25108.2"
			},
			"crystalised_loss": {
				"amount": "nan",
				"date": "nan"
			},
			"gross_yield": {
				"annualised": "22.419735005332388"
			}
		}
	}
}]
