[{
	"loan": {
		"seller": {
			"id": "30387"
		},
		"trade": {
			"id": "57253",
			"type": "Standard",
			"advance": {
				"date": "2018-07-11",
				"amount": "2465.67",
				"amount_gbp": "2465.67",
				"percentage": "55.0"
			},
			"discount": {
				"percentage": "0.8",
				"on": "Advance"
			},
			"expected_payment_date": "2018-08-02 00:00:00 +0000",
			"settlement_date": "2018-08-08",
			"arrears": {
				"in_arrears": "No",
				"in_arrears_on_date": "nan"
			},
			"payment": {
				"state": "Paid"
			},
			"price_grade": "4",
			"currency": "GBP",
			"face_value": {
				"amount": "4483.03",
				"amount_gbp": "4483.03"
			},
			"outstanding_principal": {
				"amount": "0.0",
				"amount_gbp": "0.0"
			},
			"crystalised_loss": {
				"amount": "nan",
				"date": "nan"
			},
			"gross_yield": {
				"annualised": "10.033869371614637"
			}
		}
	}
}]
