[{
	"loan": {
		"seller": {
			"id": "31419"
		},
		"trade": {
			"id": "57316",
			"type": "WholeLedger",
			"advance": {
				"date": "2018-07-11",
				"amount": "899123.42",
				"amount_gbp": "899123.42",
				"percentage": "83.4689"
			},
			"discount": {
				"percentage": "0.52",
				"on": "Advance"
			},
			"expected_payment_date": "2018-10-09 00:00:00 +0000",
			"settlement_date": "2018-07-12",
			"arrears": {
				"in_arrears": "No",
				"in_arrears_on_date": "nan"
			},
			"payment": {
				"state": "Paid"
			},
			"price_grade": "2",
			"currency": "GBP",
			"face_value": {
				"amount": "1077194.72",
				"amount_gbp": "1077194.72"
			},
			"outstanding_principal": {
				"amount": "0.0",
				"amount_gbp": "0.0"
			},
			"crystalised_loss": {
				"amount": "nan",
				"date": "nan"
			},
			"gross_yield": {
				"annualised": "6.421593871455888"
			}
		}
	}
}]
