[{
	"loan": {
		"seller": {
			"id": "25935"
		},
		"trade": {
			"id": "57654",
			"type": "Standard",
			"advance": {
				"date": "2018-07-19",
				"amount": "20934.0",
				"amount_gbp": "16130.4527",
				"percentage": "75.0"
			},
			"discount": {
				"percentage": "1.0",
				"on": "Advance"
			},
			"expected_payment_date": "2018-07-30 00:00:00 +0000",
			"settlement_date": "nan",
			"arrears": {
				"in_arrears": "No",
				"in_arrears_on_date": "nan"
			},
			"payment": {
				"state": "Overdue"
			},
			"price_grade": "6",
			"currency": "USD",
			"face_value": {
				"amount": "27912.0",
				"amount_gbp": "21507.2702"
			},
			"outstanding_principal": {
				"amount": "16111.15",
				"amount_gbp": "12414.2611"
			},
			"crystalised_loss": {
				"amount": "nan",
				"date": "nan"
			},
			"gross_yield": {
				"annualised": "12.682503013196976"
			}
		}
	}
}]
