[{
	"loan": {
		"seller": {
			"id": "11236"
		},
		"trade": {
			"id": "57711",
			"type": "MultiDebtor",
			"advance": {
				"date": "2018-07-19",
				"amount": "114380.7",
				"amount_gbp": "102130.52699999999",
				"percentage": "70.0"
			},
			"discount": {
				"percentage": "1.16",
				"on": "Advance"
			},
			"expected_payment_date": "2018-10-01 00:00:00 +0000",
			"settlement_date": "2018-07-24",
			"arrears": {
				"in_arrears": "No",
				"in_arrears_on_date": "nan"
			},
			"payment": {
				"state": "Repurchased"
			},
			"price_grade": "7",
			"currency": "EUR",
			"face_value": {
				"amount": "163401.0",
				"amount_gbp": "145900.7529"
			},
			"outstanding_principal": {
				"amount": "0.0",
				"amount_gbp": "0.0"
			},
			"crystalised_loss": {
				"amount": "nan",
				"date": "nan"
			},
			"gross_yield": {
				"annualised": "14.843348840566904"
			}
		}
	}
}]
