[{
	"loan": {
		"seller": {
			"id": "23807"
		},
		"trade": {
			"id": "57879",
			"type": "Standard",
			"advance": {
				"date": "2018-07-26",
				"amount": "2397.4",
				"amount_gbp": "1818.3079",
				"percentage": "80.0"
			},
			"discount": {
				"percentage": "0.9",
				"on": "Advance"
			},
			"expected_payment_date": "2018-09-14 00:00:00 +0000",
			"settlement_date": "2018-08-21",
			"arrears": {
				"in_arrears": "No",
				"in_arrears_on_date": "nan"
			},
			"payment": {
				"state": "Paid"
			},
			"price_grade": "5",
			"currency": "USD",
			"face_value": {
				"amount": "2996.75",
				"amount_gbp": "2272.8849"
			},
			"outstanding_principal": {
				"amount": "0.0",
				"amount_gbp": "0.0"
			},
			"crystalised_loss": {
				"amount": "nan",
				"date": "nan"
			},
			"gross_yield": {
				"annualised": "11.350967495666751"
			}
		}
	}
}]
