[{
	"loan": {
		"seller": {
			"id": "1392"
		},
		"trade": {
			"id": "57896",
			"type": "Standard",
			"advance": {
				"date": "2018-07-27",
				"amount": "22161.74",
				"amount_gbp": "22161.74",
				"percentage": "85.0"
			},
			"discount": {
				"percentage": "0.9",
				"on": "Advance"
			},
			"expected_payment_date": "2018-10-15 00:00:00 +0000",
			"settlement_date": "nan",
			"arrears": {
				"in_arrears": "No",
				"in_arrears_on_date": "nan"
			},
			"payment": {
				"state": "Awaiting Repayment"
			},
			"price_grade": "5",
			"currency": "GBP",
			"face_value": {
				"amount": "26072.64",
				"amount_gbp": "26072.64"
			},
			"outstanding_principal": {
				"amount": "22161.74",
				"amount_gbp": "22161.74"
			},
			"crystalised_loss": {
				"amount": "nan",
				"date": "nan"
			},
			"gross_yield": {
				"annualised": "11.350967495666751"
			}
		}
	}
}]
