[{
	"loan": {
		"seller": {
			"id": "44830"
		},
		"trade": {
			"id": "57984",
			"type": "Standard",
			"advance": {
				"date": "2018-07-25",
				"amount": "18440.0",
				"amount_gbp": "14015.3464",
				"percentage": "80.0"
			},
			"discount": {
				"percentage": "1.0",
				"on": "Advance"
			},
			"expected_payment_date": "2018-09-30 00:00:00 +0000",
			"settlement_date": "2018-08-02",
			"arrears": {
				"in_arrears": "No",
				"in_arrears_on_date": "nan"
			},
			"payment": {
				"state": "Paid"
			},
			"price_grade": "6",
			"currency": "USD",
			"face_value": {
				"amount": "23050.0",
				"amount_gbp": "17519.183"
			},
			"outstanding_principal": {
				"amount": "0.0",
				"amount_gbp": "0.0"
			},
			"crystalised_loss": {
				"amount": "nan",
				"date": "nan"
			},
			"gross_yield": {
				"annualised": "12.682503013196976"
			}
		}
	}
}]
