[{
	"loan": {
		"seller": {
			"id": "41645"
		},
		"trade": {
			"id": "58149",
			"type": "WholeLedger",
			"advance": {
				"date": "2018-07-30",
				"amount": "264123.53",
				"amount_gbp": "264123.53",
				"percentage": "51.8324"
			},
			"discount": {
				"percentage": "0.32",
				"on": "Advance"
			},
			"expected_payment_date": "2018-10-25 00:00:00 +0000",
			"settlement_date": "2018-08-01",
			"arrears": {
				"in_arrears": "No",
				"in_arrears_on_date": "nan"
			},
			"payment": {
				"state": "Paid"
			},
			"price_grade": "1",
			"currency": "GBP",
			"face_value": {
				"amount": "509571.95",
				"amount_gbp": "509571.95"
			},
			"outstanding_principal": {
				"amount": "0.0",
				"amount_gbp": "0.0"
			},
			"crystalised_loss": {
				"amount": "nan",
				"date": "nan"
			},
			"gross_yield": {
				"annualised": "3.908310113125912"
			}
		}
	}
}]
