[{
	"loan": {
		"seller": {
			"id": "23415"
		},
		"trade": {
			"id": "58260",
			"type": "Standard",
			"advance": {
				"date": "2018-07-31",
				"amount": "5467.59",
				"amount_gbp": "5467.59",
				"percentage": "85.0"
			},
			"discount": {
				"percentage": "0.8",
				"on": "Advance"
			},
			"expected_payment_date": "2018-09-14 00:00:00 +0000",
			"settlement_date": "2018-09-14",
			"arrears": {
				"in_arrears": "No",
				"in_arrears_on_date": "nan"
			},
			"payment": {
				"state": "Paid"
			},
			"price_grade": "4",
			"currency": "GBP",
			"face_value": {
				"amount": "6432.46",
				"amount_gbp": "6432.46"
			},
			"outstanding_principal": {
				"amount": "0.0",
				"amount_gbp": "0.0"
			},
			"crystalised_loss": {
				"amount": "nan",
				"date": "nan"
			},
			"gross_yield": {
				"annualised": "10.033869371614637"
			}
		}
	}
}]
