[{
	"loan": {
		"seller": {
			"id": "24259"
		},
		"trade": {
			"id": "58372",
			"type": "Standard",
			"advance": {
				"date": "2018-08-02",
				"amount": "90355.97",
				"amount_gbp": "90355.97",
				"percentage": "65.0"
			},
			"discount": {
				"percentage": "0.63",
				"on": "Advance"
			},
			"expected_payment_date": "2018-11-21 00:00:00 +0000",
			"settlement_date": "2018-08-10",
			"arrears": {
				"in_arrears": "No",
				"in_arrears_on_date": "nan"
			},
			"payment": {
				"state": "Paid"
			},
			"price_grade": "3",
			"currency": "GBP",
			"face_value": {
				"amount": "139009.18",
				"amount_gbp": "139009.18"
			},
			"outstanding_principal": {
				"amount": "0.0",
				"amount_gbp": "0.0"
			},
			"crystalised_loss": {
				"amount": "nan",
				"date": "nan"
			},
			"gross_yield": {
				"annualised": "7.82753380297514"
			}
		}
	}
}]
