[{
	"loan": {
		"seller": {
			"id": "47790"
		},
		"trade": {
			"id": "58519",
			"type": "Standard",
			"advance": {
				"date": "2018-08-07",
				"amount": "5346.0",
				"amount_gbp": "5346.0",
				"percentage": "60.0"
			},
			"discount": {
				"percentage": "2.0",
				"on": "Advance"
			},
			"expected_payment_date": "2018-09-20 00:00:00 +0000",
			"settlement_date": "2018-09-11",
			"arrears": {
				"in_arrears": "No",
				"in_arrears_on_date": "nan"
			},
			"payment": {
				"state": "Paid"
			},
			"price_grade": "10",
			"currency": "GBP",
			"face_value": {
				"amount": "8910.0",
				"amount_gbp": "8910.0"
			},
			"outstanding_principal": {
				"amount": "0.0",
				"amount_gbp": "0.0"
			},
			"crystalised_loss": {
				"amount": "nan",
				"date": "nan"
			},
			"gross_yield": {
				"annualised": "26.824179456254548"
			}
		}
	}
}]
