[{
	"loan": {
		"seller": {
			"id": "27470"
		},
		"trade": {
			"id": "58630",
			"type": "Standard",
			"advance": {
				"date": "2018-08-09",
				"amount": "1393.82",
				"amount_gbp": "1393.82",
				"percentage": "75.0"
			},
			"discount": {
				"percentage": "0.9",
				"on": "Advance"
			},
			"expected_payment_date": "2018-09-21 00:00:00 +0000",
			"settlement_date": "2018-08-30",
			"arrears": {
				"in_arrears": "No",
				"in_arrears_on_date": "nan"
			},
			"payment": {
				"state": "Paid"
			},
			"price_grade": "5",
			"currency": "GBP",
			"face_value": {
				"amount": "1858.42",
				"amount_gbp": "1858.42"
			},
			"outstanding_principal": {
				"amount": "0.0",
				"amount_gbp": "0.0"
			},
			"crystalised_loss": {
				"amount": "nan",
				"date": "nan"
			},
			"gross_yield": {
				"annualised": "11.350967495666751"
			}
		}
	}
}]
