[{
	"loan": {
		"seller": {
			"id": "37511"
		},
		"trade": {
			"id": "58667",
			"type": "Standard",
			"advance": {
				"date": "2018-08-10",
				"amount": "9816.51",
				"amount_gbp": "9816.51",
				"percentage": "55.0"
			},
			"discount": {
				"percentage": "0.7",
				"on": "Advance"
			},
			"expected_payment_date": "2018-11-01 00:00:00 +0000",
			"settlement_date": "2018-08-13",
			"arrears": {
				"in_arrears": "No",
				"in_arrears_on_date": "nan"
			},
			"payment": {
				"state": "Repurchased"
			},
			"price_grade": "3",
			"currency": "GBP",
			"face_value": {
				"amount": "17848.2",
				"amount_gbp": "17848.2"
			},
			"outstanding_principal": {
				"amount": "0.0",
				"amount_gbp": "0.0"
			},
			"crystalised_loss": {
				"amount": "nan",
				"date": "nan"
			},
			"gross_yield": {
				"annualised": "8.731066191550553"
			}
		}
	}
}]
