[{
	"loan": {
		"seller": {
			"id": "30572"
		},
		"trade": {
			"id": "58688",
			"type": "Standard",
			"advance": {
				"date": "2018-08-10",
				"amount": "13733.78",
				"amount_gbp": "13733.78",
				"percentage": "75.0"
			},
			"discount": {
				"percentage": "0.72",
				"on": "Advance"
			},
			"expected_payment_date": "2018-10-23 00:00:00 +0000",
			"settlement_date": "2018-08-31",
			"arrears": {
				"in_arrears": "No",
				"in_arrears_on_date": "nan"
			},
			"payment": {
				"state": "Paid"
			},
			"price_grade": "5",
			"currency": "GBP",
			"face_value": {
				"amount": "18311.7",
				"amount_gbp": "18311.7"
			},
			"outstanding_principal": {
				"amount": "0.0",
				"amount_gbp": "0.0"
			},
			"crystalised_loss": {
				"amount": "nan",
				"date": "nan"
			},
			"gross_yield": {
				"annualised": "8.990490026994502"
			}
		}
	}
}]
