[{
	"loan": {
		"seller": {
			"id": "44034"
		},
		"trade": {
			"id": "58775",
			"type": "Standard",
			"advance": {
				"date": "2018-08-16",
				"amount": "26309.06",
				"amount_gbp": "26309.06",
				"percentage": "65.0"
			},
			"discount": {
				"percentage": "1.2",
				"on": "Advance"
			},
			"expected_payment_date": "2018-10-09 00:00:00 +0000",
			"settlement_date": "2018-10-09",
			"arrears": {
				"in_arrears": "No",
				"in_arrears_on_date": "nan"
			},
			"payment": {
				"state": "Paid"
			},
			"price_grade": "7",
			"currency": "GBP",
			"face_value": {
				"amount": "40475.47",
				"amount_gbp": "40475.47"
			},
			"outstanding_principal": {
				"amount": "0.0",
				"amount_gbp": "0.0"
			},
			"crystalised_loss": {
				"amount": "nan",
				"date": "nan"
			},
			"gross_yield": {
				"annualised": "15.389462418258605"
			}
		}
	}
}]
