[{
	"loan": {
		"seller": {
			"id": "42442"
		},
		"trade": {
			"id": "58958",
			"type": "WholeLedger",
			"advance": {
				"date": "2018-08-17",
				"amount": "752964.82",
				"amount_gbp": "752964.82",
				"percentage": "82.9361"
			},
			"discount": {
				"percentage": "0.32",
				"on": "Advance"
			},
			"expected_payment_date": "2018-11-15 00:00:00 +0000",
			"settlement_date": "2018-08-21",
			"arrears": {
				"in_arrears": "No",
				"in_arrears_on_date": "nan"
			},
			"payment": {
				"state": "Paid"
			},
			"price_grade": "1",
			"currency": "GBP",
			"face_value": {
				"amount": "907884.88",
				"amount_gbp": "907884.88"
			},
			"outstanding_principal": {
				"amount": "0.0",
				"amount_gbp": "0.0"
			},
			"crystalised_loss": {
				"amount": "nan",
				"date": "nan"
			},
			"gross_yield": {
				"annualised": "3.908310113125912"
			}
		}
	}
}]
