[{
	"loan": {
		"seller": {
			"id": "49473"
		},
		"trade": {
			"id": "59021",
			"type": "Standard",
			"advance": {
				"date": "2018-08-22",
				"amount": "9268.8",
				"amount_gbp": "9268.8",
				"percentage": "80.0"
			},
			"discount": {
				"percentage": "1.0",
				"on": "Advance"
			},
			"expected_payment_date": "2018-10-04 00:00:00 +0000",
			"settlement_date": "nan",
			"arrears": {
				"in_arrears": "No",
				"in_arrears_on_date": "nan"
			},
			"payment": {
				"state": "Overdue"
			},
			"price_grade": "6",
			"currency": "GBP",
			"face_value": {
				"amount": "11586.0",
				"amount_gbp": "11586.0"
			},
			"outstanding_principal": {
				"amount": "9268.8",
				"amount_gbp": "9268.8"
			},
			"crystalised_loss": {
				"amount": "nan",
				"date": "nan"
			},
			"gross_yield": {
				"annualised": "12.682503013196976"
			}
		}
	}
}]
