[{
	"loan": {
		"seller": {
			"id": "14523"
		},
		"trade": {
			"id": "59076",
			"type": "MultiDebtor",
			"advance": {
				"date": "2018-08-22",
				"amount": "36106.21",
				"amount_gbp": "36106.21",
				"percentage": "86.0"
			},
			"discount": {
				"percentage": "0.8",
				"on": "Advance"
			},
			"expected_payment_date": "2018-09-30 00:00:00 +0000",
			"settlement_date": "2018-10-11",
			"arrears": {
				"in_arrears": "No",
				"in_arrears_on_date": "nan"
			},
			"payment": {
				"state": "Repurchased"
			},
			"price_grade": "4",
			"currency": "GBP",
			"face_value": {
				"amount": "41983.96",
				"amount_gbp": "41983.96"
			},
			"outstanding_principal": {
				"amount": "0.0",
				"amount_gbp": "0.0"
			},
			"crystalised_loss": {
				"amount": "nan",
				"date": "nan"
			},
			"gross_yield": {
				"annualised": "10.033869371614637"
			}
		}
	}
}]
