[{
	"loan": {
		"seller": {
			"id": "1480"
		},
		"trade": {
			"id": "5925",
			"type": "Standard",
			"advance": {
				"date": "2014-02-20",
				"amount": "31437.2",
				"amount_gbp": "31437.2",
				"percentage": "85.0"
			},
			"discount": {
				"percentage": "0.8",
				"on": "Facevalue"
			},
			"expected_payment_date": "2014-04-07 00:00:00 +0000",
			"settlement_date": "2014-03-21",
			"arrears": {
				"in_arrears": "No",
				"in_arrears_on_date": "nan"
			},
			"payment": {
				"state": "Paid"
			},
			"price_grade": "5",
			"currency": "GBP",
			"face_value": {
				"amount": "36984.94",
				"amount_gbp": "36984.94"
			},
			"outstanding_principal": {
				"amount": "0.0",
				"amount_gbp": "0.0"
			},
			"crystalised_loss": {
				"amount": "nan",
				"date": "nan"
			},
			"gross_yield": {
				"annualised": "11.88184119551574"
			}
		}
	}
}]
