[{
	"loan": {
		"seller": {
			"id": "18576"
		},
		"trade": {
			"id": "59308",
			"type": "Standard",
			"advance": {
				"date": "2018-08-29",
				"amount": "13108.6",
				"amount_gbp": "10174.3421",
				"percentage": "80.0"
			},
			"discount": {
				"percentage": "1.0",
				"on": "Advance"
			},
			"expected_payment_date": "2018-09-30 00:00:00 +0000",
			"settlement_date": "nan",
			"arrears": {
				"in_arrears": "No",
				"in_arrears_on_date": "nan"
			},
			"payment": {
				"state": "Overdue"
			},
			"price_grade": "6",
			"currency": "USD",
			"face_value": {
				"amount": "16385.75",
				"amount_gbp": "12717.9275"
			},
			"outstanding_principal": {
				"amount": "13108.6",
				"amount_gbp": "10174.3421"
			},
			"crystalised_loss": {
				"amount": "nan",
				"date": "nan"
			},
			"gross_yield": {
				"annualised": "12.682503013196976"
			}
		}
	}
}]
