[{
	"loan": {
		"seller": {
			"id": "10962"
		},
		"trade": {
			"id": "59563",
			"type": "WholeLedger",
			"advance": {
				"date": "2018-09-04",
				"amount": "227420.02",
				"amount_gbp": "227420.02",
				"percentage": "63.6283"
			},
			"discount": {
				"percentage": "0.49",
				"on": "Advance"
			},
			"expected_payment_date": "2018-12-02 00:00:00 +0000",
			"settlement_date": "2018-09-05",
			"arrears": {
				"in_arrears": "No",
				"in_arrears_on_date": "nan"
			},
			"payment": {
				"state": "Paid"
			},
			"price_grade": "2",
			"currency": "GBP",
			"face_value": {
				"amount": "357419.21",
				"amount_gbp": "357419.21"
			},
			"outstanding_principal": {
				"amount": "0.0",
				"amount_gbp": "0.0"
			},
			"crystalised_loss": {
				"amount": "nan",
				"date": "nan"
			},
			"gross_yield": {
				"annualised": "6.041083038769558"
			}
		}
	}
}]
