[{
	"loan": {
		"seller": {
			"id": "2454"
		},
		"trade": {
			"id": "5972",
			"type": "Standard",
			"advance": {
				"date": "2014-02-26",
				"amount": "16052.78",
				"amount_gbp": "16052.78",
				"percentage": "85.0"
			},
			"discount": {
				"percentage": "0.8",
				"on": "Facevalue"
			},
			"expected_payment_date": "2014-03-23 00:00:00 +0000",
			"settlement_date": "2014-04-01",
			"arrears": {
				"in_arrears": "No",
				"in_arrears_on_date": "nan"
			},
			"payment": {
				"state": "Paid"
			},
			"price_grade": "5",
			"currency": "GBP",
			"face_value": {
				"amount": "18885.6",
				"amount_gbp": "18885.6"
			},
			"outstanding_principal": {
				"amount": "0.0",
				"amount_gbp": "0.0"
			},
			"crystalised_loss": {
				"amount": "nan",
				"date": "nan"
			},
			"gross_yield": {
				"annualised": "11.88184119551574"
			}
		}
	}
}]
