[{
	"loan": {
		"seller": {
			"id": "14125"
		},
		"trade": {
			"id": "59867",
			"type": "Standard",
			"advance": {
				"date": "2018-09-10",
				"amount": "1739.1",
				"amount_gbp": "1739.1",
				"percentage": "85.0"
			},
			"discount": {
				"percentage": "0.7",
				"on": "Advance"
			},
			"expected_payment_date": "2018-10-15 00:00:00 +0000",
			"settlement_date": "2018-10-01",
			"arrears": {
				"in_arrears": "No",
				"in_arrears_on_date": "nan"
			},
			"payment": {
				"state": "Paid"
			},
			"price_grade": "3",
			"currency": "GBP",
			"face_value": {
				"amount": "2046.0",
				"amount_gbp": "2046.0"
			},
			"outstanding_principal": {
				"amount": "0.0",
				"amount_gbp": "0.0"
			},
			"crystalised_loss": {
				"amount": "nan",
				"date": "nan"
			},
			"gross_yield": {
				"annualised": "8.731066191550553"
			}
		}
	}
}]
