[{
	"loan": {
		"seller": {
			"id": "48950"
		},
		"trade": {
			"id": "59888",
			"type": "Standard",
			"advance": {
				"date": "2018-09-14",
				"amount": "7467.27",
				"amount_gbp": "7467.27",
				"percentage": "80.0"
			},
			"discount": {
				"percentage": "0.9",
				"on": "Advance"
			},
			"expected_payment_date": "2018-11-24 00:00:00 +0000",
			"settlement_date": "nan",
			"arrears": {
				"in_arrears": "No",
				"in_arrears_on_date": "nan"
			},
			"payment": {
				"state": "Awaiting Repayment"
			},
			"price_grade": "5",
			"currency": "GBP",
			"face_value": {
				"amount": "9334.09",
				"amount_gbp": "9334.09"
			},
			"outstanding_principal": {
				"amount": "7467.27",
				"amount_gbp": "7467.27"
			},
			"crystalised_loss": {
				"amount": "nan",
				"date": "nan"
			},
			"gross_yield": {
				"annualised": "11.350967495666751"
			}
		}
	}
}]
