[{
	"loan": {
		"seller": {
			"id": "38264"
		},
		"trade": {
			"id": "59922",
			"type": "Standard",
			"advance": {
				"date": "2018-09-12",
				"amount": "14400.0",
				"amount_gbp": "14400.0",
				"percentage": "75.0"
			},
			"discount": {
				"percentage": "1.0",
				"on": "Advance"
			},
			"expected_payment_date": "2018-11-13 00:00:00 +0000",
			"settlement_date": "nan",
			"arrears": {
				"in_arrears": "No",
				"in_arrears_on_date": "nan"
			},
			"payment": {
				"state": "Awaiting Repayment"
			},
			"price_grade": "6",
			"currency": "GBP",
			"face_value": {
				"amount": "19200.0",
				"amount_gbp": "19200.0"
			},
			"outstanding_principal": {
				"amount": "14400.0",
				"amount_gbp": "14400.0"
			},
			"crystalised_loss": {
				"amount": "nan",
				"date": "nan"
			},
			"gross_yield": {
				"annualised": "12.682503013196976"
			}
		}
	}
}]
