[{
	"loan": {
		"seller": {
			"id": "34767"
		},
		"trade": {
			"id": "59975",
			"type": "Standard",
			"advance": {
				"date": "2018-09-13",
				"amount": "42279.0",
				"amount_gbp": "42279.0",
				"percentage": "85.0"
			},
			"discount": {
				"percentage": "0.8",
				"on": "Advance"
			},
			"expected_payment_date": "2018-12-14 00:00:00 +0000",
			"settlement_date": "nan",
			"arrears": {
				"in_arrears": "No",
				"in_arrears_on_date": "nan"
			},
			"payment": {
				"state": "Awaiting Repayment"
			},
			"price_grade": "4",
			"currency": "GBP",
			"face_value": {
				"amount": "49740.0",
				"amount_gbp": "49740.0"
			},
			"outstanding_principal": {
				"amount": "42279.0",
				"amount_gbp": "42279.0"
			},
			"crystalised_loss": {
				"amount": "nan",
				"date": "nan"
			},
			"gross_yield": {
				"annualised": "10.033869371614637"
			}
		}
	}
}]
