[{
	"loan": {
		"seller": {
			"id": "45555"
		},
		"trade": {
			"id": "60032",
			"type": "Standard",
			"advance": {
				"date": "2018-09-14",
				"amount": "17215.45",
				"amount_gbp": "17215.45",
				"percentage": "65.0"
			},
			"discount": {
				"percentage": "1.0",
				"on": "Advance"
			},
			"expected_payment_date": "2018-11-13 00:00:00 +0000",
			"settlement_date": "nan",
			"arrears": {
				"in_arrears": "No",
				"in_arrears_on_date": "nan"
			},
			"payment": {
				"state": "Partially Paid"
			},
			"price_grade": "6",
			"currency": "GBP",
			"face_value": {
				"amount": "26485.3",
				"amount_gbp": "26485.3"
			},
			"outstanding_principal": {
				"amount": "6512.09",
				"amount_gbp": "6512.09"
			},
			"crystalised_loss": {
				"amount": "nan",
				"date": "nan"
			},
			"gross_yield": {
				"annualised": "12.682503013196976"
			}
		}
	}
}]
