[{
	"loan": {
		"seller": {
			"id": "21455"
		},
		"trade": {
			"id": "60065",
			"type": "Standard",
			"advance": {
				"date": "2018-09-13",
				"amount": "72543.22",
				"amount_gbp": "72543.22",
				"percentage": "65.0"
			},
			"discount": {
				"percentage": "1.0",
				"on": "Advance"
			},
			"expected_payment_date": "2018-11-09 00:00:00 +0000",
			"settlement_date": "nan",
			"arrears": {
				"in_arrears": "No",
				"in_arrears_on_date": "nan"
			},
			"payment": {
				"state": "Awaiting Repayment"
			},
			"price_grade": "6",
			"currency": "GBP",
			"face_value": {
				"amount": "111604.96",
				"amount_gbp": "111604.96"
			},
			"outstanding_principal": {
				"amount": "72543.22",
				"amount_gbp": "72543.22"
			},
			"crystalised_loss": {
				"amount": "nan",
				"date": "nan"
			},
			"gross_yield": {
				"annualised": "12.682503013196976"
			}
		}
	}
}]
