[{
	"loan": {
		"seller": {
			"id": "30572"
		},
		"trade": {
			"id": "60120",
			"type": "Standard",
			"advance": {
				"date": "2018-09-14",
				"amount": "13429.88",
				"amount_gbp": "13429.88",
				"percentage": "75.0"
			},
			"discount": {
				"percentage": "0.9",
				"on": "Advance"
			},
			"expected_payment_date": "2018-11-09 00:00:00 +0000",
			"settlement_date": "nan",
			"arrears": {
				"in_arrears": "No",
				"in_arrears_on_date": "nan"
			},
			"payment": {
				"state": "Awaiting Repayment"
			},
			"price_grade": "5",
			"currency": "GBP",
			"face_value": {
				"amount": "17906.5",
				"amount_gbp": "17906.5"
			},
			"outstanding_principal": {
				"amount": "13429.88",
				"amount_gbp": "13429.88"
			},
			"crystalised_loss": {
				"amount": "nan",
				"date": "nan"
			},
			"gross_yield": {
				"annualised": "11.350967495666751"
			}
		}
	}
}]
