[{
	"loan": {
		"seller": {
			"id": "37198"
		},
		"trade": {
			"id": "60177",
			"type": "Standard",
			"advance": {
				"date": "2018-09-26",
				"amount": "10075.0",
				"amount_gbp": "10075.0",
				"percentage": "65.0"
			},
			"discount": {
				"percentage": "1.2",
				"on": "Advance"
			},
			"expected_payment_date": "2019-01-14 00:00:00 +0000",
			"settlement_date": "nan",
			"arrears": {
				"in_arrears": "No",
				"in_arrears_on_date": "nan"
			},
			"payment": {
				"state": "Awaiting Repayment"
			},
			"price_grade": "7",
			"currency": "GBP",
			"face_value": {
				"amount": "15500.0",
				"amount_gbp": "15500.0"
			},
			"outstanding_principal": {
				"amount": "10075.0",
				"amount_gbp": "10075.0"
			},
			"crystalised_loss": {
				"amount": "nan",
				"date": "nan"
			},
			"gross_yield": {
				"annualised": "15.389462418258605"
			}
		}
	}
}]
