[{
	"loan": {
		"seller": {
			"id": "24930"
		},
		"trade": {
			"id": "60198",
			"type": "Standard",
			"advance": {
				"date": "2018-09-17",
				"amount": "11675.74",
				"amount_gbp": "11675.74",
				"percentage": "85.0"
			},
			"discount": {
				"percentage": "0.9",
				"on": "Advance"
			},
			"expected_payment_date": "2018-12-07 00:00:00 +0000",
			"settlement_date": "nan",
			"arrears": {
				"in_arrears": "No",
				"in_arrears_on_date": "nan"
			},
			"payment": {
				"state": "Awaiting Repayment"
			},
			"price_grade": "5",
			"currency": "GBP",
			"face_value": {
				"amount": "13736.16",
				"amount_gbp": "13736.16"
			},
			"outstanding_principal": {
				"amount": "11675.74",
				"amount_gbp": "11675.74"
			},
			"crystalised_loss": {
				"amount": "nan",
				"date": "nan"
			},
			"gross_yield": {
				"annualised": "11.350967495666751"
			}
		}
	}
}]
