[{
	"loan": {
		"seller": {
			"id": "16167"
		},
		"trade": {
			"id": "60209",
			"type": "Standard",
			"advance": {
				"date": "2018-09-17",
				"amount": "219152.82",
				"amount_gbp": "219152.82",
				"percentage": "80.0"
			},
			"discount": {
				"percentage": "0.8",
				"on": "Advance"
			},
			"expected_payment_date": "2018-10-12 00:00:00 +0000",
			"settlement_date": "2018-10-01",
			"arrears": {
				"in_arrears": "No",
				"in_arrears_on_date": "nan"
			},
			"payment": {
				"state": "Paid"
			},
			"price_grade": "4",
			"currency": "GBP",
			"face_value": {
				"amount": "273941.03",
				"amount_gbp": "273941.03"
			},
			"outstanding_principal": {
				"amount": "0.0",
				"amount_gbp": "0.0"
			},
			"crystalised_loss": {
				"amount": "nan",
				"date": "nan"
			},
			"gross_yield": {
				"annualised": "10.033869371614637"
			}
		}
	}
}]
