[{
	"loan": {
		"seller": {
			"id": "1577"
		},
		"trade": {
			"id": "6036",
			"type": "Standard",
			"advance": {
				"date": "2014-03-04",
				"amount": "26522.48",
				"amount_gbp": "26522.48",
				"percentage": "80.0"
			},
			"discount": {
				"percentage": "0.9",
				"on": "Facevalue"
			},
			"expected_payment_date": "2014-04-03 00:00:00 +0000",
			"settlement_date": "2014-03-31",
			"arrears": {
				"in_arrears": "No",
				"in_arrears_on_date": "nan"
			},
			"payment": {
				"state": "Paid"
			},
			"price_grade": "6",
			"currency": "GBP",
			"face_value": {
				"amount": "33153.12",
				"amount_gbp": "33153.12"
			},
			"outstanding_principal": {
				"amount": "0.0",
				"amount_gbp": "0.0"
			},
			"crystalised_loss": {
				"amount": "nan",
				"date": "nan"
			},
			"gross_yield": {
				"annualised": "14.299605449973862"
			}
		}
	}
}]
