[{
	"loan": {
		"seller": {
			"id": "40312"
		},
		"trade": {
			"id": "60435",
			"type": "Standard",
			"advance": {
				"date": "2018-09-25",
				"amount": "14928.11",
				"amount_gbp": "14928.11",
				"percentage": "85.0"
			},
			"discount": {
				"percentage": "1.0",
				"on": "Advance"
			},
			"expected_payment_date": "2018-10-02 00:00:00 +0000",
			"settlement_date": "2018-10-09",
			"arrears": {
				"in_arrears": "No",
				"in_arrears_on_date": "nan"
			},
			"payment": {
				"state": "Repurchased"
			},
			"price_grade": "6",
			"currency": "GBP",
			"face_value": {
				"amount": "32216.88",
				"amount_gbp": "32216.88"
			},
			"outstanding_principal": {
				"amount": "0.0",
				"amount_gbp": "0.0"
			},
			"crystalised_loss": {
				"amount": "nan",
				"date": "nan"
			},
			"gross_yield": {
				"annualised": "12.682503013196976"
			}
		}
	}
}]
