[{
	"loan": {
		"seller": {
			"id": "27854"
		},
		"trade": {
			"id": "60462",
			"type": "Standard",
			"advance": {
				"date": "2018-09-24",
				"amount": "4395.14",
				"amount_gbp": "4395.14",
				"percentage": "55.0"
			},
			"discount": {
				"percentage": "1.2",
				"on": "Advance"
			},
			"expected_payment_date": "2018-11-07 00:00:00 +0000",
			"settlement_date": "2018-10-05",
			"arrears": {
				"in_arrears": "No",
				"in_arrears_on_date": "nan"
			},
			"payment": {
				"state": "Paid"
			},
			"price_grade": "7",
			"currency": "GBP",
			"face_value": {
				"amount": "7991.17",
				"amount_gbp": "7991.17"
			},
			"outstanding_principal": {
				"amount": "0.0",
				"amount_gbp": "0.0"
			},
			"crystalised_loss": {
				"amount": "nan",
				"date": "nan"
			},
			"gross_yield": {
				"annualised": "15.389462418258605"
			}
		}
	}
}]
