[{
	"loan": {
		"seller": {
			"id": "1214"
		},
		"trade": {
			"id": "60527",
			"type": "Standard",
			"advance": {
				"date": "2018-10-03",
				"amount": "23781.3",
				"amount_gbp": "23781.3",
				"percentage": "85.0"
			},
			"discount": {
				"percentage": "0.8",
				"on": "Advance"
			},
			"expected_payment_date": "2018-10-31 00:00:00 +0000",
			"settlement_date": "nan",
			"arrears": {
				"in_arrears": "No",
				"in_arrears_on_date": "nan"
			},
			"payment": {
				"state": "Awaiting Repayment"
			},
			"price_grade": "4",
			"currency": "GBP",
			"face_value": {
				"amount": "27978.0",
				"amount_gbp": "27978.0"
			},
			"outstanding_principal": {
				"amount": "23781.3",
				"amount_gbp": "23781.3"
			},
			"crystalised_loss": {
				"amount": "nan",
				"date": "nan"
			},
			"gross_yield": {
				"annualised": "10.033869371614637"
			}
		}
	}
}]
