[{
	"loan": {
		"seller": {
			"id": "24930"
		},
		"trade": {
			"id": "60823",
			"type": "Standard",
			"advance": {
				"date": "2018-10-01",
				"amount": "4008.6",
				"amount_gbp": "4008.6",
				"percentage": "85.0"
			},
			"discount": {
				"percentage": "1.0",
				"on": "Advance"
			},
			"expected_payment_date": "2018-12-14 00:00:00 +0000",
			"settlement_date": "nan",
			"arrears": {
				"in_arrears": "No",
				"in_arrears_on_date": "nan"
			},
			"payment": {
				"state": "Awaiting Repayment"
			},
			"price_grade": "6",
			"currency": "GBP",
			"face_value": {
				"amount": "4716.0",
				"amount_gbp": "4716.0"
			},
			"outstanding_principal": {
				"amount": "4008.6",
				"amount_gbp": "4008.6"
			},
			"crystalised_loss": {
				"amount": "nan",
				"date": "nan"
			},
			"gross_yield": {
				"annualised": "12.682503013196976"
			}
		}
	}
}]
