[{
	"loan": {
		"seller": {
			"id": "10218"
		},
		"trade": {
			"id": "60966",
			"type": "Standard",
			"advance": {
				"date": "2018-10-05",
				"amount": "9136.0",
				"amount_gbp": "9136.0",
				"percentage": "80.0"
			},
			"discount": {
				"percentage": "1.0",
				"on": "Advance"
			},
			"expected_payment_date": "2018-11-05 00:00:00 +0000",
			"settlement_date": "nan",
			"arrears": {
				"in_arrears": "No",
				"in_arrears_on_date": "nan"
			},
			"payment": {
				"state": "Awaiting Repayment"
			},
			"price_grade": "6",
			"currency": "GBP",
			"face_value": {
				"amount": "11420.0",
				"amount_gbp": "11420.0"
			},
			"outstanding_principal": {
				"amount": "9136.0",
				"amount_gbp": "9136.0"
			},
			"crystalised_loss": {
				"amount": "nan",
				"date": "nan"
			},
			"gross_yield": {
				"annualised": "12.682503013196976"
			}
		}
	}
}]
