[{
	"loan": {
		"seller": {
			"id": "20150"
		},
		"trade": {
			"id": "60989",
			"type": "Standard",
			"advance": {
				"date": "2018-10-05",
				"amount": "1224.0",
				"amount_gbp": "1224.0",
				"percentage": "85.0"
			},
			"discount": {
				"percentage": "0.9",
				"on": "Advance"
			},
			"expected_payment_date": "2018-12-26 00:00:00 +0000",
			"settlement_date": "nan",
			"arrears": {
				"in_arrears": "No",
				"in_arrears_on_date": "nan"
			},
			"payment": {
				"state": "Awaiting Repayment"
			},
			"price_grade": "5",
			"currency": "GBP",
			"face_value": {
				"amount": "1440.0",
				"amount_gbp": "1440.0"
			},
			"outstanding_principal": {
				"amount": "1224.0",
				"amount_gbp": "1224.0"
			},
			"crystalised_loss": {
				"amount": "nan",
				"date": "nan"
			},
			"gross_yield": {
				"annualised": "11.350967495666751"
			}
		}
	}
}]
