[{
	"loan": {
		"seller": {
			"id": "15942"
		},
		"trade": {
			"id": "61224",
			"type": "Standard",
			"advance": {
				"date": "2018-10-09",
				"amount": "1468.74",
				"amount_gbp": "1468.74",
				"percentage": "85.0"
			},
			"discount": {
				"percentage": "0.8",
				"on": "Advance"
			},
			"expected_payment_date": "2018-11-23 00:00:00 +0000",
			"settlement_date": "nan",
			"arrears": {
				"in_arrears": "No",
				"in_arrears_on_date": "nan"
			},
			"payment": {
				"state": "Awaiting Repayment"
			},
			"price_grade": "4",
			"currency": "GBP",
			"face_value": {
				"amount": "1727.93",
				"amount_gbp": "1727.93"
			},
			"outstanding_principal": {
				"amount": "1468.74",
				"amount_gbp": "1468.74"
			},
			"crystalised_loss": {
				"amount": "nan",
				"date": "nan"
			},
			"gross_yield": {
				"annualised": "10.033869371614637"
			}
		}
	}
}]
