[{
	"loan": {
		"seller": {
			"id": "32671"
		},
		"trade": {
			"id": "61336",
			"type": "WholeLedger",
			"advance": {
				"date": "2018-10-11",
				"amount": "116567.17",
				"amount_gbp": "116567.17",
				"percentage": "79.5932"
			},
			"discount": {
				"percentage": "0.51",
				"on": "Advance"
			},
			"expected_payment_date": "2019-01-09 00:00:00 +0000",
			"settlement_date": "nan",
			"arrears": {
				"in_arrears": "No",
				"in_arrears_on_date": "nan"
			},
			"payment": {
				"state": "Awaiting Repayment"
			},
			"price_grade": "3",
			"currency": "GBP",
			"face_value": {
				"amount": "146453.66",
				"amount_gbp": "146453.66"
			},
			"outstanding_principal": {
				"amount": "116567.17",
				"amount_gbp": "116567.17"
			},
			"crystalised_loss": {
				"amount": "nan",
				"date": "nan"
			},
			"gross_yield": {
				"annualised": "6.294618084638115"
			}
		}
	}
}]
