[{
	"loan": {
		"seller": {
			"id": "2098"
		},
		"trade": {
			"id": "61361",
			"type": "Standard",
			"advance": {
				"date": "2018-10-11",
				"amount": "2323.2",
				"amount_gbp": "2323.2",
				"percentage": "80.0"
			},
			"discount": {
				"percentage": "1.2",
				"on": "Advance"
			},
			"expected_payment_date": "2018-12-21 00:00:00 +0000",
			"settlement_date": "nan",
			"arrears": {
				"in_arrears": "No",
				"in_arrears_on_date": "nan"
			},
			"payment": {
				"state": "Awaiting Repayment"
			},
			"price_grade": "7",
			"currency": "GBP",
			"face_value": {
				"amount": "2904.0",
				"amount_gbp": "2904.0"
			},
			"outstanding_principal": {
				"amount": "2323.2",
				"amount_gbp": "2323.2"
			},
			"crystalised_loss": {
				"amount": "nan",
				"date": "nan"
			},
			"gross_yield": {
				"annualised": "15.389462418258605"
			}
		}
	}
}]
