[{
	"loan": {
		"seller": {
			"id": "122"
		},
		"trade": {
			"id": "683",
			"type": "Standard",
			"advance": {
				"date": "2012-09-24",
				"amount": "21969.17",
				"amount_gbp": "21969.17",
				"percentage": "80.0"
			},
			"discount": {
				"percentage": "1.0",
				"on": "Facevalue"
			},
			"expected_payment_date": "2012-10-19 00:00:00 +0000",
			"settlement_date": "2012-11-14",
			"arrears": {
				"in_arrears": "No",
				"in_arrears_on_date": "nan"
			},
			"payment": {
				"state": "Paid"
			},
			"price_grade": "6",
			"currency": "GBP",
			"face_value": {
				"amount": "27461.45",
				"amount_gbp": "27461.45"
			},
			"outstanding_principal": {
				"amount": "0.0",
				"amount_gbp": "0.0"
			},
			"crystalised_loss": {
				"amount": "nan",
				"date": "nan"
			},
			"gross_yield": {
				"annualised": "16.075451772299807"
			}
		}
	}
}]
