[{
	"loan": {
		"seller": {
			"id": "414"
		},
		"trade": {
			"id": "729",
			"type": "Standard",
			"advance": {
				"date": "2012-10-16",
				"amount": "30595.87",
				"amount_gbp": "30595.87",
				"percentage": "90.0"
			},
			"discount": {
				"percentage": "1.25",
				"on": "Facevalue"
			},
			"expected_payment_date": "2012-10-25 00:00:00 +0000",
			"settlement_date": "2012-11-05",
			"arrears": {
				"in_arrears": "No",
				"in_arrears_on_date": "nan"
			},
			"payment": {
				"state": "Paid"
			},
			"price_grade": "7",
			"currency": "GBP",
			"face_value": {
				"amount": "33995.4",
				"amount_gbp": "33995.4"
			},
			"outstanding_principal": {
				"amount": "0.0",
				"amount_gbp": "0.0"
			},
			"crystalised_loss": {
				"amount": "nan",
				"date": "nan"
			},
			"gross_yield": {
				"annualised": "17.876557104592926"
			}
		}
	}
}]
