[{
	"loan": {
		"seller": {
			"id": "597"
		},
		"trade": {
			"id": "791",
			"type": "Standard",
			"advance": {
				"date": "2012-11-12",
				"amount": "84240.0",
				"amount_gbp": "84240.0",
				"percentage": "90.0"
			},
			"discount": {
				"percentage": "1.0",
				"on": "Facevalue"
			},
			"expected_payment_date": "2012-12-06 00:00:00 +0000",
			"settlement_date": "2012-12-05",
			"arrears": {
				"in_arrears": "No",
				"in_arrears_on_date": "nan"
			},
			"payment": {
				"state": "Paid"
			},
			"price_grade": "6",
			"currency": "GBP",
			"face_value": {
				"amount": "93600.0",
				"amount_gbp": "93600.0"
			},
			"outstanding_principal": {
				"amount": "0.0",
				"amount_gbp": "0.0"
			},
			"crystalised_loss": {
				"amount": "nan",
				"date": "nan"
			},
			"gross_yield": {
				"annualised": "14.164038846995776"
			}
		}
	}
}]
