[{
	"loan": {
		"seller": {
			"id": "1087"
		},
		"trade": {
			"id": "8090",
			"type": "Standard",
			"advance": {
				"date": "2014-03-07",
				"amount": "56305.21",
				"amount_gbp": "56305.21",
				"percentage": "85.0"
			},
			"discount": {
				"percentage": "0.8",
				"on": "Facevalue"
			},
			"expected_payment_date": "2014-04-20 00:00:00 +0000",
			"settlement_date": "2014-04-01",
			"arrears": {
				"in_arrears": "No",
				"in_arrears_on_date": "nan"
			},
			"payment": {
				"state": "Paid"
			},
			"price_grade": "5",
			"currency": "GBP",
			"face_value": {
				"amount": "66241.44",
				"amount_gbp": "66241.44"
			},
			"outstanding_principal": {
				"amount": "0.0",
				"amount_gbp": "0.0"
			},
			"crystalised_loss": {
				"amount": "nan",
				"date": "nan"
			},
			"gross_yield": {
				"annualised": "11.88184119551574"
			}
		}
	}
}]
