[{
	"loan": {
		"seller": {
			"id": "324"
		},
		"trade": {
			"id": "816",
			"type": "Standard",
			"advance": {
				"date": "2012-11-16",
				"amount": "1944.34",
				"amount_gbp": "1944.34",
				"percentage": "85.0"
			},
			"discount": {
				"percentage": "1.0",
				"on": "Facevalue"
			},
			"expected_payment_date": "2012-11-29 00:00:00 +0000",
			"settlement_date": "2012-12-18",
			"arrears": {
				"in_arrears": "No",
				"in_arrears_on_date": "nan"
			},
			"payment": {
				"state": "Paid"
			},
			"price_grade": "6",
			"currency": "GBP",
			"face_value": {
				"amount": "2287.47",
				"amount_gbp": "2287.47"
			},
			"outstanding_principal": {
				"amount": "0.0",
				"amount_gbp": "0.0"
			},
			"crystalised_loss": {
				"amount": "nan",
				"date": "nan"
			},
			"gross_yield": {
				"annualised": "14.979654663773092"
			}
		}
	}
}]
