[{
	"loan": {
		"seller": {
			"id": "1381"
		},
		"trade": {
			"id": "8182",
			"type": "Standard",
			"advance": {
				"date": "2014-03-20",
				"amount": "151917.1",
				"amount_gbp": "151917.1",
				"percentage": "80.0"
			},
			"discount": {
				"percentage": "1.1",
				"on": "Facevalue"
			},
			"expected_payment_date": "2014-05-02 00:00:00 +0000",
			"settlement_date": "2014-04-25",
			"arrears": {
				"in_arrears": "No",
				"in_arrears_on_date": "nan"
			},
			"payment": {
				"state": "Paid"
			},
			"price_grade": "7",
			"currency": "GBP",
			"face_value": {
				"amount": "189896.39",
				"amount_gbp": "189896.39"
			},
			"outstanding_principal": {
				"amount": "0.0",
				"amount_gbp": "0.0"
			},
			"crystalised_loss": {
				"amount": "nan",
				"date": "nan"
			},
			"gross_yield": {
				"annualised": "17.73710637049424"
			}
		}
	}
}]
