[{
	"loan": {
		"seller": {
			"id": "321"
		},
		"trade": {
			"id": "8244",
			"type": "Standard",
			"advance": {
				"date": "2014-03-28",
				"amount": "91109.32",
				"amount_gbp": "91109.32",
				"percentage": "56.0"
			},
			"discount": {
				"percentage": "1.25",
				"on": "Facevalue"
			},
			"expected_payment_date": "2014-04-25 00:00:00 +0000",
			"settlement_date": "2014-05-13",
			"arrears": {
				"in_arrears": "No",
				"in_arrears_on_date": "nan"
			},
			"payment": {
				"state": "Paid"
			},
			"price_grade": "Unclassified",
			"currency": "GBP",
			"face_value": {
				"amount": "162695.18",
				"amount_gbp": "162695.18"
			},
			"outstanding_principal": {
				"amount": "0.0",
				"amount_gbp": "0.0"
			},
			"crystalised_loss": {
				"amount": "nan",
				"date": "nan"
			},
			"gross_yield": {
				"annualised": "30.298774042680353"
			}
		}
	}
}]
