[{
	"loan": {
		"seller": {
			"id": "1480"
		},
		"trade": {
			"id": "8356",
			"type": "Standard",
			"advance": {
				"date": "2014-04-10",
				"amount": "25788.1",
				"amount_gbp": "25788.1",
				"percentage": "85.0"
			},
			"discount": {
				"percentage": "0.8",
				"on": "Facevalue"
			},
			"expected_payment_date": "2014-05-23 00:00:00 +0000",
			"settlement_date": "2014-05-09",
			"arrears": {
				"in_arrears": "No",
				"in_arrears_on_date": "nan"
			},
			"payment": {
				"state": "Paid"
			},
			"price_grade": "5",
			"currency": "GBP",
			"face_value": {
				"amount": "30338.96",
				"amount_gbp": "30338.96"
			},
			"outstanding_principal": {
				"amount": "0.0",
				"amount_gbp": "0.0"
			},
			"crystalised_loss": {
				"amount": "nan",
				"date": "nan"
			},
			"gross_yield": {
				"annualised": "11.88184119551574"
			}
		}
	}
}]
