[{
	"loan": {
		"seller": {
			"id": "478"
		},
		"trade": {
			"id": "841",
			"type": "Standard",
			"advance": {
				"date": "2012-12-18",
				"amount": "4739.1",
				"amount_gbp": "4739.1",
				"percentage": "85.0"
			},
			"discount": {
				"percentage": "1.0",
				"on": "Facevalue"
			},
			"expected_payment_date": "2013-01-18 00:00:00 +0000",
			"settlement_date": "2012-12-24",
			"arrears": {
				"in_arrears": "No",
				"in_arrears_on_date": "nan"
			},
			"payment": {
				"state": "Paid"
			},
			"price_grade": "6",
			"currency": "GBP",
			"face_value": {
				"amount": "5575.42",
				"amount_gbp": "5575.42"
			},
			"outstanding_principal": {
				"amount": "0.0",
				"amount_gbp": "0.0"
			},
			"crystalised_loss": {
				"amount": "nan",
				"date": "nan"
			},
			"gross_yield": {
				"annualised": "14.979654663773092"
			}
		}
	}
}]
