[{
	"loan": {
		"seller": {
			"id": "321"
		},
		"trade": {
			"id": "8478",
			"type": "Standard",
			"advance": {
				"date": "2014-05-07",
				"amount": "19500.01",
				"amount_gbp": "19500.01",
				"percentage": "80.0"
			},
			"discount": {
				"percentage": "1.1",
				"on": "Facevalue"
			},
			"expected_payment_date": "2014-05-31 00:00:00 +0000",
			"settlement_date": "2014-05-28",
			"arrears": {
				"in_arrears": "No",
				"in_arrears_on_date": "nan"
			},
			"payment": {
				"state": "Paid"
			},
			"price_grade": "7",
			"currency": "GBP",
			"face_value": {
				"amount": "24375.05",
				"amount_gbp": "24375.05"
			},
			"outstanding_principal": {
				"amount": "0.0",
				"amount_gbp": "0.0"
			},
			"crystalised_loss": {
				"amount": "nan",
				"date": "nan"
			},
			"gross_yield": {
				"annualised": "17.73710637049424"
			}
		}
	}
}]
