[{
	"loan": {
		"seller": {
			"id": "258"
		},
		"trade": {
			"id": "8643",
			"type": "Standard",
			"advance": {
				"date": "2014-05-23",
				"amount": "9675.0",
				"amount_gbp": "9675.0",
				"percentage": "75.0"
			},
			"discount": {
				"percentage": "1.3",
				"on": "Facevalue"
			},
			"expected_payment_date": "2014-06-16 00:00:00 +0000",
			"settlement_date": "2014-06-30",
			"arrears": {
				"in_arrears": "No",
				"in_arrears_on_date": "nan"
			},
			"payment": {
				"state": "Paid"
			},
			"price_grade": "9",
			"currency": "GBP",
			"face_value": {
				"amount": "12900.0",
				"amount_gbp": "12900.0"
			},
			"outstanding_principal": {
				"amount": "0.0",
				"amount_gbp": "0.0"
			},
			"crystalised_loss": {
				"amount": "nan",
				"date": "nan"
			},
			"gross_yield": {
				"annualised": "22.853782957616954"
			}
		}
	}
}]
