[{
	"loan": {
		"seller": {
			"id": "948"
		},
		"trade": {
			"id": "8706",
			"type": "Standard",
			"advance": {
				"date": "2014-05-28",
				"amount": "54198.0",
				"amount_gbp": "54198.0",
				"percentage": "80.0"
			},
			"discount": {
				"percentage": "0.9",
				"on": "Facevalue"
			},
			"expected_payment_date": "2014-06-30 00:00:00 +0000",
			"settlement_date": "2014-06-19",
			"arrears": {
				"in_arrears": "No",
				"in_arrears_on_date": "nan"
			},
			"payment": {
				"state": "Paid"
			},
			"price_grade": "6",
			"currency": "GBP",
			"face_value": {
				"amount": "67747.48",
				"amount_gbp": "67747.48"
			},
			"outstanding_principal": {
				"amount": "0.0",
				"amount_gbp": "0.0"
			},
			"crystalised_loss": {
				"amount": "nan",
				"date": "nan"
			},
			"gross_yield": {
				"annualised": "14.299605449973862"
			}
		}
	}
}]
