[{
	"loan": {
		"seller": {
			"id": "263"
		},
		"trade": {
			"id": "8839",
			"type": "Standard",
			"advance": {
				"date": "2014-06-06",
				"amount": "4955.92",
				"amount_gbp": "4018.2599",
				"percentage": "80.0"
			},
			"discount": {
				"percentage": "0.9",
				"on": "Facevalue"
			},
			"expected_payment_date": "2014-09-30 00:00:00 +0000",
			"settlement_date": "2014-07-25",
			"arrears": {
				"in_arrears": "No",
				"in_arrears_on_date": "nan"
			},
			"payment": {
				"state": "Paid"
			},
			"price_grade": "6",
			"currency": "EUR",
			"face_value": {
				"amount": "6194.9",
				"amount_gbp": "5022.8248"
			},
			"outstanding_principal": {
				"amount": "0.0",
				"amount_gbp": "0.0"
			},
			"crystalised_loss": {
				"amount": "nan",
				"date": "nan"
			},
			"gross_yield": {
				"annualised": "14.299605449973862"
			}
		}
	}
}]
