[{
	"loan": {
		"seller": {
			"id": "263"
		},
		"trade": {
			"id": "8881",
			"type": "Standard",
			"advance": {
				"date": "2014-06-12",
				"amount": "33652.62",
				"amount_gbp": "19998.0346",
				"percentage": "80.0"
			},
			"discount": {
				"percentage": "0.9",
				"on": "Facevalue"
			},
			"expected_payment_date": "2014-09-30 00:00:00 +0000",
			"settlement_date": "2014-07-21",
			"arrears": {
				"in_arrears": "No",
				"in_arrears_on_date": "nan"
			},
			"payment": {
				"state": "Paid"
			},
			"price_grade": "6",
			"currency": "USD",
			"face_value": {
				"amount": "42065.8",
				"amount_gbp": "24997.557999999997"
			},
			"outstanding_principal": {
				"amount": "0.0",
				"amount_gbp": "0.0"
			},
			"crystalised_loss": {
				"amount": "nan",
				"date": "nan"
			},
			"gross_yield": {
				"annualised": "14.299605449973862"
			}
		}
	}
}]
