[{
	"loan": {
		"seller": {
			"id": "4711"
		},
		"trade": {
			"id": "8993",
			"type": "Standard",
			"advance": {
				"date": "2014-06-26",
				"amount": "17358.2",
				"amount_gbp": "17358.2",
				"percentage": "70.0"
			},
			"discount": {
				"percentage": "1.3",
				"on": "Facevalue"
			},
			"expected_payment_date": "2014-07-30 00:00:00 +0000",
			"settlement_date": "2014-08-04",
			"arrears": {
				"in_arrears": "No",
				"in_arrears_on_date": "nan"
			},
			"payment": {
				"state": "Paid"
			},
			"price_grade": "9",
			"currency": "GBP",
			"face_value": {
				"amount": "24797.4",
				"amount_gbp": "24797.4"
			},
			"outstanding_principal": {
				"amount": "0.0",
				"amount_gbp": "0.0"
			},
			"crystalised_loss": {
				"amount": "nan",
				"date": "nan"
			},
			"gross_yield": {
				"annualised": "24.604119325578665"
			}
		}
	}
}]
