[{
	"loan": {
		"seller": {
			"id": "996"
		},
		"trade": {
			"id": "9005",
			"type": "Standard",
			"advance": {
				"date": "2014-06-26",
				"amount": "199330.99",
				"amount_gbp": "199330.99",
				"percentage": "85.0"
			},
			"discount": {
				"percentage": "0.5",
				"on": "Facevalue"
			},
			"expected_payment_date": "2014-09-18 00:00:00 +0000",
			"settlement_date": "2014-09-19",
			"arrears": {
				"in_arrears": "No",
				"in_arrears_on_date": "nan"
			},
			"payment": {
				"state": "Paid"
			},
			"price_grade": "4",
			"currency": "GBP",
			"face_value": {
				"amount": "234507.01",
				"amount_gbp": "234507.01"
			},
			"outstanding_principal": {
				"amount": "0.0",
				"amount_gbp": "0.0"
			},
			"crystalised_loss": {
				"amount": "nan",
				"date": "nan"
			},
			"gross_yield": {
				"annualised": "7.186373004024893"
			}
		}
	}
}]
