[{
	"loan": {
		"seller": {
			"id": "404"
		},
		"trade": {
			"id": "904",
			"type": "Standard",
			"advance": {
				"date": "2013-01-08",
				"amount": "126000.0",
				"amount_gbp": "78425.0343",
				"percentage": "90.0"
			},
			"discount": {
				"percentage": "1.1",
				"on": "Facevalue"
			},
			"expected_payment_date": "2013-02-07 00:00:00 +0000",
			"settlement_date": "2013-01-22",
			"arrears": {
				"in_arrears": "No",
				"in_arrears_on_date": "nan"
			},
			"payment": {
				"state": "Paid"
			},
			"price_grade": "6",
			"currency": "USD",
			"face_value": {
				"amount": "140000.0",
				"amount_gbp": "87138.927"
			},
			"outstanding_principal": {
				"amount": "0.0",
				"amount_gbp": "0.0"
			},
			"crystalised_loss": {
				"amount": "nan",
				"date": "nan"
			},
			"gross_yield": {
				"annualised": "15.663410959937131"
			}
		}
	}
}]
