[{
	"loan": {
		"seller": {
			"id": "8206"
		},
		"trade": {
			"id": "9052",
			"type": "Standard",
			"advance": {
				"date": "2014-06-30",
				"amount": "62011.11",
				"amount_gbp": "62011.11",
				"percentage": "80.0"
			},
			"discount": {
				"percentage": "0.9",
				"on": "Facevalue"
			},
			"expected_payment_date": "2014-07-31 00:00:00 +0000",
			"settlement_date": "2014-09-05",
			"arrears": {
				"in_arrears": "No",
				"in_arrears_on_date": "nan"
			},
			"payment": {
				"state": "Paid"
			},
			"price_grade": "6",
			"currency": "GBP",
			"face_value": {
				"amount": "77513.88",
				"amount_gbp": "77513.88"
			},
			"outstanding_principal": {
				"amount": "0.0",
				"amount_gbp": "0.0"
			},
			"crystalised_loss": {
				"amount": "nan",
				"date": "nan"
			},
			"gross_yield": {
				"annualised": "14.299605449973862"
			}
		}
	}
}]
