[{
	"loan": {
		"seller": {
			"id": "1901"
		},
		"trade": {
			"id": "9510",
			"type": "Standard",
			"advance": {
				"date": "2014-08-08",
				"amount": "144982.79",
				"amount_gbp": "144982.79",
				"percentage": "85.0"
			},
			"discount": {
				"percentage": "0.8",
				"on": "Facevalue"
			},
			"expected_payment_date": "2014-08-28 00:00:00 +0000",
			"settlement_date": "2014-08-14",
			"arrears": {
				"in_arrears": "No",
				"in_arrears_on_date": "nan"
			},
			"payment": {
				"state": "Paid"
			},
			"price_grade": "5",
			"currency": "GBP",
			"face_value": {
				"amount": "170567.95",
				"amount_gbp": "170567.95"
			},
			"outstanding_principal": {
				"amount": "0.0",
				"amount_gbp": "0.0"
			},
			"crystalised_loss": {
				"amount": "nan",
				"date": "nan"
			},
			"gross_yield": {
				"annualised": "11.88184119551574"
			}
		}
	}
}]
