[{
	"loan": {
		"seller": {
			"id": "2265"
		},
		"trade": {
			"id": "9814",
			"type": "Standard",
			"advance": {
				"date": "2014-09-05",
				"amount": "11507.8",
				"amount_gbp": "11507.8",
				"percentage": "85.0"
			},
			"discount": {
				"percentage": "0.8",
				"on": "Facevalue"
			},
			"expected_payment_date": "2014-10-08 00:00:00 +0000",
			"settlement_date": "2014-10-08",
			"arrears": {
				"in_arrears": "No",
				"in_arrears_on_date": "nan"
			},
			"payment": {
				"state": "Paid"
			},
			"price_grade": "5",
			"currency": "GBP",
			"face_value": {
				"amount": "13538.61",
				"amount_gbp": "13538.61"
			},
			"outstanding_principal": {
				"amount": "0.0",
				"amount_gbp": "0.0"
			},
			"crystalised_loss": {
				"amount": "nan",
				"date": "nan"
			},
			"gross_yield": {
				"annualised": "11.88184119551574"
			}
		}
	}
}]
