[{
	"loan": {
		"seller": {
			"id": "497"
		},
		"trade": {
			"id": "9906",
			"type": "Standard",
			"advance": {
				"date": "2014-09-17",
				"amount": "3400.0",
				"amount_gbp": "2698.24",
				"percentage": "85.0"
			},
			"discount": {
				"percentage": "0.8",
				"on": "Facevalue"
			},
			"expected_payment_date": "2014-10-09 00:00:00 +0000",
			"settlement_date": "2014-10-16",
			"arrears": {
				"in_arrears": "No",
				"in_arrears_on_date": "nan"
			},
			"payment": {
				"state": "Paid"
			},
			"price_grade": "5",
			"currency": "EUR",
			"face_value": {
				"amount": "4000.0",
				"amount_gbp": "3174.4"
			},
			"outstanding_principal": {
				"amount": "0.0",
				"amount_gbp": "0.0"
			},
			"crystalised_loss": {
				"amount": "nan",
				"date": "nan"
			},
			"gross_yield": {
				"annualised": "11.88184119551574"
			}
		}
	}
}]
