
    <loan>
        <seller>
            <id>1291</id>
        </seller>
        <trade id="10123" type="Standard">
            <advance>
                <date>2014-10-06</date>
                <amount>41415.82</amount>
                <amount_gbp>41415.82</amount_gbp>
                <percentage>80.0</percentage>
            </advance>
            <discount>
                <percentage>1.0</percentage>
                <on>Facevalue</on>
            </discount>
            <expected_payment_date>2014-10-30 00:00:00 +0000</expected_payment_date>
            <settlement_date>2014-10-13</settlement_date>
            <arrears>
                <in_arrears>No</in_arrears>
                <in_arrears_on_date>nan</in_arrears_on_date>
            </arrears>
            <payment>
                <state>Paid</state>
            </payment>
            <price_grade>7</price_grade>
            <currency>GBP</currency>
            <face_value>
                <amount>51769.79</amount>
                <amount_gbp>51769.79</amount_gbp>
            </face_value>
            <outstanding_principal>
                <amount>0.0</amount>
                <amount_gbp>0.0</amount_gbp>
            </outstanding_principal>
            <crystalised_loss>
                <amount>nan</amount>
                <date>nan</date>
            </crystalised_loss>
            <gross_yield>
                <annualised>16.075451772299807</annualised>
            </gross_yield>
        </trade>
    </loan>
    
