
    <loan>
        <seller>
            <id>9350</id>
        </seller>
        <trade id="10645" type="Standard">
            <advance>
                <date>2014-11-17</date>
                <amount>45360.0</amount>
                <amount_gbp>45360.0</amount_gbp>
                <percentage>70.0</percentage>
            </advance>
            <discount>
                <percentage>1.3</percentage>
                <on>Facevalue</on>
            </discount>
            <expected_payment_date>2015-01-06 00:00:00 +0000</expected_payment_date>
            <settlement_date>2014-11-28</settlement_date>
            <arrears>
                <in_arrears>No</in_arrears>
                <in_arrears_on_date>nan</in_arrears_on_date>
            </arrears>
            <payment>
                <state>Paid</state>
            </payment>
            <price_grade>9</price_grade>
            <currency>GBP</currency>
            <face_value>
                <amount>64800.0</amount>
                <amount_gbp>64800.0</amount_gbp>
            </face_value>
            <outstanding_principal>
                <amount>0.0</amount>
                <amount_gbp>0.0</amount_gbp>
            </outstanding_principal>
            <crystalised_loss>
                <amount>nan</amount>
                <date>nan</date>
            </crystalised_loss>
            <gross_yield>
                <annualised>24.604119325578665</annualised>
            </gross_yield>
        </trade>
    </loan>
    
