
    <loan>
        <seller>
            <id>4727</id>
        </seller>
        <trade id="11003" type="Standard">
            <advance>
                <date>2014-12-09</date>
                <amount>15554.62</amount>
                <amount_gbp>15554.62</amount_gbp>
                <percentage>80.0</percentage>
            </advance>
            <discount>
                <percentage>1.1</percentage>
                <on>Facevalue</on>
            </discount>
            <expected_payment_date>2015-01-14 00:00:00 +0000</expected_payment_date>
            <settlement_date>2014-12-24</settlement_date>
            <arrears>
                <in_arrears>No</in_arrears>
                <in_arrears_on_date>nan</in_arrears_on_date>
            </arrears>
            <payment>
                <state>Paid</state>
            </payment>
            <price_grade>7</price_grade>
            <currency>GBP</currency>
            <face_value>
                <amount>19443.3</amount>
                <amount_gbp>19443.3</amount_gbp>
            </face_value>
            <outstanding_principal>
                <amount>0.0</amount>
                <amount_gbp>0.0</amount_gbp>
            </outstanding_principal>
            <crystalised_loss>
                <amount>nan</amount>
                <date>nan</date>
            </crystalised_loss>
            <gross_yield>
                <annualised>17.73710637049424</annualised>
            </gross_yield>
        </trade>
    </loan>
    
