
    <loan>
        <seller>
            <id>1157</id>
        </seller>
        <trade id="1145" type="Standard">
            <advance>
                <date>2013-05-22</date>
                <amount>49091.75</amount>
                <amount_gbp>49091.75</amount_gbp>
                <percentage>85.0</percentage>
            </advance>
            <discount>
                <percentage>1.5</percentage>
                <on>Facevalue</on>
            </discount>
            <expected_payment_date>2013-08-30 00:00:00 +0000</expected_payment_date>
            <settlement_date>2013-08-07</settlement_date>
            <arrears>
                <in_arrears>No</in_arrears>
                <in_arrears_on_date>nan</in_arrears_on_date>
            </arrears>
            <payment>
                <state>Paid</state>
            </payment>
            <price_grade>9</price_grade>
            <currency>GBP</currency>
            <face_value>
                <amount>57755.0</amount>
                <amount_gbp>57755.0</amount_gbp>
            </face_value>
            <outstanding_principal>
                <amount>0.0</amount>
                <amount_gbp>0.0</amount_gbp>
            </outstanding_principal>
            <crystalised_loss>
                <amount>nan</amount>
                <date>nan</date>
            </crystalised_loss>
            <gross_yield>
                <annualised>23.2892411958175</annualised>
            </gross_yield>
        </trade>
    </loan>
    
