
    <loan>
        <seller>
            <id>126</id>
        </seller>
        <trade id="1151" type="Standard">
            <advance>
                <date>2013-05-08</date>
                <amount>25704.0</amount>
                <amount_gbp>25704.0</amount_gbp>
                <percentage>80.0</percentage>
            </advance>
            <discount>
                <percentage>0.81</percentage>
                <on>Facevalue</on>
            </discount>
            <expected_payment_date>2013-05-29 00:00:00 +0000</expected_payment_date>
            <settlement_date>2013-05-30</settlement_date>
            <arrears>
                <in_arrears>No</in_arrears>
                <in_arrears_on_date>nan</in_arrears_on_date>
            </arrears>
            <payment>
                <state>Paid</state>
            </payment>
            <price_grade>5</price_grade>
            <currency>GBP</currency>
            <face_value>
                <amount>32130.0</amount>
                <amount_gbp>32130.0</amount_gbp>
            </face_value>
            <outstanding_principal>
                <amount>0.0</amount>
                <amount_gbp>0.0</amount_gbp>
            </outstanding_principal>
            <crystalised_loss>
                <amount>nan</amount>
                <date>nan</date>
            </crystalised_loss>
            <gross_yield>
                <annualised>12.816456143923528</annualised>
            </gross_yield>
        </trade>
    </loan>
    
