
    <loan>
        <seller>
            <id>8283</id>
        </seller>
        <trade id="11567" type="Standard">
            <advance>
                <date>2015-01-27</date>
                <amount>5416.2</amount>
                <amount_gbp>5416.2</amount_gbp>
                <percentage>85.0</percentage>
            </advance>
            <discount>
                <percentage>0.8</percentage>
                <on>Facevalue</on>
            </discount>
            <expected_payment_date>2015-03-06 00:00:00 +0000</expected_payment_date>
            <settlement_date>2015-03-12</settlement_date>
            <arrears>
                <in_arrears>No</in_arrears>
                <in_arrears_on_date>nan</in_arrears_on_date>
            </arrears>
            <payment>
                <state>Repurchased</state>
            </payment>
            <price_grade>5</price_grade>
            <currency>GBP</currency>
            <face_value>
                <amount>6372.0</amount>
                <amount_gbp>6372.0</amount_gbp>
            </face_value>
            <outstanding_principal>
                <amount>0.0</amount>
                <amount_gbp>0.0</amount_gbp>
            </outstanding_principal>
            <crystalised_loss>
                <amount>nan</amount>
                <date>nan</date>
            </crystalised_loss>
            <gross_yield>
                <annualised>11.88184119551574</annualised>
            </gross_yield>
        </trade>
    </loan>
    
