
    <loan>
        <seller>
            <id>2399</id>
        </seller>
        <trade id="11765" type="Standard">
            <advance>
                <date>2015-02-06</date>
                <amount>28404.0</amount>
                <amount_gbp>28404.0</amount_gbp>
                <percentage>90.0</percentage>
            </advance>
            <discount>
                <percentage>0.55</percentage>
                <on>Facevalue</on>
            </discount>
            <expected_payment_date>2015-03-19 00:00:00 +0000</expected_payment_date>
            <settlement_date>2015-03-27</settlement_date>
            <arrears>
                <in_arrears>No</in_arrears>
                <in_arrears_on_date>nan</in_arrears_on_date>
            </arrears>
            <payment>
                <state>Paid</state>
            </payment>
            <price_grade>2</price_grade>
            <currency>GBP</currency>
            <face_value>
                <amount>31560.0</amount>
                <amount_gbp>31560.0</amount_gbp>
            </face_value>
            <outstanding_principal>
                <amount>0.0</amount>
                <amount_gbp>0.0</amount_gbp>
            </outstanding_principal>
            <crystalised_loss>
                <amount>nan</amount>
                <date>nan</date>
            </crystalised_loss>
            <gross_yield>
                <annualised>7.570648792618684</annualised>
            </gross_yield>
        </trade>
    </loan>
    
