
    <loan>
        <seller>
            <id>414</id>
        </seller>
        <trade id="1186" type="Standard">
            <advance>
                <date>2013-05-23</date>
                <amount>33590.15</amount>
                <amount_gbp>33590.15</amount_gbp>
                <percentage>90.0</percentage>
            </advance>
            <discount>
                <percentage>0.75</percentage>
                <on>Facevalue</on>
            </discount>
            <expected_payment_date>2013-06-20 00:00:00 +0000</expected_payment_date>
            <settlement_date>2013-05-28</settlement_date>
            <arrears>
                <in_arrears>No</in_arrears>
                <in_arrears_on_date>nan</in_arrears_on_date>
            </arrears>
            <payment>
                <state>Paid</state>
            </payment>
            <price_grade>4</price_grade>
            <currency>GBP</currency>
            <face_value>
                <amount>37322.4</amount>
                <amount_gbp>37322.4</amount_gbp>
            </face_value>
            <outstanding_principal>
                <amount>0.0</amount>
                <amount_gbp>0.0</amount_gbp>
            </outstanding_principal>
            <crystalised_loss>
                <amount>nan</amount>
                <date>nan</date>
            </crystalised_loss>
            <gross_yield>
                <annualised>10.427491382834429</annualised>
            </gross_yield>
        </trade>
    </loan>
    
