
    <loan>
        <seller>
            <id>8290</id>
        </seller>
        <trade id="13166" type="Standard">
            <advance>
                <date>2015-03-06</date>
                <amount>36177.7</amount>
                <amount_gbp>26120.2994</amount_gbp>
                <percentage>85.0</percentage>
            </advance>
            <discount>
                <percentage>0.8</percentage>
                <on>Facevalue</on>
            </discount>
            <expected_payment_date>2015-05-06 00:00:00 +0000</expected_payment_date>
            <settlement_date>2015-04-30</settlement_date>
            <arrears>
                <in_arrears>No</in_arrears>
                <in_arrears_on_date>nan</in_arrears_on_date>
            </arrears>
            <payment>
                <state>Paid</state>
            </payment>
            <price_grade>5</price_grade>
            <currency>EUR</currency>
            <face_value>
                <amount>42562.0</amount>
                <amount_gbp>30729.764</amount_gbp>
            </face_value>
            <outstanding_principal>
                <amount>0.0</amount>
                <amount_gbp>0.0</amount_gbp>
            </outstanding_principal>
            <crystalised_loss>
                <amount>nan</amount>
                <date>nan</date>
            </crystalised_loss>
            <gross_yield>
                <annualised>11.88184119551574</annualised>
            </gross_yield>
        </trade>
    </loan>
    
