
    <loan>
        <seller>
            <id>173</id>
        </seller>
        <trade id="13172" type="Standard">
            <advance>
                <date>2015-03-09</date>
                <amount>55488.61</amount>
                <amount_gbp>39874.1151</amount_gbp>
                <percentage>90.0</percentage>
            </advance>
            <discount>
                <percentage>0.75</percentage>
                <on>Facevalue</on>
            </discount>
            <expected_payment_date>2015-04-06 00:00:00 +0000</expected_payment_date>
            <settlement_date>2015-04-08</settlement_date>
            <arrears>
                <in_arrears>No</in_arrears>
                <in_arrears_on_date>nan</in_arrears_on_date>
            </arrears>
            <payment>
                <state>Paid</state>
            </payment>
            <price_grade>4</price_grade>
            <currency>EUR</currency>
            <face_value>
                <amount>61654.0</amount>
                <amount_gbp>44304.5644</amount_gbp>
            </face_value>
            <outstanding_principal>
                <amount>0.0</amount>
                <amount_gbp>0.0</amount_gbp>
            </outstanding_principal>
            <crystalised_loss>
                <amount>nan</amount>
                <date>nan</date>
            </crystalised_loss>
            <gross_yield>
                <annualised>10.427491382834429</annualised>
            </gross_yield>
        </trade>
    </loan>
    
