
    <loan>
        <seller>
            <id>11367</id>
        </seller>
        <trade id="13358" type="MultiDebtor">
            <advance>
                <date>2015-03-20</date>
                <amount>4223.71</amount>
                <amount_gbp>4223.71</amount_gbp>
                <percentage>65.0</percentage>
            </advance>
            <discount>
                <percentage>1.33</percentage>
                <on>Facevalue</on>
            </discount>
            <expected_payment_date>2015-05-18 00:00:00 +0000</expected_payment_date>
            <settlement_date>2015-05-11</settlement_date>
            <arrears>
                <in_arrears>No</in_arrears>
                <in_arrears_on_date>nan</in_arrears_on_date>
            </arrears>
            <payment>
                <state>Paid</state>
            </payment>
            <price_grade>9</price_grade>
            <currency>GBP</currency>
            <face_value>
                <amount>6498.0</amount>
                <amount_gbp>6498.0</amount_gbp>
            </face_value>
            <outstanding_principal>
                <amount>0.0</amount>
                <amount_gbp>0.0</amount_gbp>
            </outstanding_principal>
            <crystalised_loss>
                <amount>nan</amount>
                <date>nan</date>
            </crystalised_loss>
            <gross_yield>
                <annualised>27.42228806656744</annualised>
            </gross_yield>
        </trade>
    </loan>
    
