
    <loan>
        <seller>
            <id>10737</id>
        </seller>
        <trade id="13364" type="Standard">
            <advance>
                <date>2015-03-18</date>
                <amount>25200.0</amount>
                <amount_gbp>25200.0</amount_gbp>
                <percentage>70.0</percentage>
            </advance>
            <discount>
                <percentage>1.2</percentage>
                <on>Facevalue</on>
            </discount>
            <expected_payment_date>2015-04-17 00:00:00 +0000</expected_payment_date>
            <settlement_date>2015-04-16</settlement_date>
            <arrears>
                <in_arrears>No</in_arrears>
                <in_arrears_on_date>nan</in_arrears_on_date>
            </arrears>
            <payment>
                <state>Paid</state>
            </payment>
            <price_grade>9</price_grade>
            <currency>GBP</currency>
            <face_value>
                <amount>36000.0</amount>
                <amount_gbp>36000.0</amount_gbp>
            </face_value>
            <outstanding_principal>
                <amount>0.0</amount>
                <amount_gbp>0.0</amount_gbp>
            </outstanding_principal>
            <crystalised_loss>
                <amount>nan</amount>
                <date>nan</date>
            </crystalised_loss>
            <gross_yield>
                <annualised>22.564261214267802</annualised>
            </gross_yield>
        </trade>
    </loan>
    
