
    <loan>
        <seller>
            <id>8539</id>
        </seller>
        <trade id="13827" type="Standard">
            <advance>
                <date>2015-04-10</date>
                <amount>7600.0</amount>
                <amount_gbp>7600.0</amount_gbp>
                <percentage>80.0</percentage>
            </advance>
            <discount>
                <percentage>0.9</percentage>
                <on>Facevalue</on>
            </discount>
            <expected_payment_date>2015-06-17 00:00:00 +0000</expected_payment_date>
            <settlement_date>2015-05-29</settlement_date>
            <arrears>
                <in_arrears>No</in_arrears>
                <in_arrears_on_date>nan</in_arrears_on_date>
            </arrears>
            <payment>
                <state>Paid</state>
            </payment>
            <price_grade>6</price_grade>
            <currency>GBP</currency>
            <face_value>
                <amount>9500.0</amount>
                <amount_gbp>9500.0</amount_gbp>
            </face_value>
            <outstanding_principal>
                <amount>0.0</amount>
                <amount_gbp>0.0</amount_gbp>
            </outstanding_principal>
            <crystalised_loss>
                <amount>nan</amount>
                <date>nan</date>
            </crystalised_loss>
            <gross_yield>
                <annualised>14.299605449973862</annualised>
            </gross_yield>
        </trade>
    </loan>
    
