
    <loan>
        <seller>
            <id>597</id>
        </seller>
        <trade id="1390" type="Standard">
            <advance>
                <date>2013-07-18</date>
                <amount>84532.52</amount>
                <amount_gbp>84532.52</amount_gbp>
                <percentage>85.0</percentage>
            </advance>
            <discount>
                <percentage>1.0</percentage>
                <on>Facevalue</on>
            </discount>
            <expected_payment_date>2013-08-12 00:00:00 +0000</expected_payment_date>
            <settlement_date>2013-07-31</settlement_date>
            <arrears>
                <in_arrears>No</in_arrears>
                <in_arrears_on_date>nan</in_arrears_on_date>
            </arrears>
            <payment>
                <state>Paid</state>
            </payment>
            <price_grade>6</price_grade>
            <currency>GBP</currency>
            <face_value>
                <amount>99450.0</amount>
                <amount_gbp>99450.0</amount_gbp>
            </face_value>
            <outstanding_principal>
                <amount>0.0</amount>
                <amount_gbp>0.0</amount_gbp>
            </outstanding_principal>
            <crystalised_loss>
                <amount>nan</amount>
                <date>nan</date>
            </crystalised_loss>
            <gross_yield>
                <annualised>14.979654663773092</annualised>
            </gross_yield>
        </trade>
    </loan>
    
