
    <loan>
        <seller>
            <id>13682</id>
        </seller>
        <trade id="14147" type="Standard">
            <advance>
                <date>2015-04-29</date>
                <amount>74970.0</amount>
                <amount_gbp>74970.0</amount_gbp>
                <percentage>85.0</percentage>
            </advance>
            <discount>
                <percentage>1.4</percentage>
                <on>Advance</on>
            </discount>
            <expected_payment_date>2015-06-12 00:00:00 +0000</expected_payment_date>
            <settlement_date>2015-06-24</settlement_date>
            <arrears>
                <in_arrears>No</in_arrears>
                <in_arrears_on_date>nan</in_arrears_on_date>
            </arrears>
            <payment>
                <state>Paid</state>
            </payment>
            <price_grade>8</price_grade>
            <currency>GBP</currency>
            <face_value>
                <amount>88200.0</amount>
                <amount_gbp>88200.0</amount_gbp>
            </face_value>
            <outstanding_principal>
                <amount>0.0</amount>
                <amount_gbp>0.0</amount_gbp>
            </outstanding_principal>
            <crystalised_loss>
                <amount>nan</amount>
                <date>nan</date>
            </crystalised_loss>
            <gross_yield>
                <annualised>18.1559128918122</annualised>
            </gross_yield>
        </trade>
    </loan>
    
