
    <loan>
        <seller>
            <id>1010</id>
        </seller>
        <trade id="14345" type="Standard">
            <advance>
                <date>2015-05-08</date>
                <amount>90270.0</amount>
                <amount_gbp>65716.56</amount_gbp>
                <percentage>90.0</percentage>
            </advance>
            <discount>
                <percentage>0.9</percentage>
                <on>Advance</on>
            </discount>
            <expected_payment_date>2015-05-31 00:00:00 +0000</expected_payment_date>
            <settlement_date>2015-05-14</settlement_date>
            <arrears>
                <in_arrears>No</in_arrears>
                <in_arrears_on_date>nan</in_arrears_on_date>
            </arrears>
            <payment>
                <state>Paid</state>
            </payment>
            <price_grade>5</price_grade>
            <currency>EUR</currency>
            <face_value>
                <amount>100300.0</amount>
                <amount_gbp>73018.4</amount_gbp>
            </face_value>
            <outstanding_principal>
                <amount>0.0</amount>
                <amount_gbp>0.0</amount_gbp>
            </outstanding_principal>
            <crystalised_loss>
                <amount>nan</amount>
                <date>nan</date>
            </crystalised_loss>
            <gross_yield>
                <annualised>11.350967495666751</annualised>
            </gross_yield>
        </trade>
    </loan>
    
