
    <loan>
        <seller>
            <id>8211</id>
        </seller>
        <trade id="14806" type="Standard">
            <advance>
                <date>2015-06-01</date>
                <amount>37241.4</amount>
                <amount_gbp>37241.4</amount_gbp>
                <percentage>55.0</percentage>
            </advance>
            <discount>
                <percentage>0.9</percentage>
                <on>Advance</on>
            </discount>
            <expected_payment_date>2015-08-11 00:00:00 +0000</expected_payment_date>
            <settlement_date>2015-08-11</settlement_date>
            <arrears>
                <in_arrears>No</in_arrears>
                <in_arrears_on_date>nan</in_arrears_on_date>
            </arrears>
            <payment>
                <state>Paid</state>
            </payment>
            <price_grade>6</price_grade>
            <currency>GBP</currency>
            <face_value>
                <amount>67711.65</amount>
                <amount_gbp>67711.65</amount_gbp>
            </face_value>
            <outstanding_principal>
                <amount>0.0</amount>
                <amount_gbp>0.0</amount_gbp>
            </outstanding_principal>
            <crystalised_loss>
                <amount>nan</amount>
                <date>nan</date>
            </crystalised_loss>
            <gross_yield>
                <annualised>11.350967495666751</annualised>
            </gross_yield>
        </trade>
    </loan>
    
