
    <loan>
        <seller>
            <id>21</id>
        </seller>
        <trade id="162" type="Standard">
            <advance>
                <date>2011-10-19</date>
                <amount>26309.584</amount>
                <amount_gbp>26309.584</amount_gbp>
                <percentage>80.0</percentage>
            </advance>
            <discount>
                <percentage>1.5</percentage>
                <on>Facevalue</on>
            </discount>
            <expected_payment_date>2011-11-15 00:00:00 +0000</expected_payment_date>
            <settlement_date>2011-11-11</settlement_date>
            <arrears>
                <in_arrears>No</in_arrears>
                <in_arrears_on_date>nan</in_arrears_on_date>
            </arrears>
            <payment>
                <state>Paid</state>
            </payment>
            <price_grade>9</price_grade>
            <currency>GBP</currency>
            <face_value>
                <amount>32886.98</amount>
                <amount_gbp>32886.98</amount_gbp>
            </face_value>
            <outstanding_principal>
                <amount>0.0</amount>
                <amount_gbp>0.0</amount_gbp>
            </outstanding_principal>
            <crystalised_loss>
                <amount>nan</amount>
                <date>nan</date>
            </crystalised_loss>
            <gross_yield>
                <annualised>24.89805460062353</annualised>
            </gross_yield>
        </trade>
    </loan>
    
