
    <loan>
        <seller>
            <id>2218</id>
        </seller>
        <trade id="16585" type="MultiDebtor">
            <advance>
                <date>2015-08-07</date>
                <amount>87709.06</amount>
                <amount_gbp>87709.06</amount_gbp>
                <percentage>90.0</percentage>
            </advance>
            <discount>
                <percentage>0.85</percentage>
                <on>Advance</on>
            </discount>
            <expected_payment_date>2015-09-30 00:00:00 +0000</expected_payment_date>
            <settlement_date>2015-10-26</settlement_date>
            <arrears>
                <in_arrears>No</in_arrears>
                <in_arrears_on_date>nan</in_arrears_on_date>
            </arrears>
            <payment>
                <state>Repurchased</state>
            </payment>
            <price_grade>4</price_grade>
            <currency>GBP</currency>
            <face_value>
                <amount>97454.5</amount>
                <amount_gbp>97454.5</amount_gbp>
            </face_value>
            <outstanding_principal>
                <amount>0.0</amount>
                <amount_gbp>0.0</amount_gbp>
            </outstanding_principal>
            <crystalised_loss>
                <amount>nan</amount>
                <date>nan</date>
            </crystalised_loss>
            <gross_yield>
                <annualised>10.690622692343618</annualised>
            </gross_yield>
        </trade>
    </loan>
    
