
    <loan>
        <seller>
            <id>13779</id>
        </seller>
        <trade id="16750" type="Standard">
            <advance>
                <date>2015-08-17</date>
                <amount>7650.0</amount>
                <amount_gbp>7650.0</amount_gbp>
                <percentage>85.0</percentage>
            </advance>
            <discount>
                <percentage>0.55</percentage>
                <on>Advance</on>
            </discount>
            <expected_payment_date>2015-09-17 00:00:00 +0000</expected_payment_date>
            <settlement_date>2015-08-21</settlement_date>
            <arrears>
                <in_arrears>No</in_arrears>
                <in_arrears_on_date>nan</in_arrears_on_date>
            </arrears>
            <payment>
                <state>Paid</state>
            </payment>
            <price_grade>1</price_grade>
            <currency>GBP</currency>
            <face_value>
                <amount>9000.0</amount>
                <amount_gbp>9000.0</amount_gbp>
            </face_value>
            <outstanding_principal>
                <amount>0.0</amount>
                <amount_gbp>0.0</amount_gbp>
            </outstanding_principal>
            <crystalised_loss>
                <amount>nan</amount>
                <date>nan</date>
            </crystalised_loss>
            <gross_yield>
                <annualised>6.803355946764843</annualised>
            </gross_yield>
        </trade>
    </loan>
    
