
    <loan>
        <seller>
            <id>14152</id>
        </seller>
        <trade id="16778" type="MultiDebtor">
            <advance>
                <date>2015-08-18</date>
                <amount>9845.7</amount>
                <amount_gbp>9845.7</amount_gbp>
                <percentage>65.0</percentage>
            </advance>
            <discount>
                <percentage>0.96</percentage>
                <on>Advance</on>
            </discount>
            <expected_payment_date>2015-11-13 00:00:00 +0000</expected_payment_date>
            <settlement_date>2015-10-26</settlement_date>
            <arrears>
                <in_arrears>No</in_arrears>
                <in_arrears_on_date>nan</in_arrears_on_date>
            </arrears>
            <payment>
                <state>Paid</state>
            </payment>
            <price_grade>6</price_grade>
            <currency>GBP</currency>
            <face_value>
                <amount>15147.26</amount>
                <amount_gbp>15147.26</amount_gbp>
            </face_value>
            <outstanding_principal>
                <amount>0.0</amount>
                <amount_gbp>0.0</amount_gbp>
            </outstanding_principal>
            <crystalised_loss>
                <amount>nan</amount>
                <date>nan</date>
            </crystalised_loss>
            <gross_yield>
                <annualised>12.148147149224586</annualised>
            </gross_yield>
        </trade>
    </loan>
    
