
    <loan>
        <seller>
            <id>9892</id>
        </seller>
        <trade id="16988" type="Standard">
            <advance>
                <date>2015-08-21</date>
                <amount>18200.0</amount>
                <amount_gbp>18200.0</amount_gbp>
                <percentage>80.0</percentage>
            </advance>
            <discount>
                <percentage>1.1</percentage>
                <on>Advance</on>
            </discount>
            <expected_payment_date>2015-09-11 00:00:00 +0000</expected_payment_date>
            <settlement_date>2015-09-04</settlement_date>
            <arrears>
                <in_arrears>No</in_arrears>
                <in_arrears_on_date>nan</in_arrears_on_date>
            </arrears>
            <payment>
                <state>Paid</state>
            </payment>
            <price_grade>7</price_grade>
            <currency>GBP</currency>
            <face_value>
                <amount>22750.0</amount>
                <amount_gbp>22750.0</amount_gbp>
            </face_value>
            <outstanding_principal>
                <amount>0.0</amount>
                <amount_gbp>0.0</amount_gbp>
            </outstanding_principal>
            <crystalised_loss>
                <amount>nan</amount>
                <date>nan</date>
            </crystalised_loss>
            <gross_yield>
                <annualised>14.02861964998534</annualised>
            </gross_yield>
        </trade>
    </loan>
    
