
    <loan>
        <seller>
            <id>17713</id>
        </seller>
        <trade id="17843" type="LicenceFee">
            <advance>
                <date>2015-09-24</date>
                <amount>121500.0</amount>
                <amount_gbp>89752.05</amount_gbp>
                <percentage>75.0</percentage>
            </advance>
            <discount>
                <percentage>1.4</percentage>
                <on>Advance</on>
            </discount>
            <expected_payment_date>2016-09-16 00:00:00 +0000</expected_payment_date>
            <settlement_date>nan</settlement_date>
            <arrears>
                <in_arrears>Yes</in_arrears>
                <in_arrears_on_date>2016-07-27</in_arrears_on_date>
            </arrears>
            <payment>
                <state>Repurchase Demanded</state>
            </payment>
            <price_grade>8</price_grade>
            <currency>EUR</currency>
            <face_value>
                <amount>162000.0</amount>
                <amount_gbp>119669.4</amount_gbp>
            </face_value>
            <outstanding_principal>
                <amount>13500.0</amount>
                <amount_gbp>9972.45</amount_gbp>
            </outstanding_principal>
            <crystalised_loss>
                <amount>Yes</amount>
                <date>2017-02-24</date>
            </crystalised_loss>
            <gross_yield>
                <annualised>18.1559128918122</annualised>
            </gross_yield>
        </trade>
    </loan>
    
