
    <loan>
        <seller>
            <id>17151</id>
        </seller>
        <trade id="17857" type="MultiDebtor">
            <advance>
                <date>2015-10-01</date>
                <amount>9711.63</amount>
                <amount_gbp>9711.63</amount_gbp>
                <percentage>85.0</percentage>
            </advance>
            <discount>
                <percentage>0.62</percentage>
                <on>Advance</on>
            </discount>
            <expected_payment_date>2015-12-04 00:00:00 +0000</expected_payment_date>
            <settlement_date>2015-12-02</settlement_date>
            <arrears>
                <in_arrears>No</in_arrears>
                <in_arrears_on_date>nan</in_arrears_on_date>
            </arrears>
            <payment>
                <state>Paid</state>
            </payment>
            <price_grade>2</price_grade>
            <currency>GBP</currency>
            <face_value>
                <amount>11425.47</amount>
                <amount_gbp>11425.47</amount_gbp>
            </face_value>
            <outstanding_principal>
                <amount>0.0</amount>
                <amount_gbp>0.0</amount_gbp>
            </outstanding_principal>
            <crystalised_loss>
                <amount>nan</amount>
                <date>nan</date>
            </crystalised_loss>
            <gross_yield>
                <annualised>7.699021089716719</annualised>
            </gross_yield>
        </trade>
    </loan>
    
