
    <loan>
        <seller>
            <id>9190</id>
        </seller>
        <trade id="18219" type="Standard">
            <advance>
                <date>2015-10-05</date>
                <amount>50000.0</amount>
                <amount_gbp>32938.7682</amount_gbp>
                <percentage>50.0</percentage>
            </advance>
            <discount>
                <percentage>0.9</percentage>
                <on>Advance</on>
            </discount>
            <expected_payment_date>2015-11-02 00:00:00 +0000</expected_payment_date>
            <settlement_date>2015-10-29</settlement_date>
            <arrears>
                <in_arrears>No</in_arrears>
                <in_arrears_on_date>nan</in_arrears_on_date>
            </arrears>
            <payment>
                <state>Paid</state>
            </payment>
            <price_grade>6</price_grade>
            <currency>USD</currency>
            <face_value>
                <amount>100000.0</amount>
                <amount_gbp>65877.5364</amount_gbp>
            </face_value>
            <outstanding_principal>
                <amount>0.0</amount>
                <amount_gbp>0.0</amount_gbp>
            </outstanding_principal>
            <crystalised_loss>
                <amount>nan</amount>
                <date>nan</date>
            </crystalised_loss>
            <gross_yield>
                <annualised>11.350967495666751</annualised>
            </gross_yield>
        </trade>
    </loan>
    
