
    <loan>
        <seller>
            <id>134</id>
        </seller>
        <trade id="189" type="Standard">
            <advance>
                <date>2011-12-06</date>
                <amount>16651.5</amount>
                <amount_gbp>16651.5</amount_gbp>
                <percentage>85.0</percentage>
            </advance>
            <discount>
                <percentage>1.5</percentage>
                <on>Facevalue</on>
            </discount>
            <expected_payment_date>2012-01-16 00:00:00 +0000</expected_payment_date>
            <settlement_date>2012-04-25</settlement_date>
            <arrears>
                <in_arrears>Yes</in_arrears>
                <in_arrears_on_date>2012-03-16</in_arrears_on_date>
            </arrears>
            <payment>
                <state>Paid</state>
            </payment>
            <price_grade>9</price_grade>
            <currency>GBP</currency>
            <face_value>
                <amount>19590.0</amount>
                <amount_gbp>19590.0</amount_gbp>
            </face_value>
            <outstanding_principal>
                <amount>0.0</amount>
                <amount_gbp>0.0</amount_gbp>
            </outstanding_principal>
            <crystalised_loss>
                <amount>Yes</amount>
                <date>2012-04-25</date>
            </crystalised_loss>
            <gross_yield>
                <annualised>23.2892411958175</annualised>
            </gross_yield>
        </trade>
    </loan>
    
