
    <loan>
        <seller>
            <id>14152</id>
        </seller>
        <trade id="19113" type="MultiDebtor">
            <advance>
                <date>2015-10-28</date>
                <amount>5572.8</amount>
                <amount_gbp>5572.8</amount_gbp>
                <percentage>75.0</percentage>
            </advance>
            <discount>
                <percentage>1.06</percentage>
                <on>Advance</on>
            </discount>
            <expected_payment_date>2016-01-15 00:00:00 +0000</expected_payment_date>
            <settlement_date>2016-01-12</settlement_date>
            <arrears>
                <in_arrears>No</in_arrears>
                <in_arrears_on_date>nan</in_arrears_on_date>
            </arrears>
            <payment>
                <state>Repurchased</state>
            </payment>
            <price_grade>6</price_grade>
            <currency>GBP</currency>
            <face_value>
                <amount>7430.4</amount>
                <amount_gbp>7430.4</amount_gbp>
            </face_value>
            <outstanding_principal>
                <amount>0.0</amount>
                <amount_gbp>0.0</amount_gbp>
            </outstanding_principal>
            <crystalised_loss>
                <amount>nan</amount>
                <date>nan</date>
            </crystalised_loss>
            <gross_yield>
                <annualised>13.488414009111672</annualised>
            </gross_yield>
        </trade>
    </loan>
    
