
    <loan>
        <seller>
            <id>4727</id>
        </seller>
        <trade id="19463" type="Standard">
            <advance>
                <date>2015-11-05</date>
                <amount>10887.12</amount>
                <amount_gbp>10887.12</amount_gbp>
                <percentage>80.0</percentage>
            </advance>
            <discount>
                <percentage>0.55</percentage>
                <on>Advance</on>
            </discount>
            <expected_payment_date>2015-12-17 00:00:00 +0000</expected_payment_date>
            <settlement_date>2015-11-27</settlement_date>
            <arrears>
                <in_arrears>No</in_arrears>
                <in_arrears_on_date>nan</in_arrears_on_date>
            </arrears>
            <payment>
                <state>Paid</state>
            </payment>
            <price_grade>1</price_grade>
            <currency>GBP</currency>
            <face_value>
                <amount>13608.88</amount>
                <amount_gbp>13608.88</amount_gbp>
            </face_value>
            <outstanding_principal>
                <amount>0.0</amount>
                <amount_gbp>0.0</amount_gbp>
            </outstanding_principal>
            <crystalised_loss>
                <amount>nan</amount>
                <date>nan</date>
            </crystalised_loss>
            <gross_yield>
                <annualised>6.803355946764843</annualised>
            </gross_yield>
        </trade>
    </loan>
    
