
    <loan>
        <seller>
            <id>996</id>
        </seller>
        <trade id="19661" type="Standard">
            <advance>
                <date>2015-11-09</date>
                <amount>55666.75</amount>
                <amount_gbp>39751.6261</amount_gbp>
                <percentage>85.0</percentage>
            </advance>
            <discount>
                <percentage>0.9</percentage>
                <on>Advance</on>
            </discount>
            <expected_payment_date>2015-12-25 00:00:00 +0000</expected_payment_date>
            <settlement_date>2015-12-11</settlement_date>
            <arrears>
                <in_arrears>No</in_arrears>
                <in_arrears_on_date>nan</in_arrears_on_date>
            </arrears>
            <payment>
                <state>Paid</state>
            </payment>
            <price_grade>5</price_grade>
            <currency>EUR</currency>
            <face_value>
                <amount>65490.29</amount>
                <amount_gbp>46766.6144</amount_gbp>
            </face_value>
            <outstanding_principal>
                <amount>0.0</amount>
                <amount_gbp>0.0</amount_gbp>
            </outstanding_principal>
            <crystalised_loss>
                <amount>nan</amount>
                <date>nan</date>
            </crystalised_loss>
            <gross_yield>
                <annualised>11.350967495666751</annualised>
            </gross_yield>
        </trade>
    </loan>
    
