
    <loan>
        <seller>
            <id>820</id>
        </seller>
        <trade id="19891" type="Standard">
            <advance>
                <date>2015-11-13</date>
                <amount>15306.71</amount>
                <amount_gbp>15306.71</amount_gbp>
                <percentage>90.0</percentage>
            </advance>
            <discount>
                <percentage>0.63</percentage>
                <on>Advance</on>
            </discount>
            <expected_payment_date>2015-12-11 00:00:00 +0000</expected_payment_date>
            <settlement_date>2015-11-20</settlement_date>
            <arrears>
                <in_arrears>No</in_arrears>
                <in_arrears_on_date>nan</in_arrears_on_date>
            </arrears>
            <payment>
                <state>Paid</state>
            </payment>
            <price_grade>2</price_grade>
            <currency>GBP</currency>
            <face_value>
                <amount>17007.46</amount>
                <amount_gbp>17007.46</amount_gbp>
            </face_value>
            <outstanding_principal>
                <amount>0.0</amount>
                <amount_gbp>0.0</amount_gbp>
            </outstanding_principal>
            <crystalised_loss>
                <amount>nan</amount>
                <date>nan</date>
            </crystalised_loss>
            <gross_yield>
                <annualised>7.82753380297514</annualised>
            </gross_yield>
        </trade>
    </loan>
    
