
    <loan>
        <seller>
            <id>919</id>
        </seller>
        <trade id="20745" type="MultiDebtor">
            <advance>
                <date>2015-12-04</date>
                <amount>7603.29</amount>
                <amount_gbp>7603.29</amount_gbp>
                <percentage>75.0</percentage>
            </advance>
            <discount>
                <percentage>1.2</percentage>
                <on>Advance</on>
            </discount>
            <expected_payment_date>2016-03-03 00:00:00 +0000</expected_payment_date>
            <settlement_date>2016-02-04</settlement_date>
            <arrears>
                <in_arrears>No</in_arrears>
                <in_arrears_on_date>nan</in_arrears_on_date>
            </arrears>
            <payment>
                <state>Repurchased</state>
            </payment>
            <price_grade>7</price_grade>
            <currency>GBP</currency>
            <face_value>
                <amount>10137.69</amount>
                <amount_gbp>10137.69</amount_gbp>
            </face_value>
            <outstanding_principal>
                <amount>0.0</amount>
                <amount_gbp>0.0</amount_gbp>
            </outstanding_principal>
            <crystalised_loss>
                <amount>nan</amount>
                <date>nan</date>
            </crystalised_loss>
            <gross_yield>
                <annualised>15.389462418258605</annualised>
            </gross_yield>
        </trade>
    </loan>
    
