
    <loan>
        <seller>
            <id>8887</id>
        </seller>
        <trade id="21103" type="PurchaseOrder">
            <advance>
                <date>2016-01-06</date>
                <amount>62380.8</amount>
                <amount_gbp>62380.8</amount_gbp>
                <percentage>27.36</percentage>
            </advance>
            <discount>
                <percentage>1.0</percentage>
                <on>Advance</on>
            </discount>
            <expected_payment_date>2016-03-31 00:00:00 +0000</expected_payment_date>
            <settlement_date>2016-01-14</settlement_date>
            <arrears>
                <in_arrears>No</in_arrears>
                <in_arrears_on_date>nan</in_arrears_on_date>
            </arrears>
            <payment>
                <state>Repurchased</state>
            </payment>
            <price_grade>6</price_grade>
            <currency>GBP</currency>
            <face_value>
                <amount>228000.0</amount>
                <amount_gbp>228000.0</amount_gbp>
            </face_value>
            <outstanding_principal>
                <amount>0.0</amount>
                <amount_gbp>0.0</amount_gbp>
            </outstanding_principal>
            <crystalised_loss>
                <amount>nan</amount>
                <date>nan</date>
            </crystalised_loss>
            <gross_yield>
                <annualised>12.682503013196976</annualised>
            </gross_yield>
        </trade>
    </loan>
    
