
    <loan>
        <seller>
            <id>8429</id>
        </seller>
        <trade id="21117" type="Standard">
            <advance>
                <date>2016-01-14</date>
                <amount>8418.6</amount>
                <amount_gbp>8418.6</amount_gbp>
                <percentage>90.0</percentage>
            </advance>
            <discount>
                <percentage>0.9</percentage>
                <on>Advance</on>
            </discount>
            <expected_payment_date>2016-02-12 00:00:00 +0000</expected_payment_date>
            <settlement_date>2016-03-03</settlement_date>
            <arrears>
                <in_arrears>No</in_arrears>
                <in_arrears_on_date>nan</in_arrears_on_date>
            </arrears>
            <payment>
                <state>Repurchased</state>
            </payment>
            <price_grade>5</price_grade>
            <currency>GBP</currency>
            <face_value>
                <amount>9354.0</amount>
                <amount_gbp>9354.0</amount_gbp>
            </face_value>
            <outstanding_principal>
                <amount>0.0</amount>
                <amount_gbp>0.0</amount_gbp>
            </outstanding_principal>
            <crystalised_loss>
                <amount>nan</amount>
                <date>nan</date>
            </crystalised_loss>
            <gross_yield>
                <annualised>11.350967495666751</annualised>
            </gross_yield>
        </trade>
    </loan>
    
