
    <loan>
        <seller>
            <id>10305</id>
        </seller>
        <trade id="22378" type="Standard">
            <advance>
                <date>2015-12-29</date>
                <amount>7082.72</amount>
                <amount_gbp>7082.72</amount_gbp>
                <percentage>80.0</percentage>
            </advance>
            <discount>
                <percentage>0.9</percentage>
                <on>Advance</on>
            </discount>
            <expected_payment_date>2016-03-11 00:00:00 +0000</expected_payment_date>
            <settlement_date>2016-04-01</settlement_date>
            <arrears>
                <in_arrears>Yes</in_arrears>
                <in_arrears_on_date>2016-02-16</in_arrears_on_date>
            </arrears>
            <payment>
                <state>Repurchased</state>
            </payment>
            <price_grade>5</price_grade>
            <currency>GBP</currency>
            <face_value>
                <amount>8853.42</amount>
                <amount_gbp>8853.42</amount_gbp>
            </face_value>
            <outstanding_principal>
                <amount>0.0</amount>
                <amount_gbp>0.0</amount_gbp>
            </outstanding_principal>
            <crystalised_loss>
                <amount>Yes</amount>
                <date>2016-04-02</date>
            </crystalised_loss>
            <gross_yield>
                <annualised>11.350967495666751</annualised>
            </gross_yield>
        </trade>
    </loan>
    
