
    <loan>
        <seller>
            <id>350</id>
        </seller>
        <trade id="23066" type="Standard">
            <advance>
                <date>2016-01-14</date>
                <amount>90882.01</amount>
                <amount_gbp>63157.699</amount_gbp>
                <percentage>85.0</percentage>
            </advance>
            <discount>
                <percentage>0.8</percentage>
                <on>Advance</on>
            </discount>
            <expected_payment_date>2016-02-15 00:00:00 +0000</expected_payment_date>
            <settlement_date>2016-02-01</settlement_date>
            <arrears>
                <in_arrears>No</in_arrears>
                <in_arrears_on_date>nan</in_arrears_on_date>
            </arrears>
            <payment>
                <state>Paid</state>
            </payment>
            <price_grade>4</price_grade>
            <currency>USD</currency>
            <face_value>
                <amount>106920.0</amount>
                <amount_gbp>74303.1671</amount_gbp>
            </face_value>
            <outstanding_principal>
                <amount>0.0</amount>
                <amount_gbp>0.0</amount_gbp>
            </outstanding_principal>
            <crystalised_loss>
                <amount>nan</amount>
                <date>nan</date>
            </crystalised_loss>
            <gross_yield>
                <annualised>10.033869371614637</annualised>
            </gross_yield>
        </trade>
    </loan>
    
