
    <loan>
        <seller>
            <id>13150</id>
        </seller>
        <trade id="26452" type="Standard">
            <advance>
                <date>2016-04-27</date>
                <amount>125958.18</amount>
                <amount_gbp>125958.18</amount_gbp>
                <percentage>85.0</percentage>
            </advance>
            <discount>
                <percentage>0.63</percentage>
                <on>Advance</on>
            </discount>
            <expected_payment_date>2016-06-06 00:00:00 +0000</expected_payment_date>
            <settlement_date>2016-05-26</settlement_date>
            <arrears>
                <in_arrears>No</in_arrears>
                <in_arrears_on_date>nan</in_arrears_on_date>
            </arrears>
            <payment>
                <state>Paid</state>
            </payment>
            <price_grade>2</price_grade>
            <currency>GBP</currency>
            <face_value>
                <amount>148186.11</amount>
                <amount_gbp>148186.11</amount_gbp>
            </face_value>
            <outstanding_principal>
                <amount>0.0</amount>
                <amount_gbp>0.0</amount_gbp>
            </outstanding_principal>
            <crystalised_loss>
                <amount>nan</amount>
                <date>nan</date>
            </crystalised_loss>
            <gross_yield>
                <annualised>7.82753380297514</annualised>
            </gross_yield>
        </trade>
    </loan>
    
