
    <loan>
        <seller>
            <id>9592</id>
        </seller>
        <trade id="26491" type="Standard">
            <advance>
                <date>2016-04-27</date>
                <amount>109212.6</amount>
                <amount_gbp>74853.5797</amount_gbp>
                <percentage>85.0</percentage>
            </advance>
            <discount>
                <percentage>1.2</percentage>
                <on>Advance</on>
            </discount>
            <expected_payment_date>2016-06-25 00:00:00 +0000</expected_payment_date>
            <settlement_date>2016-07-26</settlement_date>
            <arrears>
                <in_arrears>No</in_arrears>
                <in_arrears_on_date>nan</in_arrears_on_date>
            </arrears>
            <payment>
                <state>Repurchased</state>
            </payment>
            <price_grade>7</price_grade>
            <currency>USD</currency>
            <face_value>
                <amount>128485.41</amount>
                <amount_gbp>88063.0338</amount_gbp>
            </face_value>
            <outstanding_principal>
                <amount>0.0</amount>
                <amount_gbp>0.0</amount_gbp>
            </outstanding_principal>
            <crystalised_loss>
                <amount>nan</amount>
                <date>nan</date>
            </crystalised_loss>
            <gross_yield>
                <annualised>15.389462418258605</annualised>
            </gross_yield>
        </trade>
    </loan>
    
