
    <loan>
        <seller>
            <id>225</id>
        </seller>
        <trade id="2841" type="Standard">
            <advance>
                <date>2013-09-26</date>
                <amount>11277.13</amount>
                <amount_gbp>11277.13</amount_gbp>
                <percentage>85.0</percentage>
            </advance>
            <discount>
                <percentage>0.75</percentage>
                <on>Facevalue</on>
            </discount>
            <expected_payment_date>2013-10-31 00:00:00 +0000</expected_payment_date>
            <settlement_date>2013-11-15</settlement_date>
            <arrears>
                <in_arrears>No</in_arrears>
                <in_arrears_on_date>nan</in_arrears_on_date>
            </arrears>
            <payment>
                <state>Paid</state>
            </payment>
            <price_grade>4</price_grade>
            <currency>GBP</currency>
            <face_value>
                <amount>13267.2</amount>
                <amount_gbp>13267.2</amount_gbp>
            </face_value>
            <outstanding_principal>
                <amount>0.0</amount>
                <amount_gbp>0.0</amount_gbp>
            </outstanding_principal>
            <crystalised_loss>
                <amount>nan</amount>
                <date>nan</date>
            </crystalised_loss>
            <gross_yield>
                <annualised>11.08639745607627</annualised>
            </gross_yield>
        </trade>
    </loan>
    
