
    <loan>
        <seller>
            <id>1351</id>
        </seller>
        <trade id="2869" type="Standard">
            <advance>
                <date>2013-10-02</date>
                <amount>6441.6</amount>
                <amount_gbp>6441.6</amount_gbp>
                <percentage>80.0</percentage>
            </advance>
            <discount>
                <percentage>1.0</percentage>
                <on>Facevalue</on>
            </discount>
            <expected_payment_date>2013-11-19 00:00:00 +0000</expected_payment_date>
            <settlement_date>2013-10-11</settlement_date>
            <arrears>
                <in_arrears>No</in_arrears>
                <in_arrears_on_date>nan</in_arrears_on_date>
            </arrears>
            <payment>
                <state>Paid</state>
            </payment>
            <price_grade>6</price_grade>
            <currency>GBP</currency>
            <face_value>
                <amount>8052.0</amount>
                <amount_gbp>8052.0</amount_gbp>
            </face_value>
            <outstanding_principal>
                <amount>0.0</amount>
                <amount_gbp>0.0</amount_gbp>
            </outstanding_principal>
            <crystalised_loss>
                <amount>nan</amount>
                <date>nan</date>
            </crystalised_loss>
            <gross_yield>
                <annualised>16.075451772299807</annualised>
            </gross_yield>
        </trade>
    </loan>
    
