
    <loan>
        <seller>
            <id>17680</id>
        </seller>
        <trade id="28899" type="Standard">
            <advance>
                <date>2016-07-01</date>
                <amount>2284.59</amount>
                <amount_gbp>2284.59</amount_gbp>
                <percentage>85.0</percentage>
            </advance>
            <discount>
                <percentage>1.2</percentage>
                <on>Advance</on>
            </discount>
            <expected_payment_date>2016-07-31 00:00:00 +0000</expected_payment_date>
            <settlement_date>2016-07-15</settlement_date>
            <arrears>
                <in_arrears>No</in_arrears>
                <in_arrears_on_date>nan</in_arrears_on_date>
            </arrears>
            <payment>
                <state>Paid</state>
            </payment>
            <price_grade>7</price_grade>
            <currency>GBP</currency>
            <face_value>
                <amount>2687.72</amount>
                <amount_gbp>2687.72</amount_gbp>
            </face_value>
            <outstanding_principal>
                <amount>0.0</amount>
                <amount_gbp>0.0</amount_gbp>
            </outstanding_principal>
            <crystalised_loss>
                <amount>nan</amount>
                <date>nan</date>
            </crystalised_loss>
            <gross_yield>
                <annualised>15.389462418258605</annualised>
            </gross_yield>
        </trade>
    </loan>
    
