
    <loan>
        <seller>
            <id>10202</id>
        </seller>
        <trade id="30026" type="Standard">
            <advance>
                <date>2016-08-03</date>
                <amount>26157.98</amount>
                <amount_gbp>19597.4651</amount_gbp>
                <percentage>75.0</percentage>
            </advance>
            <discount>
                <percentage>0.9</percentage>
                <on>Advance</on>
            </discount>
            <expected_payment_date>2016-10-05 00:00:00 +0000</expected_payment_date>
            <settlement_date>2016-10-14</settlement_date>
            <arrears>
                <in_arrears>No</in_arrears>
                <in_arrears_on_date>nan</in_arrears_on_date>
            </arrears>
            <payment>
                <state>Paid</state>
            </payment>
            <price_grade>5</price_grade>
            <currency>USD</currency>
            <face_value>
                <amount>34877.29</amount>
                <amount_gbp>26129.9411</amount_gbp>
            </face_value>
            <outstanding_principal>
                <amount>0.0</amount>
                <amount_gbp>0.0</amount_gbp>
            </outstanding_principal>
            <crystalised_loss>
                <amount>nan</amount>
                <date>nan</date>
            </crystalised_loss>
            <gross_yield>
                <annualised>11.350967495666751</annualised>
            </gross_yield>
        </trade>
    </loan>
    
