
    <loan>
        <seller>
            <id>960</id>
        </seller>
        <trade id="3008" type="Standard">
            <advance>
                <date>2013-10-24</date>
                <amount>31477.78</amount>
                <amount_gbp>26872.5807</amount_gbp>
                <percentage>80.0</percentage>
            </advance>
            <discount>
                <percentage>1.0</percentage>
                <on>Facevalue</on>
            </discount>
            <expected_payment_date>2014-04-01 00:00:00 +0000</expected_payment_date>
            <settlement_date>2014-05-16</settlement_date>
            <arrears>
                <in_arrears>No</in_arrears>
                <in_arrears_on_date>nan</in_arrears_on_date>
            </arrears>
            <payment>
                <state>Paid</state>
            </payment>
            <price_grade>6</price_grade>
            <currency>EUR</currency>
            <face_value>
                <amount>39347.23</amount>
                <amount_gbp>33590.7302</amount_gbp>
            </face_value>
            <outstanding_principal>
                <amount>0.0</amount>
                <amount_gbp>0.0</amount_gbp>
            </outstanding_principal>
            <crystalised_loss>
                <amount>nan</amount>
                <date>nan</date>
            </crystalised_loss>
            <gross_yield>
                <annualised>16.075451772299807</annualised>
            </gross_yield>
        </trade>
    </loan>
    
