
    <loan>
        <seller>
            <id>1351</id>
        </seller>
        <trade id="3020" type="Standard">
            <advance>
                <date>2013-10-24</date>
                <amount>11592.0</amount>
                <amount_gbp>11592.0</amount_gbp>
                <percentage>80.0</percentage>
            </advance>
            <discount>
                <percentage>1.09</percentage>
                <on>Facevalue</on>
            </discount>
            <expected_payment_date>2013-12-06 00:00:00 +0000</expected_payment_date>
            <settlement_date>2013-11-22</settlement_date>
            <arrears>
                <in_arrears>No</in_arrears>
                <in_arrears_on_date>nan</in_arrears_on_date>
            </arrears>
            <payment>
                <state>Paid</state>
            </payment>
            <price_grade>7</price_grade>
            <currency>GBP</currency>
            <face_value>
                <amount>14490.0</amount>
                <amount_gbp>14490.0</amount_gbp>
            </face_value>
            <outstanding_principal>
                <amount>0.0</amount>
                <amount_gbp>0.0</amount_gbp>
            </outstanding_principal>
            <crystalised_loss>
                <amount>nan</amount>
                <date>nan</date>
            </crystalised_loss>
            <gross_yield>
                <annualised>17.59780687700816</annualised>
            </gross_yield>
        </trade>
    </loan>
    
