
    <loan>
        <seller>
            <id>1938</id>
        </seller>
        <trade id="3034" type="Standard">
            <advance>
                <date>2013-10-29</date>
                <amount>8100.0</amount>
                <amount_gbp>8100.0</amount_gbp>
                <percentage>75.0</percentage>
            </advance>
            <discount>
                <percentage>1.25</percentage>
                <on>Facevalue</on>
            </discount>
            <expected_payment_date>2013-11-29 00:00:00 +0000</expected_payment_date>
            <settlement_date>2013-12-19</settlement_date>
            <arrears>
                <in_arrears>No</in_arrears>
                <in_arrears_on_date>nan</in_arrears_on_date>
            </arrears>
            <payment>
                <state>Paid</state>
            </payment>
            <price_grade>8</price_grade>
            <currency>GBP</currency>
            <face_value>
                <amount>10800.0</amount>
                <amount_gbp>10800.0</amount_gbp>
            </face_value>
            <outstanding_principal>
                <amount>0.0</amount>
                <amount_gbp>0.0</amount_gbp>
            </outstanding_principal>
            <crystalised_loss>
                <amount>nan</amount>
                <date>nan</date>
            </crystalised_loss>
            <gross_yield>
                <annualised>21.843191003260756</annualised>
            </gross_yield>
        </trade>
    </loan>
    
