
    <loan>
        <seller>
            <id>10805</id>
        </seller>
        <trade id="30967" type="Standard">
            <advance>
                <date>2016-09-02</date>
                <amount>48713.2</amount>
                <amount_gbp>36670.9035</amount_gbp>
                <percentage>60.0</percentage>
            </advance>
            <discount>
                <percentage>1.0</percentage>
                <on>Advance</on>
            </discount>
            <expected_payment_date>2016-09-30 00:00:00 +0000</expected_payment_date>
            <settlement_date>2016-09-16</settlement_date>
            <arrears>
                <in_arrears>No</in_arrears>
                <in_arrears_on_date>nan</in_arrears_on_date>
            </arrears>
            <payment>
                <state>Paid</state>
            </payment>
            <price_grade>6</price_grade>
            <currency>USD</currency>
            <face_value>
                <amount>81188.61</amount>
                <amount_gbp>61118.1298</amount_gbp>
            </face_value>
            <outstanding_principal>
                <amount>0.0</amount>
                <amount_gbp>0.0</amount_gbp>
            </outstanding_principal>
            <crystalised_loss>
                <amount>nan</amount>
                <date>nan</date>
            </crystalised_loss>
            <gross_yield>
                <annualised>12.682503013196976</annualised>
            </gross_yield>
        </trade>
    </loan>
    
