
    <loan>
        <seller>
            <id>15105</id>
        </seller>
        <trade id="30998" type="MultiDebtor">
            <advance>
                <date>2016-09-13</date>
                <amount>21786.61</amount>
                <amount_gbp>16418.8944</amount_gbp>
                <percentage>88.0</percentage>
            </advance>
            <discount>
                <percentage>0.91</percentage>
                <on>Advance</on>
            </discount>
            <expected_payment_date>2016-10-30 00:00:00 +0000</expected_payment_date>
            <settlement_date>2016-10-06</settlement_date>
            <arrears>
                <in_arrears>No</in_arrears>
                <in_arrears_on_date>nan</in_arrears_on_date>
            </arrears>
            <payment>
                <state>Paid</state>
            </payment>
            <price_grade>5</price_grade>
            <currency>USD</currency>
            <face_value>
                <amount>24757.5</amount>
                <amount_gbp>18657.8258</amount_gbp>
            </face_value>
            <outstanding_principal>
                <amount>0.0</amount>
                <amount_gbp>0.0</amount_gbp>
            </outstanding_principal>
            <crystalised_loss>
                <amount>nan</amount>
                <date>nan</date>
            </crystalised_loss>
            <gross_yield>
                <annualised>11.483469003274415</annualised>
            </gross_yield>
        </trade>
    </loan>
    
