
    <loan>
        <seller>
            <id>27635</id>
        </seller>
        <trade id="31338" type="Standard">
            <advance>
                <date>2016-09-13</date>
                <amount>7744.99</amount>
                <amount_gbp>7744.99</amount_gbp>
                <percentage>80.0</percentage>
            </advance>
            <discount>
                <percentage>0.8</percentage>
                <on>Advance</on>
            </discount>
            <expected_payment_date>2016-11-04 00:00:00 +0000</expected_payment_date>
            <settlement_date>2016-11-02</settlement_date>
            <arrears>
                <in_arrears>No</in_arrears>
                <in_arrears_on_date>nan</in_arrears_on_date>
            </arrears>
            <payment>
                <state>Paid</state>
            </payment>
            <price_grade>4</price_grade>
            <currency>GBP</currency>
            <face_value>
                <amount>9681.24</amount>
                <amount_gbp>9681.24</amount_gbp>
            </face_value>
            <outstanding_principal>
                <amount>0.0</amount>
                <amount_gbp>0.0</amount_gbp>
            </outstanding_principal>
            <crystalised_loss>
                <amount>nan</amount>
                <date>nan</date>
            </crystalised_loss>
            <gross_yield>
                <annualised>10.033869371614637</annualised>
            </gross_yield>
        </trade>
    </loan>
    
