
    <loan>
        <seller>
            <id>14523</id>
        </seller>
        <trade id="31476" type="MultiDebtor">
            <advance>
                <date>2016-09-20</date>
                <amount>43997.94</amount>
                <amount_gbp>43997.94</amount_gbp>
                <percentage>90.0</percentage>
            </advance>
            <discount>
                <percentage>0.75</percentage>
                <on>Advance</on>
            </discount>
            <expected_payment_date>2016-11-10 00:00:00 +0000</expected_payment_date>
            <settlement_date>2016-11-11</settlement_date>
            <arrears>
                <in_arrears>No</in_arrears>
                <in_arrears_on_date>nan</in_arrears_on_date>
            </arrears>
            <payment>
                <state>Repurchased</state>
            </payment>
            <price_grade>3</price_grade>
            <currency>GBP</currency>
            <face_value>
                <amount>48886.59</amount>
                <amount_gbp>48886.59</amount_gbp>
            </face_value>
            <outstanding_principal>
                <amount>0.0</amount>
                <amount_gbp>0.0</amount_gbp>
            </outstanding_principal>
            <crystalised_loss>
                <amount>nan</amount>
                <date>nan</date>
            </crystalised_loss>
            <gross_yield>
                <annualised>9.380689767098383</annualised>
            </gross_yield>
        </trade>
    </loan>
    
