
    <loan>
        <seller>
            <id>9520</id>
        </seller>
        <trade id="31890" type="Standard">
            <advance>
                <date>2016-09-29</date>
                <amount>4967.64</amount>
                <amount_gbp>4278.6283</amount_gbp>
                <percentage>85.0</percentage>
            </advance>
            <discount>
                <percentage>0.7</percentage>
                <on>Advance</on>
            </discount>
            <expected_payment_date>2016-10-20 00:00:00 +0000</expected_payment_date>
            <settlement_date>2016-10-14</settlement_date>
            <arrears>
                <in_arrears>No</in_arrears>
                <in_arrears_on_date>nan</in_arrears_on_date>
            </arrears>
            <payment>
                <state>Paid</state>
            </payment>
            <price_grade>3</price_grade>
            <currency>EUR</currency>
            <face_value>
                <amount>5844.28</amount>
                <amount_gbp>5033.6783</amount_gbp>
            </face_value>
            <outstanding_principal>
                <amount>0.0</amount>
                <amount_gbp>0.0</amount_gbp>
            </outstanding_principal>
            <crystalised_loss>
                <amount>nan</amount>
                <date>nan</date>
            </crystalised_loss>
            <gross_yield>
                <annualised>8.731066191550553</annualised>
            </gross_yield>
        </trade>
    </loan>
    
