
    <loan>
        <seller>
            <id>16005</id>
        </seller>
        <trade id="32157" type="MultiDebtor">
            <advance>
                <date>2016-10-07</date>
                <amount>69859.21</amount>
                <amount_gbp>69859.21</amount_gbp>
                <percentage>78.0</percentage>
            </advance>
            <discount>
                <percentage>0.7</percentage>
                <on>Advance</on>
            </discount>
            <expected_payment_date>2017-01-04 00:00:00 +0000</expected_payment_date>
            <settlement_date>2016-11-22</settlement_date>
            <arrears>
                <in_arrears>No</in_arrears>
                <in_arrears_on_date>nan</in_arrears_on_date>
            </arrears>
            <payment>
                <state>Paid</state>
            </payment>
            <price_grade>3</price_grade>
            <currency>GBP</currency>
            <face_value>
                <amount>89563.07</amount>
                <amount_gbp>89563.07</amount_gbp>
            </face_value>
            <outstanding_principal>
                <amount>0.0</amount>
                <amount_gbp>0.0</amount_gbp>
            </outstanding_principal>
            <crystalised_loss>
                <amount>nan</amount>
                <date>nan</date>
            </crystalised_loss>
            <gross_yield>
                <annualised>8.731066191550553</annualised>
            </gross_yield>
        </trade>
    </loan>
    
