
    <loan>
        <seller>
            <id>27470</id>
        </seller>
        <trade id="32194" type="Standard">
            <advance>
                <date>2016-10-06</date>
                <amount>4355.21</amount>
                <amount_gbp>4355.21</amount_gbp>
                <percentage>80.0</percentage>
            </advance>
            <discount>
                <percentage>1.7</percentage>
                <on>Advance</on>
            </discount>
            <expected_payment_date>2016-12-15 00:00:00 +0000</expected_payment_date>
            <settlement_date>2016-12-01</settlement_date>
            <arrears>
                <in_arrears>No</in_arrears>
                <in_arrears_on_date>nan</in_arrears_on_date>
            </arrears>
            <payment>
                <state>Paid</state>
            </payment>
            <price_grade>9</price_grade>
            <currency>GBP</currency>
            <face_value>
                <amount>5444.0</amount>
                <amount_gbp>5444.0</amount_gbp>
            </face_value>
            <outstanding_principal>
                <amount>0.0</amount>
                <amount_gbp>0.0</amount_gbp>
            </outstanding_principal>
            <crystalised_loss>
                <amount>nan</amount>
                <date>nan</date>
            </crystalised_loss>
            <gross_yield>
                <annualised>22.419735005332388</annualised>
            </gross_yield>
        </trade>
    </loan>
    
