
    <loan>
        <seller>
            <id>1515</id>
        </seller>
        <trade id="3236" type="Standard">
            <advance>
                <date>2013-11-26</date>
                <amount>46110.11</amount>
                <amount_gbp>46110.11</amount_gbp>
                <percentage>85.0</percentage>
            </advance>
            <discount>
                <percentage>0.85</percentage>
                <on>Facevalue</on>
            </discount>
            <expected_payment_date>2013-12-23 00:00:00 +0000</expected_payment_date>
            <settlement_date>2013-12-23</settlement_date>
            <arrears>
                <in_arrears>No</in_arrears>
                <in_arrears_on_date>nan</in_arrears_on_date>
            </arrears>
            <payment>
                <state>Paid</state>
            </payment>
            <price_grade>5</price_grade>
            <currency>GBP</currency>
            <face_value>
                <amount>54247.2</amount>
                <amount_gbp>54247.2</amount_gbp>
            </face_value>
            <outstanding_principal>
                <amount>0.0</amount>
                <amount_gbp>0.0</amount_gbp>
            </outstanding_principal>
            <crystalised_loss>
                <amount>nan</amount>
                <date>nan</date>
            </crystalised_loss>
            <gross_yield>
                <annualised>12.682503013196976</annualised>
            </gross_yield>
        </trade>
    </loan>
    
