
    <loan>
        <seller>
            <id>27138</id>
        </seller>
        <trade id="33063" type="Standard">
            <advance>
                <date>2016-11-04</date>
                <amount>10073.26</amount>
                <amount_gbp>8945.0548</amount_gbp>
                <percentage>55.0</percentage>
            </advance>
            <discount>
                <percentage>1.0</percentage>
                <on>Advance</on>
            </discount>
            <expected_payment_date>2017-01-05 00:00:00 +0000</expected_payment_date>
            <settlement_date>2016-11-30</settlement_date>
            <arrears>
                <in_arrears>No</in_arrears>
                <in_arrears_on_date>nan</in_arrears_on_date>
            </arrears>
            <payment>
                <state>Paid</state>
            </payment>
            <price_grade>6</price_grade>
            <currency>EUR</currency>
            <face_value>
                <amount>18315.0</amount>
                <amount_gbp>16263.72</amount_gbp>
            </face_value>
            <outstanding_principal>
                <amount>0.0</amount>
                <amount_gbp>0.0</amount_gbp>
            </outstanding_principal>
            <crystalised_loss>
                <amount>nan</amount>
                <date>nan</date>
            </crystalised_loss>
            <gross_yield>
                <annualised>12.682503013196976</annualised>
            </gross_yield>
        </trade>
    </loan>
    
