
    <loan>
        <seller>
            <id>11508</id>
        </seller>
        <trade id="33275" type="Standard">
            <advance>
                <date>2016-11-04</date>
                <amount>2203.62</amount>
                <amount_gbp>2203.62</amount_gbp>
                <percentage>80.0</percentage>
            </advance>
            <discount>
                <percentage>0.8</percentage>
                <on>Advance</on>
            </discount>
            <expected_payment_date>2016-12-30 00:00:00 +0000</expected_payment_date>
            <settlement_date>2017-01-16</settlement_date>
            <arrears>
                <in_arrears>No</in_arrears>
                <in_arrears_on_date>nan</in_arrears_on_date>
            </arrears>
            <payment>
                <state>Repurchased</state>
            </payment>
            <price_grade>4</price_grade>
            <currency>GBP</currency>
            <face_value>
                <amount>2754.55</amount>
                <amount_gbp>2754.55</amount_gbp>
            </face_value>
            <outstanding_principal>
                <amount>0.0</amount>
                <amount_gbp>0.0</amount_gbp>
            </outstanding_principal>
            <crystalised_loss>
                <amount>nan</amount>
                <date>nan</date>
            </crystalised_loss>
            <gross_yield>
                <annualised>10.033869371614637</annualised>
            </gross_yield>
        </trade>
    </loan>
    
