
    <loan>
        <seller>
            <id>29608</id>
        </seller>
        <trade id="33922" type="Standard">
            <advance>
                <date>2016-11-25</date>
                <amount>5292.23</amount>
                <amount_gbp>5292.23</amount_gbp>
                <percentage>80.0</percentage>
            </advance>
            <discount>
                <percentage>0.9</percentage>
                <on>Advance</on>
            </discount>
            <expected_payment_date>2017-01-13 00:00:00 +0000</expected_payment_date>
            <settlement_date>2016-12-23</settlement_date>
            <arrears>
                <in_arrears>No</in_arrears>
                <in_arrears_on_date>nan</in_arrears_on_date>
            </arrears>
            <payment>
                <state>Repurchased</state>
            </payment>
            <price_grade>5</price_grade>
            <currency>GBP</currency>
            <face_value>
                <amount>6615.3</amount>
                <amount_gbp>6615.3</amount_gbp>
            </face_value>
            <outstanding_principal>
                <amount>0.0</amount>
                <amount_gbp>0.0</amount_gbp>
            </outstanding_principal>
            <crystalised_loss>
                <amount>nan</amount>
                <date>nan</date>
            </crystalised_loss>
            <gross_yield>
                <annualised>11.350967495666751</annualised>
            </gross_yield>
        </trade>
    </loan>
    
