
    <loan>
        <seller>
            <id>29396</id>
        </seller>
        <trade id="34095" type="Standard">
            <advance>
                <date>2016-12-13</date>
                <amount>6158.7</amount>
                <amount_gbp>6158.7</amount_gbp>
                <percentage>75.0</percentage>
            </advance>
            <discount>
                <percentage>0.9</percentage>
                <on>Advance</on>
            </discount>
            <expected_payment_date>2016-12-23 00:00:00 +0000</expected_payment_date>
            <settlement_date>2016-12-21</settlement_date>
            <arrears>
                <in_arrears>No</in_arrears>
                <in_arrears_on_date>nan</in_arrears_on_date>
            </arrears>
            <payment>
                <state>Paid</state>
            </payment>
            <price_grade>5</price_grade>
            <currency>GBP</currency>
            <face_value>
                <amount>8211.6</amount>
                <amount_gbp>8211.6</amount_gbp>
            </face_value>
            <outstanding_principal>
                <amount>0.0</amount>
                <amount_gbp>0.0</amount_gbp>
            </outstanding_principal>
            <crystalised_loss>
                <amount>nan</amount>
                <date>nan</date>
            </crystalised_loss>
            <gross_yield>
                <annualised>11.350967495666751</annualised>
            </gross_yield>
        </trade>
    </loan>
    
