
    <loan>
        <seller>
            <id>2399</id>
        </seller>
        <trade id="34532" type="Standard">
            <advance>
                <date>2016-12-08</date>
                <amount>10949.53</amount>
                <amount_gbp>10949.53</amount_gbp>
                <percentage>90.0</percentage>
            </advance>
            <discount>
                <percentage>0.8</percentage>
                <on>Advance</on>
            </discount>
            <expected_payment_date>2017-02-10 00:00:00 +0000</expected_payment_date>
            <settlement_date>2016-12-23</settlement_date>
            <arrears>
                <in_arrears>No</in_arrears>
                <in_arrears_on_date>nan</in_arrears_on_date>
            </arrears>
            <payment>
                <state>Repurchased</state>
            </payment>
            <price_grade>4</price_grade>
            <currency>GBP</currency>
            <face_value>
                <amount>12166.13</amount>
                <amount_gbp>12166.13</amount_gbp>
            </face_value>
            <outstanding_principal>
                <amount>0.0</amount>
                <amount_gbp>0.0</amount_gbp>
            </outstanding_principal>
            <crystalised_loss>
                <amount>nan</amount>
                <date>nan</date>
            </crystalised_loss>
            <gross_yield>
                <annualised>10.033869371614637</annualised>
            </gross_yield>
        </trade>
    </loan>
    
