
    <loan>
        <seller>
            <id>10962</id>
        </seller>
        <trade id="34724" type="MultiDebtor">
            <advance>
                <date>2016-12-13</date>
                <amount>29618.53</amount>
                <amount_gbp>29618.53</amount_gbp>
                <percentage>71.0</percentage>
            </advance>
            <discount>
                <percentage>0.81</percentage>
                <on>Advance</on>
            </discount>
            <expected_payment_date>2017-01-31 00:00:00 +0000</expected_payment_date>
            <settlement_date>2017-02-01</settlement_date>
            <arrears>
                <in_arrears>No</in_arrears>
                <in_arrears_on_date>nan</in_arrears_on_date>
            </arrears>
            <payment>
                <state>Paid</state>
            </payment>
            <price_grade>4</price_grade>
            <currency>GBP</currency>
            <face_value>
                <amount>41716.26</amount>
                <amount_gbp>41716.26</amount_gbp>
            </face_value>
            <outstanding_principal>
                <amount>0.0</amount>
                <amount_gbp>0.0</amount_gbp>
            </outstanding_principal>
            <crystalised_loss>
                <amount>nan</amount>
                <date>nan</date>
            </crystalised_loss>
            <gross_yield>
                <annualised>10.164933571080793</annualised>
            </gross_yield>
        </trade>
    </loan>
    
