
    <loan>
        <seller>
            <id>1420</id>
        </seller>
        <trade id="35162" type="Standard">
            <advance>
                <date>2016-12-23</date>
                <amount>33215.38</amount>
                <amount_gbp>33215.38</amount_gbp>
                <percentage>70.0</percentage>
            </advance>
            <discount>
                <percentage>0.8</percentage>
                <on>Advance</on>
            </discount>
            <expected_payment_date>2017-01-19 00:00:00 +0000</expected_payment_date>
            <settlement_date>2017-02-02</settlement_date>
            <arrears>
                <in_arrears>No</in_arrears>
                <in_arrears_on_date>nan</in_arrears_on_date>
            </arrears>
            <payment>
                <state>Paid</state>
            </payment>
            <price_grade>4</price_grade>
            <currency>GBP</currency>
            <face_value>
                <amount>47450.52</amount>
                <amount_gbp>47450.52</amount_gbp>
            </face_value>
            <outstanding_principal>
                <amount>0.0</amount>
                <amount_gbp>0.0</amount_gbp>
            </outstanding_principal>
            <crystalised_loss>
                <amount>nan</amount>
                <date>nan</date>
            </crystalised_loss>
            <gross_yield>
                <annualised>10.033869371614637</annualised>
            </gross_yield>
        </trade>
    </loan>
    
