
    <loan>
        <seller>
            <id>28484</id>
        </seller>
        <trade id="35610" type="Standard">
            <advance>
                <date>2017-01-26</date>
                <amount>24064.57</amount>
                <amount_gbp>24064.57</amount_gbp>
                <percentage>60.0</percentage>
            </advance>
            <discount>
                <percentage>0.63</percentage>
                <on>Advance</on>
            </discount>
            <expected_payment_date>2017-03-24 00:00:00 +0000</expected_payment_date>
            <settlement_date>2017-03-28</settlement_date>
            <arrears>
                <in_arrears>No</in_arrears>
                <in_arrears_on_date>nan</in_arrears_on_date>
            </arrears>
            <payment>
                <state>Paid</state>
            </payment>
            <price_grade>2</price_grade>
            <currency>GBP</currency>
            <face_value>
                <amount>40107.6</amount>
                <amount_gbp>40107.6</amount_gbp>
            </face_value>
            <outstanding_principal>
                <amount>0.0</amount>
                <amount_gbp>0.0</amount_gbp>
            </outstanding_principal>
            <crystalised_loss>
                <amount>nan</amount>
                <date>nan</date>
            </crystalised_loss>
            <gross_yield>
                <annualised>7.82753380297514</annualised>
            </gross_yield>
        </trade>
    </loan>
    
