
    <loan>
        <seller>
            <id>279</id>
        </seller>
        <trade id="360" type="Standard">
            <advance>
                <date>2012-05-03</date>
                <amount>18906.3</amount>
                <amount_gbp>18906.3</amount_gbp>
                <percentage>90.0</percentage>
            </advance>
            <discount>
                <percentage>1.0</percentage>
                <on>Facevalue</on>
            </discount>
            <expected_payment_date>2012-05-16 00:00:00 +0000</expected_payment_date>
            <settlement_date>2012-05-21</settlement_date>
            <arrears>
                <in_arrears>No</in_arrears>
                <in_arrears_on_date>nan</in_arrears_on_date>
            </arrears>
            <payment>
                <state>Paid</state>
            </payment>
            <price_grade>6</price_grade>
            <currency>GBP</currency>
            <face_value>
                <amount>21007.0</amount>
                <amount_gbp>21007.0</amount_gbp>
            </face_value>
            <outstanding_principal>
                <amount>0.0</amount>
                <amount_gbp>0.0</amount_gbp>
            </outstanding_principal>
            <crystalised_loss>
                <amount>nan</amount>
                <date>nan</date>
            </crystalised_loss>
            <gross_yield>
                <annualised>14.164038846995776</annualised>
            </gross_yield>
        </trade>
    </loan>
    
