
    <loan>
        <seller>
            <id>443</id>
        </seller>
        <trade id="36127" type="WholeLedger">
            <advance>
                <date>2017-01-30</date>
                <amount>245300.88</amount>
                <amount_gbp>245300.88</amount_gbp>
                <percentage>89.27</percentage>
            </advance>
            <discount>
                <percentage>0.56</percentage>
                <on>Advance</on>
            </discount>
            <expected_payment_date>2017-04-29 00:00:00 +0000</expected_payment_date>
            <settlement_date>2017-02-01</settlement_date>
            <arrears>
                <in_arrears>No</in_arrears>
                <in_arrears_on_date>nan</in_arrears_on_date>
            </arrears>
            <payment>
                <state>Paid</state>
            </payment>
            <price_grade>3</price_grade>
            <currency>GBP</currency>
            <face_value>
                <amount>274785.32</amount>
                <amount_gbp>274785.32</amount_gbp>
            </face_value>
            <outstanding_principal>
                <amount>0.0</amount>
                <amount_gbp>0.0</amount_gbp>
            </outstanding_principal>
            <crystalised_loss>
                <amount>nan</amount>
                <date>nan</date>
            </crystalised_loss>
            <gross_yield>
                <annualised>6.930888671798253</annualised>
            </gross_yield>
        </trade>
    </loan>
    
