
    <loan>
        <seller>
            <id>1888</id>
        </seller>
        <trade id="36669" type="Standard">
            <advance>
                <date>2017-02-15</date>
                <amount>63780.15</amount>
                <amount_gbp>63780.15</amount_gbp>
                <percentage>90.0</percentage>
            </advance>
            <discount>
                <percentage>0.65</percentage>
                <on>Advance</on>
            </discount>
            <expected_payment_date>2017-03-10 00:00:00 +0000</expected_payment_date>
            <settlement_date>2017-02-28</settlement_date>
            <arrears>
                <in_arrears>No</in_arrears>
                <in_arrears_on_date>nan</in_arrears_on_date>
            </arrears>
            <payment>
                <state>Paid</state>
            </payment>
            <price_grade>3</price_grade>
            <currency>GBP</currency>
            <face_value>
                <amount>70866.84</amount>
                <amount_gbp>70866.84</amount_gbp>
            </face_value>
            <outstanding_principal>
                <amount>0.0</amount>
                <amount_gbp>0.0</amount_gbp>
            </outstanding_principal>
            <crystalised_loss>
                <amount>nan</amount>
                <date>nan</date>
            </crystalised_loss>
            <gross_yield>
                <annualised>8.084981036551554</annualised>
            </gross_yield>
        </trade>
    </loan>
    
