
    <loan>
        <seller>
            <id>8887</id>
        </seller>
        <trade id="36866" type="Standard">
            <advance>
                <date>2017-03-02</date>
                <amount>152096.12</amount>
                <amount_gbp>152096.12</amount_gbp>
                <percentage>90.0</percentage>
            </advance>
            <discount>
                <percentage>0.8</percentage>
                <on>Advance</on>
            </discount>
            <expected_payment_date>2017-05-19 00:00:00 +0000</expected_payment_date>
            <settlement_date>2017-05-03</settlement_date>
            <arrears>
                <in_arrears>No</in_arrears>
                <in_arrears_on_date>nan</in_arrears_on_date>
            </arrears>
            <payment>
                <state>Paid</state>
            </payment>
            <price_grade>4</price_grade>
            <currency>GBP</currency>
            <face_value>
                <amount>168995.68</amount>
                <amount_gbp>168995.68</amount_gbp>
            </face_value>
            <outstanding_principal>
                <amount>0.0</amount>
                <amount_gbp>0.0</amount_gbp>
            </outstanding_principal>
            <crystalised_loss>
                <amount>nan</amount>
                <date>nan</date>
            </crystalised_loss>
            <gross_yield>
                <annualised>10.033869371614637</annualised>
            </gross_yield>
        </trade>
    </loan>
    
