
    <loan>
        <seller>
            <id>23262</id>
        </seller>
        <trade id="36872" type="Standard">
            <advance>
                <date>2017-02-21</date>
                <amount>12452.1</amount>
                <amount_gbp>12452.1</amount_gbp>
                <percentage>75.0</percentage>
            </advance>
            <discount>
                <percentage>0.72</percentage>
                <on>Advance</on>
            </discount>
            <expected_payment_date>2017-04-14 00:00:00 +0000</expected_payment_date>
            <settlement_date>2017-04-06</settlement_date>
            <arrears>
                <in_arrears>No</in_arrears>
                <in_arrears_on_date>nan</in_arrears_on_date>
            </arrears>
            <payment>
                <state>Paid</state>
            </payment>
            <price_grade>5</price_grade>
            <currency>GBP</currency>
            <face_value>
                <amount>16602.82</amount>
                <amount_gbp>16602.82</amount_gbp>
            </face_value>
            <outstanding_principal>
                <amount>0.0</amount>
                <amount_gbp>0.0</amount_gbp>
            </outstanding_principal>
            <crystalised_loss>
                <amount>nan</amount>
                <date>nan</date>
            </crystalised_loss>
            <gross_yield>
                <annualised>8.990490026994502</annualised>
            </gross_yield>
        </trade>
    </loan>
    
