
    <loan>
        <seller>
            <id>31419</id>
        </seller>
        <trade id="37239" type="WholeLedger">
            <advance>
                <date>2017-03-02</date>
                <amount>541481.38</amount>
                <amount_gbp>541481.38</amount_gbp>
                <percentage>67.29</percentage>
            </advance>
            <discount>
                <percentage>0.52</percentage>
                <on>Advance</on>
            </discount>
            <expected_payment_date>2017-05-30 00:00:00 +0000</expected_payment_date>
            <settlement_date>2017-03-03</settlement_date>
            <arrears>
                <in_arrears>No</in_arrears>
                <in_arrears_on_date>nan</in_arrears_on_date>
            </arrears>
            <payment>
                <state>Paid</state>
            </payment>
            <price_grade>2</price_grade>
            <currency>GBP</currency>
            <face_value>
                <amount>804698.14</amount>
                <amount_gbp>804698.14</amount_gbp>
            </face_value>
            <outstanding_principal>
                <amount>0.0</amount>
                <amount_gbp>0.0</amount_gbp>
            </outstanding_principal>
            <crystalised_loss>
                <amount>nan</amount>
                <date>nan</date>
            </crystalised_loss>
            <gross_yield>
                <annualised>6.421593871455888</annualised>
            </gross_yield>
        </trade>
    </loan>
    
