
    <loan>
        <seller>
            <id>31419</id>
        </seller>
        <trade id="37563" type="WholeLedger">
            <advance>
                <date>2017-03-09</date>
                <amount>614283.9</amount>
                <amount_gbp>614283.9</amount_gbp>
                <percentage>74.84</percentage>
            </advance>
            <discount>
                <percentage>0.52</percentage>
                <on>Advance</on>
            </discount>
            <expected_payment_date>2017-06-07 00:00:00 +0000</expected_payment_date>
            <settlement_date>2017-03-14</settlement_date>
            <arrears>
                <in_arrears>No</in_arrears>
                <in_arrears_on_date>nan</in_arrears_on_date>
            </arrears>
            <payment>
                <state>Paid</state>
            </payment>
            <price_grade>2</price_grade>
            <currency>GBP</currency>
            <face_value>
                <amount>820796.27</amount>
                <amount_gbp>820796.27</amount_gbp>
            </face_value>
            <outstanding_principal>
                <amount>0.0</amount>
                <amount_gbp>0.0</amount_gbp>
            </outstanding_principal>
            <crystalised_loss>
                <amount>nan</amount>
                <date>nan</date>
            </crystalised_loss>
            <gross_yield>
                <annualised>6.421593871455888</annualised>
            </gross_yield>
        </trade>
    </loan>
    
