
    <loan>
        <seller>
            <id>1909</id>
        </seller>
        <trade id="3785" type="Standard">
            <advance>
                <date>2014-02-10</date>
                <amount>11082.29</amount>
                <amount_gbp>9216.0323</amount_gbp>
                <percentage>85.0</percentage>
            </advance>
            <discount>
                <percentage>0.9</percentage>
                <on>Facevalue</on>
            </discount>
            <expected_payment_date>2014-03-18 00:00:00 +0000</expected_payment_date>
            <settlement_date>2014-03-18</settlement_date>
            <arrears>
                <in_arrears>No</in_arrears>
                <in_arrears_on_date>nan</in_arrears_on_date>
            </arrears>
            <payment>
                <state>Paid</state>
            </payment>
            <price_grade>6</price_grade>
            <currency>EUR</currency>
            <face_value>
                <amount>13038.0</amount>
                <amount_gbp>10842.4008</amount_gbp>
            </face_value>
            <outstanding_principal>
                <amount>0.0</amount>
                <amount_gbp>0.0</amount_gbp>
            </outstanding_principal>
            <crystalised_loss>
                <amount>nan</amount>
                <date>nan</date>
            </crystalised_loss>
            <gross_yield>
                <annualised>13.35372965869026</annualised>
            </gross_yield>
        </trade>
    </loan>
    
