
    <loan>
        <seller>
            <id>774</id>
        </seller>
        <trade id="38308" type="MultiDebtor">
            <advance>
                <date>2017-03-30</date>
                <amount>13247.52</amount>
                <amount_gbp>13247.52</amount_gbp>
                <percentage>80.0</percentage>
            </advance>
            <discount>
                <percentage>0.82</percentage>
                <on>Advance</on>
            </discount>
            <expected_payment_date>2017-05-31 00:00:00 +0000</expected_payment_date>
            <settlement_date>2017-05-12</settlement_date>
            <arrears>
                <in_arrears>No</in_arrears>
                <in_arrears_on_date>nan</in_arrears_on_date>
            </arrears>
            <payment>
                <state>Repurchased</state>
            </payment>
            <price_grade>4</price_grade>
            <currency>GBP</currency>
            <face_value>
                <amount>16559.4</amount>
                <amount_gbp>16559.4</amount_gbp>
            </face_value>
            <outstanding_principal>
                <amount>0.0</amount>
                <amount_gbp>0.0</amount_gbp>
            </outstanding_principal>
            <crystalised_loss>
                <amount>nan</amount>
                <date>nan</date>
            </crystalised_loss>
            <gross_yield>
                <annualised>10.296140860819404</annualised>
            </gross_yield>
        </trade>
    </loan>
    
