
    <loan>
        <seller>
            <id>27246</id>
        </seller>
        <trade id="38491" type="Standard">
            <advance>
                <date>2017-04-06</date>
                <amount>17850.0</amount>
                <amount_gbp>17850.0</amount_gbp>
                <percentage>85.0</percentage>
            </advance>
            <discount>
                <percentage>0.7</percentage>
                <on>Advance</on>
            </discount>
            <expected_payment_date>2017-04-14 00:00:00 +0000</expected_payment_date>
            <settlement_date>2017-05-17</settlement_date>
            <arrears>
                <in_arrears>No</in_arrears>
                <in_arrears_on_date>nan</in_arrears_on_date>
            </arrears>
            <payment>
                <state>Paid</state>
            </payment>
            <price_grade>3</price_grade>
            <currency>GBP</currency>
            <face_value>
                <amount>21000.0</amount>
                <amount_gbp>21000.0</amount_gbp>
            </face_value>
            <outstanding_principal>
                <amount>0.0</amount>
                <amount_gbp>0.0</amount_gbp>
            </outstanding_principal>
            <crystalised_loss>
                <amount>nan</amount>
                <date>nan</date>
            </crystalised_loss>
            <gross_yield>
                <annualised>8.731066191550553</annualised>
            </gross_yield>
        </trade>
    </loan>
    
