
    <loan>
        <seller>
            <id>10050</id>
        </seller>
        <trade id="40258" type="Standard">
            <advance>
                <date>2017-06-01</date>
                <amount>44505.12</amount>
                <amount_gbp>34603.6332</amount_gbp>
                <percentage>80.0</percentage>
            </advance>
            <discount>
                <percentage>0.9</percentage>
                <on>Advance</on>
            </discount>
            <expected_payment_date>2017-06-29 00:00:00 +0000</expected_payment_date>
            <settlement_date>2017-06-23</settlement_date>
            <arrears>
                <in_arrears>No</in_arrears>
                <in_arrears_on_date>nan</in_arrears_on_date>
            </arrears>
            <payment>
                <state>Paid</state>
            </payment>
            <price_grade>5</price_grade>
            <currency>USD</currency>
            <face_value>
                <amount>55631.42</amount>
                <amount_gbp>43254.557</amount_gbp>
            </face_value>
            <outstanding_principal>
                <amount>0.0</amount>
                <amount_gbp>0.0</amount_gbp>
            </outstanding_principal>
            <crystalised_loss>
                <amount>nan</amount>
                <date>nan</date>
            </crystalised_loss>
            <gross_yield>
                <annualised>11.350967495666751</annualised>
            </gross_yield>
        </trade>
    </loan>
    
