
    <loan>
        <seller>
            <id>9</id>
        </seller>
        <trade id="406" type="Standard">
            <advance>
                <date>2012-05-31</date>
                <amount>3762.38</amount>
                <amount_gbp>3762.38</amount_gbp>
                <percentage>75.0</percentage>
            </advance>
            <discount>
                <percentage>1.5</percentage>
                <on>Facevalue</on>
            </discount>
            <expected_payment_date>2012-06-25 00:00:00 +0000</expected_payment_date>
            <settlement_date>2012-07-13</settlement_date>
            <arrears>
                <in_arrears>No</in_arrears>
                <in_arrears_on_date>nan</in_arrears_on_date>
            </arrears>
            <payment>
                <state>Paid</state>
            </payment>
            <price_grade>9</price_grade>
            <currency>GBP</currency>
            <face_value>
                <amount>5016.51</amount>
                <amount_gbp>5016.51</amount_gbp>
            </face_value>
            <outstanding_principal>
                <amount>0.0</amount>
                <amount_gbp>0.0</amount_gbp>
            </outstanding_principal>
            <crystalised_loss>
                <amount>nan</amount>
                <date>nan</date>
            </crystalised_loss>
            <gross_yield>
                <annualised>26.824179456254548</annualised>
            </gross_yield>
        </trade>
    </loan>
    
