
    <loan>
        <seller>
            <id>17229</id>
        </seller>
        <trade id="41422" type="Standard">
            <advance>
                <date>2017-06-21</date>
                <amount>124266.52</amount>
                <amount_gbp>124266.52</amount_gbp>
                <percentage>65.0</percentage>
            </advance>
            <discount>
                <percentage>2.0</percentage>
                <on>Advance</on>
            </discount>
            <expected_payment_date>2017-07-28 00:00:00 +0000</expected_payment_date>
            <settlement_date>nan</settlement_date>
            <arrears>
                <in_arrears>Yes</in_arrears>
                <in_arrears_on_date>2017-09-15</in_arrears_on_date>
            </arrears>
            <payment>
                <state>Repurchase Demanded</state>
            </payment>
            <price_grade>10</price_grade>
            <currency>GBP</currency>
            <face_value>
                <amount>191179.24</amount>
                <amount_gbp>191179.24</amount_gbp>
            </face_value>
            <outstanding_principal>
                <amount>109266.52</amount>
                <amount_gbp>109266.52</amount_gbp>
            </outstanding_principal>
            <crystalised_loss>
                <amount>Yes</amount>
                <date>2018-04-11</date>
            </crystalised_loss>
            <gross_yield>
                <annualised>26.824179456254548</annualised>
            </gross_yield>
        </trade>
    </loan>
    
