
    <loan>
        <seller>
            <id>8991</id>
        </seller>
        <trade id="41608" type="Standard">
            <advance>
                <date>2017-06-28</date>
                <amount>29773.82</amount>
                <amount_gbp>29773.82</amount_gbp>
                <percentage>65.0</percentage>
            </advance>
            <discount>
                <percentage>0.9</percentage>
                <on>Advance</on>
            </discount>
            <expected_payment_date>2017-07-26 00:00:00 +0000</expected_payment_date>
            <settlement_date>2017-07-18</settlement_date>
            <arrears>
                <in_arrears>No</in_arrears>
                <in_arrears_on_date>nan</in_arrears_on_date>
            </arrears>
            <payment>
                <state>Paid</state>
            </payment>
            <price_grade>5</price_grade>
            <currency>GBP</currency>
            <face_value>
                <amount>45805.88</amount>
                <amount_gbp>45805.88</amount_gbp>
            </face_value>
            <outstanding_principal>
                <amount>0.0</amount>
                <amount_gbp>0.0</amount_gbp>
            </outstanding_principal>
            <crystalised_loss>
                <amount>nan</amount>
                <date>nan</date>
            </crystalised_loss>
            <gross_yield>
                <annualised>11.350967495666751</annualised>
            </gross_yield>
        </trade>
    </loan>
    
