
    <loan>
        <seller>
            <id>26297</id>
        </seller>
        <trade id="42473" type="Standard">
            <advance>
                <date>2017-07-21</date>
                <amount>48246.88</amount>
                <amount_gbp>37136.2559</amount_gbp>
                <percentage>85.0</percentage>
            </advance>
            <discount>
                <percentage>0.9</percentage>
                <on>Advance</on>
            </discount>
            <expected_payment_date>2017-09-02 00:00:00 +0000</expected_payment_date>
            <settlement_date>2017-08-02</settlement_date>
            <arrears>
                <in_arrears>No</in_arrears>
                <in_arrears_on_date>nan</in_arrears_on_date>
            </arrears>
            <payment>
                <state>Paid</state>
            </payment>
            <price_grade>5</price_grade>
            <currency>USD</currency>
            <face_value>
                <amount>56761.0</amount>
                <amount_gbp>43689.6857</amount_gbp>
            </face_value>
            <outstanding_principal>
                <amount>0.0</amount>
                <amount_gbp>0.0</amount_gbp>
            </outstanding_principal>
            <crystalised_loss>
                <amount>nan</amount>
                <date>nan</date>
            </crystalised_loss>
            <gross_yield>
                <annualised>11.350967495666751</annualised>
            </gross_yield>
        </trade>
    </loan>
    
