
    <loan>
        <seller>
            <id>774</id>
        </seller>
        <trade id="42856" type="WholeLedger">
            <advance>
                <date>2017-07-31</date>
                <amount>67670.27</amount>
                <amount_gbp>67670.27</amount_gbp>
                <percentage>26.11</percentage>
            </advance>
            <discount>
                <percentage>0.5</percentage>
                <on>Advance</on>
            </discount>
            <expected_payment_date>2017-10-29 00:00:00 +0000</expected_payment_date>
            <settlement_date>2017-08-01</settlement_date>
            <arrears>
                <in_arrears>No</in_arrears>
                <in_arrears_on_date>nan</in_arrears_on_date>
            </arrears>
            <payment>
                <state>Paid</state>
            </payment>
            <price_grade>2</price_grade>
            <currency>GBP</currency>
            <face_value>
                <amount>259173.78</amount>
                <amount_gbp>259173.78</amount_gbp>
            </face_value>
            <outstanding_principal>
                <amount>0.0</amount>
                <amount_gbp>0.0</amount_gbp>
            </outstanding_principal>
            <crystalised_loss>
                <amount>nan</amount>
                <date>nan</date>
            </crystalised_loss>
            <gross_yield>
                <annualised>6.167781186449827</annualised>
            </gross_yield>
        </trade>
    </loan>
    
