
    <loan>
        <seller>
            <id>443</id>
        </seller>
        <trade id="43209" type="WholeLedger">
            <advance>
                <date>2017-08-09</date>
                <amount>335277.47</amount>
                <amount_gbp>335277.47</amount_gbp>
                <percentage>84.59</percentage>
            </advance>
            <discount>
                <percentage>0.56</percentage>
                <on>Advance</on>
            </discount>
            <expected_payment_date>2017-11-07 00:00:00 +0000</expected_payment_date>
            <settlement_date>2017-08-10</settlement_date>
            <arrears>
                <in_arrears>No</in_arrears>
                <in_arrears_on_date>nan</in_arrears_on_date>
            </arrears>
            <payment>
                <state>Paid</state>
            </payment>
            <price_grade>2</price_grade>
            <currency>GBP</currency>
            <face_value>
                <amount>396355.91</amount>
                <amount_gbp>396355.91</amount_gbp>
            </face_value>
            <outstanding_principal>
                <amount>0.0</amount>
                <amount_gbp>0.0</amount_gbp>
            </outstanding_principal>
            <crystalised_loss>
                <amount>nan</amount>
                <date>nan</date>
            </crystalised_loss>
            <gross_yield>
                <annualised>6.930888671798253</annualised>
            </gross_yield>
        </trade>
    </loan>
    
