
    <loan>
        <seller>
            <id>34591</id>
        </seller>
        <trade id="43590" type="WholeLedger">
            <advance>
                <date>2017-08-22</date>
                <amount>99990.15</amount>
                <amount_gbp>99990.15</amount_gbp>
                <percentage>19.99</percentage>
            </advance>
            <discount>
                <percentage>0.55</percentage>
                <on>Advance</on>
            </discount>
            <expected_payment_date>2017-11-20 00:00:00 +0000</expected_payment_date>
            <settlement_date>2017-08-25</settlement_date>
            <arrears>
                <in_arrears>No</in_arrears>
                <in_arrears_on_date>nan</in_arrears_on_date>
            </arrears>
            <payment>
                <state>Paid</state>
            </payment>
            <price_grade>3</price_grade>
            <currency>GBP</currency>
            <face_value>
                <amount>500200.88</amount>
                <amount_gbp>500200.88</amount_gbp>
            </face_value>
            <outstanding_principal>
                <amount>0.0</amount>
                <amount_gbp>0.0</amount_gbp>
            </outstanding_principal>
            <crystalised_loss>
                <amount>nan</amount>
                <date>nan</date>
            </crystalised_loss>
            <gross_yield>
                <annualised>6.803355946764843</annualised>
            </gross_yield>
        </trade>
    </loan>
    
