
    <loan>
        <seller>
            <id>26297</id>
        </seller>
        <trade id="43779" type="Standard">
            <advance>
                <date>2017-08-29</date>
                <amount>25178.7</amount>
                <amount_gbp>19427.39</amount_gbp>
                <percentage>85.0</percentage>
            </advance>
            <discount>
                <percentage>0.9</percentage>
                <on>Advance</on>
            </discount>
            <expected_payment_date>2017-10-12 00:00:00 +0000</expected_payment_date>
            <settlement_date>2017-09-11</settlement_date>
            <arrears>
                <in_arrears>No</in_arrears>
                <in_arrears_on_date>nan</in_arrears_on_date>
            </arrears>
            <payment>
                <state>Paid</state>
            </payment>
            <price_grade>5</price_grade>
            <currency>USD</currency>
            <face_value>
                <amount>29622.0</amount>
                <amount_gbp>22855.7529</amount_gbp>
            </face_value>
            <outstanding_principal>
                <amount>0.0</amount>
                <amount_gbp>0.0</amount_gbp>
            </outstanding_principal>
            <crystalised_loss>
                <amount>nan</amount>
                <date>nan</date>
            </crystalised_loss>
            <gross_yield>
                <annualised>11.350967495666751</annualised>
            </gross_yield>
        </trade>
    </loan>
    
