
    <loan>
        <seller>
            <id>25715</id>
        </seller>
        <trade id="43786" type="Standard">
            <advance>
                <date>2017-12-11</date>
                <amount>332765.64</amount>
                <amount_gbp>248953.6091</amount_gbp>
                <percentage>80.0</percentage>
            </advance>
            <discount>
                <percentage>0.9</percentage>
                <on>Advance</on>
            </discount>
            <expected_payment_date>2018-03-02 00:00:00 +0000</expected_payment_date>
            <settlement_date>2018-02-22</settlement_date>
            <arrears>
                <in_arrears>No</in_arrears>
                <in_arrears_on_date>nan</in_arrears_on_date>
            </arrears>
            <payment>
                <state>Paid</state>
            </payment>
            <price_grade>5</price_grade>
            <currency>USD</currency>
            <face_value>
                <amount>415957.05</amount>
                <amount_gbp>311192.0112</amount_gbp>
            </face_value>
            <outstanding_principal>
                <amount>0.0</amount>
                <amount_gbp>0.0</amount_gbp>
            </outstanding_principal>
            <crystalised_loss>
                <amount>nan</amount>
                <date>nan</date>
            </crystalised_loss>
            <gross_yield>
                <annualised>11.350967495666751</annualised>
            </gross_yield>
        </trade>
    </loan>
    
