
    <loan>
        <seller>
            <id>19950</id>
        </seller>
        <trade id="44016" type="MultiDebtor">
            <advance>
                <date>2017-09-08</date>
                <amount>8842.53</amount>
                <amount_gbp>8842.53</amount_gbp>
                <percentage>76.0</percentage>
            </advance>
            <discount>
                <percentage>0.66</percentage>
                <on>Advance</on>
            </discount>
            <expected_payment_date>2017-10-13 00:00:00 +0000</expected_payment_date>
            <settlement_date>2017-10-30</settlement_date>
            <arrears>
                <in_arrears>No</in_arrears>
                <in_arrears_on_date>nan</in_arrears_on_date>
            </arrears>
            <payment>
                <state>Paid</state>
            </payment>
            <price_grade>3</price_grade>
            <currency>GBP</currency>
            <face_value>
                <amount>11634.91</amount>
                <amount_gbp>11634.91</amount_gbp>
            </face_value>
            <outstanding_principal>
                <amount>0.0</amount>
                <amount_gbp>0.0</amount_gbp>
            </outstanding_principal>
            <crystalised_loss>
                <amount>nan</amount>
                <date>nan</date>
            </crystalised_loss>
            <gross_yield>
                <annualised>8.213915836471129</annualised>
            </gross_yield>
        </trade>
    </loan>
    
