
    <loan>
        <seller>
            <id>30339</id>
        </seller>
        <trade id="44943" type="Standard">
            <advance>
                <date>2017-10-02</date>
                <amount>7172.43</amount>
                <amount_gbp>6341.1453</amount_gbp>
                <percentage>75.0</percentage>
            </advance>
            <discount>
                <percentage>1.2</percentage>
                <on>Advance</on>
            </discount>
            <expected_payment_date>2017-11-24 00:00:00 +0000</expected_payment_date>
            <settlement_date>2018-01-02</settlement_date>
            <arrears>
                <in_arrears>No</in_arrears>
                <in_arrears_on_date>nan</in_arrears_on_date>
            </arrears>
            <payment>
                <state>Repurchased</state>
            </payment>
            <price_grade>7</price_grade>
            <currency>EUR</currency>
            <face_value>
                <amount>9563.25</amount>
                <amount_gbp>8454.8693</amount_gbp>
            </face_value>
            <outstanding_principal>
                <amount>0.0</amount>
                <amount_gbp>0.0</amount_gbp>
            </outstanding_principal>
            <crystalised_loss>
                <amount>nan</amount>
                <date>nan</date>
            </crystalised_loss>
            <gross_yield>
                <annualised>15.389462418258605</annualised>
            </gross_yield>
        </trade>
    </loan>
    
