
    <loan>
        <seller>
            <id>9001</id>
        </seller>
        <trade id="46173" type="MultiDebtor">
            <advance>
                <date>2017-11-09</date>
                <amount>5655.01</amount>
                <amount_gbp>5655.01</amount_gbp>
                <percentage>65.0</percentage>
            </advance>
            <discount>
                <percentage>1.09</percentage>
                <on>Advance</on>
            </discount>
            <expected_payment_date>2017-12-15 00:00:00 +0000</expected_payment_date>
            <settlement_date>2017-11-20</settlement_date>
            <arrears>
                <in_arrears>No</in_arrears>
                <in_arrears_on_date>nan</in_arrears_on_date>
            </arrears>
            <payment>
                <state>Paid</state>
            </payment>
            <price_grade>6</price_grade>
            <currency>GBP</currency>
            <face_value>
                <amount>8700.0</amount>
                <amount_gbp>8700.0</amount_gbp>
            </face_value>
            <outstanding_principal>
                <amount>0.0</amount>
                <amount_gbp>0.0</amount_gbp>
            </outstanding_principal>
            <crystalised_loss>
                <amount>nan</amount>
                <date>nan</date>
            </crystalised_loss>
            <gross_yield>
                <annualised>13.89334771322033</annualised>
            </gross_yield>
        </trade>
    </loan>
    
