
    <loan>
        <seller>
            <id>28356</id>
        </seller>
        <trade id="47279" type="Standard">
            <advance>
                <date>2017-12-01</date>
                <amount>20149.73</amount>
                <amount_gbp>20149.73</amount_gbp>
                <percentage>85.0</percentage>
            </advance>
            <discount>
                <percentage>1.0</percentage>
                <on>Advance</on>
            </discount>
            <expected_payment_date>2018-01-05 00:00:00 +0000</expected_payment_date>
            <settlement_date>2017-12-11</settlement_date>
            <arrears>
                <in_arrears>No</in_arrears>
                <in_arrears_on_date>nan</in_arrears_on_date>
            </arrears>
            <payment>
                <state>Paid</state>
            </payment>
            <price_grade>6</price_grade>
            <currency>GBP</currency>
            <face_value>
                <amount>23705.57</amount>
                <amount_gbp>23705.57</amount_gbp>
            </face_value>
            <outstanding_principal>
                <amount>0.0</amount>
                <amount_gbp>0.0</amount_gbp>
            </outstanding_principal>
            <crystalised_loss>
                <amount>nan</amount>
                <date>nan</date>
            </crystalised_loss>
            <gross_yield>
                <annualised>12.682503013196976</annualised>
            </gross_yield>
        </trade>
    </loan>
    
