
    <loan>
        <seller>
            <id>32671</id>
        </seller>
        <trade id="47286" type="WholeLedger">
            <advance>
                <date>2017-12-01</date>
                <amount>85555.85</amount>
                <amount_gbp>85555.85</amount_gbp>
                <percentage>77.5832</percentage>
            </advance>
            <discount>
                <percentage>0.51</percentage>
                <on>Advance</on>
            </discount>
            <expected_payment_date>2018-03-01 00:00:00 +0000</expected_payment_date>
            <settlement_date>2017-12-05</settlement_date>
            <arrears>
                <in_arrears>No</in_arrears>
                <in_arrears_on_date>nan</in_arrears_on_date>
            </arrears>
            <payment>
                <state>Paid</state>
            </payment>
            <price_grade>3</price_grade>
            <currency>GBP</currency>
            <face_value>
                <amount>110276.25</amount>
                <amount_gbp>110276.25</amount_gbp>
            </face_value>
            <outstanding_principal>
                <amount>0.0</amount>
                <amount_gbp>0.0</amount_gbp>
            </outstanding_principal>
            <crystalised_loss>
                <amount>nan</amount>
                <date>nan</date>
            </crystalised_loss>
            <gross_yield>
                <annualised>6.294618084638115</annualised>
            </gross_yield>
        </trade>
    </loan>
    
