
    <loan>
        <seller>
            <id>36518</id>
        </seller>
        <trade id="48176" type="Standard">
            <advance>
                <date>2017-12-22</date>
                <amount>10751.01</amount>
                <amount_gbp>10751.01</amount_gbp>
                <percentage>65.0</percentage>
            </advance>
            <discount>
                <percentage>2.0</percentage>
                <on>Advance</on>
            </discount>
            <expected_payment_date>2018-01-30 00:00:00 +0000</expected_payment_date>
            <settlement_date>2018-02-07</settlement_date>
            <arrears>
                <in_arrears>No</in_arrears>
                <in_arrears_on_date>nan</in_arrears_on_date>
            </arrears>
            <payment>
                <state>Paid</state>
            </payment>
            <price_grade>10</price_grade>
            <currency>GBP</currency>
            <face_value>
                <amount>16540.02</amount>
                <amount_gbp>16540.02</amount_gbp>
            </face_value>
            <outstanding_principal>
                <amount>0.0</amount>
                <amount_gbp>0.0</amount_gbp>
            </outstanding_principal>
            <crystalised_loss>
                <amount>nan</amount>
                <date>nan</date>
            </crystalised_loss>
            <gross_yield>
                <annualised>26.824179456254548</annualised>
            </gross_yield>
        </trade>
    </loan>
    
