
    <loan>
        <seller>
            <id>16005</id>
        </seller>
        <trade id="48348" type="WholeLedger">
            <advance>
                <date>2017-12-29</date>
                <amount>468829.28</amount>
                <amount_gbp>468829.28</amount_gbp>
                <percentage>64.3344</percentage>
            </advance>
            <discount>
                <percentage>0.32</percentage>
                <on>Advance</on>
            </discount>
            <expected_payment_date>2018-03-28 00:00:00 +0000</expected_payment_date>
            <settlement_date>2018-01-05</settlement_date>
            <arrears>
                <in_arrears>No</in_arrears>
                <in_arrears_on_date>nan</in_arrears_on_date>
            </arrears>
            <payment>
                <state>Paid</state>
            </payment>
            <price_grade>1</price_grade>
            <currency>GBP</currency>
            <face_value>
                <amount>728737.52</amount>
                <amount_gbp>728737.52</amount_gbp>
            </face_value>
            <outstanding_principal>
                <amount>0.0</amount>
                <amount_gbp>0.0</amount_gbp>
            </outstanding_principal>
            <crystalised_loss>
                <amount>nan</amount>
                <date>nan</date>
            </crystalised_loss>
            <gross_yield>
                <annualised>3.908310113125912</annualised>
            </gross_yield>
        </trade>
    </loan>
    
