
    <loan>
        <seller>
            <id>443</id>
        </seller>
        <trade id="48374" type="WholeLedger">
            <advance>
                <date>2018-01-02</date>
                <amount>446607.89</amount>
                <amount_gbp>446607.89</amount_gbp>
                <percentage>79.6839</percentage>
            </advance>
            <discount>
                <percentage>0.56</percentage>
                <on>Advance</on>
            </discount>
            <expected_payment_date>2018-04-02 00:00:00 +0000</expected_payment_date>
            <settlement_date>2018-01-04</settlement_date>
            <arrears>
                <in_arrears>No</in_arrears>
                <in_arrears_on_date>nan</in_arrears_on_date>
            </arrears>
            <payment>
                <state>Paid</state>
            </payment>
            <price_grade>2</price_grade>
            <currency>GBP</currency>
            <face_value>
                <amount>560474.27</amount>
                <amount_gbp>560474.27</amount_gbp>
            </face_value>
            <outstanding_principal>
                <amount>0.0</amount>
                <amount_gbp>0.0</amount_gbp>
            </outstanding_principal>
            <crystalised_loss>
                <amount>nan</amount>
                <date>nan</date>
            </crystalised_loss>
            <gross_yield>
                <annualised>6.930888671798253</annualised>
            </gross_yield>
        </trade>
    </loan>
    
