
    <loan>
        <seller>
            <id>9234</id>
        </seller>
        <trade id="48406" type="Standard">
            <advance>
                <date>2018-01-08</date>
                <amount>39010.57</amount>
                <amount_gbp>39010.57</amount_gbp>
                <percentage>65.0</percentage>
            </advance>
            <discount>
                <percentage>0.81</percentage>
                <on>Advance</on>
            </discount>
            <expected_payment_date>2018-02-12 00:00:00 +0000</expected_payment_date>
            <settlement_date>2018-02-09</settlement_date>
            <arrears>
                <in_arrears>No</in_arrears>
                <in_arrears_on_date>nan</in_arrears_on_date>
            </arrears>
            <payment>
                <state>Paid</state>
            </payment>
            <price_grade>5</price_grade>
            <currency>GBP</currency>
            <face_value>
                <amount>60016.26</amount>
                <amount_gbp>60016.26</amount_gbp>
            </face_value>
            <outstanding_principal>
                <amount>0.0</amount>
                <amount_gbp>0.0</amount_gbp>
            </outstanding_principal>
            <crystalised_loss>
                <amount>nan</amount>
                <date>nan</date>
            </crystalised_loss>
            <gross_yield>
                <annualised>10.164933571080793</annualised>
            </gross_yield>
        </trade>
    </loan>
    
