
    <loan>
        <seller>
            <id>32671</id>
        </seller>
        <trade id="48638" type="WholeLedger">
            <advance>
                <date>2018-01-09</date>
                <amount>68077.95</amount>
                <amount_gbp>68077.95</amount_gbp>
                <percentage>79.0297</percentage>
            </advance>
            <discount>
                <percentage>0.51</percentage>
                <on>Advance</on>
            </discount>
            <expected_payment_date>2018-04-09 00:00:00 +0000</expected_payment_date>
            <settlement_date>2018-01-11</settlement_date>
            <arrears>
                <in_arrears>No</in_arrears>
                <in_arrears_on_date>nan</in_arrears_on_date>
            </arrears>
            <payment>
                <state>Paid</state>
            </payment>
            <price_grade>3</price_grade>
            <currency>GBP</currency>
            <face_value>
                <amount>86142.15</amount>
                <amount_gbp>86142.15</amount_gbp>
            </face_value>
            <outstanding_principal>
                <amount>0.0</amount>
                <amount_gbp>0.0</amount_gbp>
            </outstanding_principal>
            <crystalised_loss>
                <amount>nan</amount>
                <date>nan</date>
            </crystalised_loss>
            <gross_yield>
                <annualised>6.294618084638115</annualised>
            </gross_yield>
        </trade>
    </loan>
    
