
    <loan>
        <seller>
            <id>443</id>
        </seller>
        <trade id="48823" type="WholeLedger">
            <advance>
                <date>2018-01-15</date>
                <amount>17118.53</amount>
                <amount_gbp>15242.3391</amount_gbp>
                <percentage>70.2241</percentage>
            </advance>
            <discount>
                <percentage>0.56</percentage>
                <on>Advance</on>
            </discount>
            <expected_payment_date>2018-04-15 00:00:00 +0000</expected_payment_date>
            <settlement_date>2018-02-02</settlement_date>
            <arrears>
                <in_arrears>No</in_arrears>
                <in_arrears_on_date>nan</in_arrears_on_date>
            </arrears>
            <payment>
                <state>Paid</state>
            </payment>
            <price_grade>2</price_grade>
            <currency>EUR</currency>
            <face_value>
                <amount>24377.0</amount>
                <amount_gbp>21705.2808</amount_gbp>
            </face_value>
            <outstanding_principal>
                <amount>0.0</amount>
                <amount_gbp>0.0</amount_gbp>
            </outstanding_principal>
            <crystalised_loss>
                <amount>nan</amount>
                <date>nan</date>
            </crystalised_loss>
            <gross_yield>
                <annualised>6.930888671798253</annualised>
            </gross_yield>
        </trade>
    </loan>
    
