
    <loan>
        <seller>
            <id>34869</id>
        </seller>
        <trade id="49254" type="WholeLedger">
            <advance>
                <date>2018-01-29</date>
                <amount>648052.02</amount>
                <amount_gbp>460373.9772</amount_gbp>
                <percentage>61.1739</percentage>
            </advance>
            <discount>
                <percentage>0.41</percentage>
                <on>Advance</on>
            </discount>
            <expected_payment_date>2018-04-26 00:00:00 +0000</expected_payment_date>
            <settlement_date>2018-02-08</settlement_date>
            <arrears>
                <in_arrears>No</in_arrears>
                <in_arrears_on_date>nan</in_arrears_on_date>
            </arrears>
            <payment>
                <state>Paid</state>
            </payment>
            <price_grade>1</price_grade>
            <currency>USD</currency>
            <face_value>
                <amount>1059358.87</amount>
                <amount_gbp>752564.9787</amount_gbp>
            </face_value>
            <outstanding_principal>
                <amount>0.0</amount>
                <amount_gbp>0.0</amount_gbp>
            </outstanding_principal>
            <crystalised_loss>
                <amount>nan</amount>
                <date>nan</date>
            </crystalised_loss>
            <gross_yield>
                <annualised>5.032476341715508</annualised>
            </gross_yield>
        </trade>
    </loan>
    
