
    <loan>
        <seller>
            <id>39499</id>
        </seller>
        <trade id="49283" type="Standard">
            <advance>
                <date>2018-01-29</date>
                <amount>13335.84</amount>
                <amount_gbp>13335.84</amount_gbp>
                <percentage>70.0</percentage>
            </advance>
            <discount>
                <percentage>0.9</percentage>
                <on>Advance</on>
            </discount>
            <expected_payment_date>2018-03-11 00:00:00 +0000</expected_payment_date>
            <settlement_date>2018-03-05</settlement_date>
            <arrears>
                <in_arrears>No</in_arrears>
                <in_arrears_on_date>nan</in_arrears_on_date>
            </arrears>
            <payment>
                <state>Paid</state>
            </payment>
            <price_grade>5</price_grade>
            <currency>GBP</currency>
            <face_value>
                <amount>19051.2</amount>
                <amount_gbp>19051.2</amount_gbp>
            </face_value>
            <outstanding_principal>
                <amount>0.0</amount>
                <amount_gbp>0.0</amount_gbp>
            </outstanding_principal>
            <crystalised_loss>
                <amount>nan</amount>
                <date>nan</date>
            </crystalised_loss>
            <gross_yield>
                <annualised>11.350967495666751</annualised>
            </gross_yield>
        </trade>
    </loan>
    
