
    <loan>
        <seller>
            <id>38643</id>
        </seller>
        <trade id="49297" type="Standard">
            <advance>
                <date>2018-01-31</date>
                <amount>5852.4</amount>
                <amount_gbp>5144.8448</amount_gbp>
                <percentage>60.0</percentage>
            </advance>
            <discount>
                <percentage>1.2</percentage>
                <on>Advance</on>
            </discount>
            <expected_payment_date>2018-02-28 00:00:00 +0000</expected_payment_date>
            <settlement_date>2018-02-26</settlement_date>
            <arrears>
                <in_arrears>No</in_arrears>
                <in_arrears_on_date>nan</in_arrears_on_date>
            </arrears>
            <payment>
                <state>Paid</state>
            </payment>
            <price_grade>7</price_grade>
            <currency>EUR</currency>
            <face_value>
                <amount>9754.0</amount>
                <amount_gbp>8574.7414</amount_gbp>
            </face_value>
            <outstanding_principal>
                <amount>0.0</amount>
                <amount_gbp>0.0</amount_gbp>
            </outstanding_principal>
            <crystalised_loss>
                <amount>nan</amount>
                <date>nan</date>
            </crystalised_loss>
            <gross_yield>
                <annualised>15.389462418258605</annualised>
            </gross_yield>
        </trade>
    </loan>
    
