
    <loan>
        <seller>
            <id>10758</id>
        </seller>
        <trade id="49917" type="MultiDebtor">
            <advance>
                <date>2018-02-13</date>
                <amount>9789.5</amount>
                <amount_gbp>9789.5</amount_gbp>
                <percentage>70.0</percentage>
            </advance>
            <discount>
                <percentage>0.9</percentage>
                <on>Advance</on>
            </discount>
            <expected_payment_date>2018-04-27 00:00:00 +0000</expected_payment_date>
            <settlement_date>2018-02-26</settlement_date>
            <arrears>
                <in_arrears>No</in_arrears>
                <in_arrears_on_date>nan</in_arrears_on_date>
            </arrears>
            <payment>
                <state>Repurchased</state>
            </payment>
            <price_grade>5</price_grade>
            <currency>GBP</currency>
            <face_value>
                <amount>13985.0</amount>
                <amount_gbp>13985.0</amount_gbp>
            </face_value>
            <outstanding_principal>
                <amount>0.0</amount>
                <amount_gbp>0.0</amount_gbp>
            </outstanding_principal>
            <crystalised_loss>
                <amount>nan</amount>
                <date>nan</date>
            </crystalised_loss>
            <gross_yield>
                <annualised>11.350967495666751</annualised>
            </gross_yield>
        </trade>
    </loan>
    
