
    <loan>
        <seller>
            <id>9291</id>
        </seller>
        <trade id="50088" type="Standard">
            <advance>
                <date>2018-02-19</date>
                <amount>21425.1</amount>
                <amount_gbp>21425.1</amount_gbp>
                <percentage>85.0</percentage>
            </advance>
            <discount>
                <percentage>0.8</percentage>
                <on>Advance</on>
            </discount>
            <expected_payment_date>2018-03-31 00:00:00 +0000</expected_payment_date>
            <settlement_date>2018-04-16</settlement_date>
            <arrears>
                <in_arrears>No</in_arrears>
                <in_arrears_on_date>nan</in_arrears_on_date>
            </arrears>
            <payment>
                <state>Paid</state>
            </payment>
            <price_grade>4</price_grade>
            <currency>GBP</currency>
            <face_value>
                <amount>25206.0</amount>
                <amount_gbp>25206.0</amount_gbp>
            </face_value>
            <outstanding_principal>
                <amount>0.0</amount>
                <amount_gbp>0.0</amount_gbp>
            </outstanding_principal>
            <crystalised_loss>
                <amount>nan</amount>
                <date>nan</date>
            </crystalised_loss>
            <gross_yield>
                <annualised>10.033869371614637</annualised>
            </gross_yield>
        </trade>
    </loan>
    
