
    <loan>
        <seller>
            <id>30572</id>
        </seller>
        <trade id="50507" type="Standard">
            <advance>
                <date>2018-02-27</date>
                <amount>13922.55</amount>
                <amount_gbp>13922.55</amount_gbp>
                <percentage>75.0</percentage>
            </advance>
            <discount>
                <percentage>0.72</percentage>
                <on>Advance</on>
            </discount>
            <expected_payment_date>2018-05-13 00:00:00 +0000</expected_payment_date>
            <settlement_date>2018-03-02</settlement_date>
            <arrears>
                <in_arrears>No</in_arrears>
                <in_arrears_on_date>nan</in_arrears_on_date>
            </arrears>
            <payment>
                <state>Paid</state>
            </payment>
            <price_grade>4</price_grade>
            <currency>GBP</currency>
            <face_value>
                <amount>18563.4</amount>
                <amount_gbp>18563.4</amount_gbp>
            </face_value>
            <outstanding_principal>
                <amount>0.0</amount>
                <amount_gbp>0.0</amount_gbp>
            </outstanding_principal>
            <crystalised_loss>
                <amount>nan</amount>
                <date>nan</date>
            </crystalised_loss>
            <gross_yield>
                <annualised>8.990490026994502</annualised>
            </gross_yield>
        </trade>
    </loan>
    
