
    <loan>
        <seller>
            <id>15461</id>
        </seller>
        <trade id="50711" type="WholeLedger">
            <advance>
                <date>2018-03-02</date>
                <amount>31603.6</amount>
                <amount_gbp>22927.4979</amount_gbp>
                <percentage>56.0046</percentage>
            </advance>
            <discount>
                <percentage>0.8</percentage>
                <on>Advance</on>
            </discount>
            <expected_payment_date>2018-05-30 00:00:00 +0000</expected_payment_date>
            <settlement_date>2018-03-02</settlement_date>
            <arrears>
                <in_arrears>No</in_arrears>
                <in_arrears_on_date>nan</in_arrears_on_date>
            </arrears>
            <payment>
                <state>Paid</state>
            </payment>
            <price_grade>4</price_grade>
            <currency>USD</currency>
            <face_value>
                <amount>56430.3</amount>
                <amount_gbp>40938.5493</amount_gbp>
            </face_value>
            <outstanding_principal>
                <amount>0.0</amount>
                <amount_gbp>0.0</amount_gbp>
            </outstanding_principal>
            <crystalised_loss>
                <amount>nan</amount>
                <date>nan</date>
            </crystalised_loss>
            <gross_yield>
                <annualised>10.033869371614637</annualised>
            </gross_yield>
        </trade>
    </loan>
    
