
    <loan>
        <seller>
            <id>32560</id>
        </seller>
        <trade id="51143" type="Standard">
            <advance>
                <date>2018-03-23</date>
                <amount>48040.25</amount>
                <amount_gbp>48040.25</amount_gbp>
                <percentage>65.0</percentage>
            </advance>
            <discount>
                <percentage>1.7</percentage>
                <on>Advance</on>
            </discount>
            <expected_payment_date>2018-04-27 00:00:00 +0000</expected_payment_date>
            <settlement_date>2018-04-27</settlement_date>
            <arrears>
                <in_arrears>No</in_arrears>
                <in_arrears_on_date>nan</in_arrears_on_date>
            </arrears>
            <payment>
                <state>Paid</state>
            </payment>
            <price_grade>9</price_grade>
            <currency>GBP</currency>
            <face_value>
                <amount>73908.07</amount>
                <amount_gbp>73908.07</amount_gbp>
            </face_value>
            <outstanding_principal>
                <amount>0.0</amount>
                <amount_gbp>0.0</amount_gbp>
            </outstanding_principal>
            <crystalised_loss>
                <amount>nan</amount>
                <date>nan</date>
            </crystalised_loss>
            <gross_yield>
                <annualised>22.419735005332388</annualised>
            </gross_yield>
        </trade>
    </loan>
    
