
    <loan>
        <seller>
            <id>21296</id>
        </seller>
        <trade id="52304" type="Standard">
            <advance>
                <date>2018-04-05</date>
                <amount>22410.43</amount>
                <amount_gbp>19584.4747</amount_gbp>
                <percentage>80.0</percentage>
            </advance>
            <discount>
                <percentage>0.9</percentage>
                <on>Advance</on>
            </discount>
            <expected_payment_date>2018-06-04 00:00:00 +0000</expected_payment_date>
            <settlement_date>2018-06-01</settlement_date>
            <arrears>
                <in_arrears>No</in_arrears>
                <in_arrears_on_date>nan</in_arrears_on_date>
            </arrears>
            <payment>
                <state>Paid</state>
            </payment>
            <price_grade>5</price_grade>
            <currency>EUR</currency>
            <face_value>
                <amount>28013.04</amount>
                <amount_gbp>24480.5956</amount_gbp>
            </face_value>
            <outstanding_principal>
                <amount>0.0</amount>
                <amount_gbp>0.0</amount_gbp>
            </outstanding_principal>
            <crystalised_loss>
                <amount>nan</amount>
                <date>nan</date>
            </crystalised_loss>
            <gross_yield>
                <annualised>11.350967495666751</annualised>
            </gross_yield>
        </trade>
    </loan>
    
