
    <loan>
        <seller>
            <id>30767</id>
        </seller>
        <trade id="52853" type="WholeLedger">
            <advance>
                <date>2018-03-29</date>
                <amount>1000000.0</amount>
                <amount_gbp>1000000.0</amount_gbp>
                <percentage>68.9146</percentage>
            </advance>
            <discount>
                <percentage>0.49</percentage>
                <on>Advance</on>
            </discount>
            <expected_payment_date>2018-06-27 00:00:00 +0000</expected_payment_date>
            <settlement_date>2018-04-04</settlement_date>
            <arrears>
                <in_arrears>No</in_arrears>
                <in_arrears_on_date>nan</in_arrears_on_date>
            </arrears>
            <payment>
                <state>Paid</state>
            </payment>
            <price_grade>2</price_grade>
            <currency>GBP</currency>
            <face_value>
                <amount>1451070.96</amount>
                <amount_gbp>1451070.96</amount_gbp>
            </face_value>
            <outstanding_principal>
                <amount>0.0</amount>
                <amount_gbp>0.0</amount_gbp>
            </outstanding_principal>
            <crystalised_loss>
                <amount>nan</amount>
                <date>nan</date>
            </crystalised_loss>
            <gross_yield>
                <annualised>6.041083038769558</annualised>
            </gross_yield>
        </trade>
    </loan>
    
