
    <loan>
        <seller>
            <id>35237</id>
        </seller>
        <trade id="53224" type="WholeLedger">
            <advance>
                <date>2018-04-10</date>
                <amount>64835.51</amount>
                <amount_gbp>64835.51</amount_gbp>
                <percentage>83.9234</percentage>
            </advance>
            <discount>
                <percentage>0.48</percentage>
                <on>Advance</on>
            </discount>
            <expected_payment_date>2018-07-09 00:00:00 +0000</expected_payment_date>
            <settlement_date>2018-05-02</settlement_date>
            <arrears>
                <in_arrears>No</in_arrears>
                <in_arrears_on_date>nan</in_arrears_on_date>
            </arrears>
            <payment>
                <state>Paid</state>
            </payment>
            <price_grade>2</price_grade>
            <currency>GBP</currency>
            <face_value>
                <amount>77255.58</amount>
                <amount_gbp>77255.58</amount_gbp>
            </face_value>
            <outstanding_principal>
                <amount>0.0</amount>
                <amount_gbp>0.0</amount_gbp>
            </outstanding_principal>
            <crystalised_loss>
                <amount>nan</amount>
                <date>nan</date>
            </crystalised_loss>
            <gross_yield>
                <annualised>5.914523503598602</annualised>
            </gross_yield>
        </trade>
    </loan>
    
