
    <loan>
        <seller>
            <id>39725</id>
        </seller>
        <trade id="53768" type="WholeLedger">
            <advance>
                <date>2018-04-23</date>
                <amount>88716.24</amount>
                <amount_gbp>88716.24</amount_gbp>
                <percentage>21.6058</percentage>
            </advance>
            <discount>
                <percentage>0.32</percentage>
                <on>Advance</on>
            </discount>
            <expected_payment_date>2018-07-19 00:00:00 +0000</expected_payment_date>
            <settlement_date>2018-04-26</settlement_date>
            <arrears>
                <in_arrears>No</in_arrears>
                <in_arrears_on_date>nan</in_arrears_on_date>
            </arrears>
            <payment>
                <state>Paid</state>
            </payment>
            <price_grade>1</price_grade>
            <currency>GBP</currency>
            <face_value>
                <amount>410611.65</amount>
                <amount_gbp>410611.65</amount_gbp>
            </face_value>
            <outstanding_principal>
                <amount>0.0</amount>
                <amount_gbp>0.0</amount_gbp>
            </outstanding_principal>
            <crystalised_loss>
                <amount>nan</amount>
                <date>nan</date>
            </crystalised_loss>
            <gross_yield>
                <annualised>3.908310113125912</annualised>
            </gross_yield>
        </trade>
    </loan>
    
