
    <loan>
        <seller>
            <id>16569</id>
        </seller>
        <trade id="53783" type="Standard">
            <advance>
                <date>2018-04-23</date>
                <amount>25287.36</amount>
                <amount_gbp>25287.36</amount_gbp>
                <percentage>80.0</percentage>
            </advance>
            <discount>
                <percentage>0.63</percentage>
                <on>Advance</on>
            </discount>
            <expected_payment_date>2018-07-02 00:00:00 +0000</expected_payment_date>
            <settlement_date>2018-06-11</settlement_date>
            <arrears>
                <in_arrears>No</in_arrears>
                <in_arrears_on_date>nan</in_arrears_on_date>
            </arrears>
            <payment>
                <state>Paid</state>
            </payment>
            <price_grade>2</price_grade>
            <currency>GBP</currency>
            <face_value>
                <amount>31609.2</amount>
                <amount_gbp>31609.2</amount_gbp>
            </face_value>
            <outstanding_principal>
                <amount>0.0</amount>
                <amount_gbp>0.0</amount_gbp>
            </outstanding_principal>
            <crystalised_loss>
                <amount>nan</amount>
                <date>nan</date>
            </crystalised_loss>
            <gross_yield>
                <annualised>7.82753380297514</annualised>
            </gross_yield>
        </trade>
    </loan>
    
