
    <loan>
        <seller>
            <id>31002</id>
        </seller>
        <trade id="54205" type="Standard">
            <advance>
                <date>2018-05-01</date>
                <amount>7032.45</amount>
                <amount_gbp>7032.45</amount_gbp>
                <percentage>65.0</percentage>
            </advance>
            <discount>
                <percentage>1.4</percentage>
                <on>Advance</on>
            </discount>
            <expected_payment_date>2018-05-21 00:00:00 +0000</expected_payment_date>
            <settlement_date>2018-05-21</settlement_date>
            <arrears>
                <in_arrears>No</in_arrears>
                <in_arrears_on_date>nan</in_arrears_on_date>
            </arrears>
            <payment>
                <state>Paid</state>
            </payment>
            <price_grade>8</price_grade>
            <currency>GBP</currency>
            <face_value>
                <amount>10819.16</amount>
                <amount_gbp>10819.16</amount_gbp>
            </face_value>
            <outstanding_principal>
                <amount>0.0</amount>
                <amount_gbp>0.0</amount_gbp>
            </outstanding_principal>
            <crystalised_loss>
                <amount>nan</amount>
                <date>nan</date>
            </crystalised_loss>
            <gross_yield>
                <annualised>18.1559128918122</annualised>
            </gross_yield>
        </trade>
    </loan>
    
