
    <loan>
        <seller>
            <id>10758</id>
        </seller>
        <trade id="54563" type="MultiDebtor">
            <advance>
                <date>2018-05-09</date>
                <amount>21366.1</amount>
                <amount_gbp>21366.1</amount_gbp>
                <percentage>70.0</percentage>
            </advance>
            <discount>
                <percentage>1.07</percentage>
                <on>Advance</on>
            </discount>
            <expected_payment_date>2018-07-21 00:00:00 +0000</expected_payment_date>
            <settlement_date>2018-05-15</settlement_date>
            <arrears>
                <in_arrears>No</in_arrears>
                <in_arrears_on_date>nan</in_arrears_on_date>
            </arrears>
            <payment>
                <state>Repurchased</state>
            </payment>
            <price_grade>6</price_grade>
            <currency>GBP</currency>
            <face_value>
                <amount>30523.0</amount>
                <amount_gbp>30523.0</amount_gbp>
            </face_value>
            <outstanding_principal>
                <amount>0.0</amount>
                <amount_gbp>0.0</amount_gbp>
            </outstanding_principal>
            <crystalised_loss>
                <amount>nan</amount>
                <date>nan</date>
            </crystalised_loss>
            <gross_yield>
                <annualised>13.623245038182375</annualised>
            </gross_yield>
        </trade>
    </loan>
    
