
    <loan>
        <seller>
            <id>22227</id>
        </seller>
        <trade id="54588" type="WholeLedger">
            <advance>
                <date>2018-05-09</date>
                <amount>282463.7</amount>
                <amount_gbp>246986.2592</amount_gbp>
                <percentage>67.19800000000001</percentage>
            </advance>
            <discount>
                <percentage>0.32</percentage>
                <on>Advance</on>
            </discount>
            <expected_payment_date>2018-08-06 00:00:00 +0000</expected_payment_date>
            <settlement_date>2018-06-06</settlement_date>
            <arrears>
                <in_arrears>No</in_arrears>
                <in_arrears_on_date>nan</in_arrears_on_date>
            </arrears>
            <payment>
                <state>Paid</state>
            </payment>
            <price_grade>1</price_grade>
            <currency>EUR</currency>
            <face_value>
                <amount>420344.83</amount>
                <amount_gbp>367549.5185</amount_gbp>
            </face_value>
            <outstanding_principal>
                <amount>0.0</amount>
                <amount_gbp>0.0</amount_gbp>
            </outstanding_principal>
            <crystalised_loss>
                <amount>nan</amount>
                <date>nan</date>
            </crystalised_loss>
            <gross_yield>
                <annualised>3.908310113125912</annualised>
            </gross_yield>
        </trade>
    </loan>
    
