
    <loan>
        <seller>
            <id>41923</id>
        </seller>
        <trade id="55457" type="WholeLedger">
            <advance>
                <date>2018-05-31</date>
                <amount>366079.13</amount>
                <amount_gbp>366079.13</amount_gbp>
                <percentage>50.1269</percentage>
            </advance>
            <discount>
                <percentage>0.32</percentage>
                <on>Advance</on>
            </discount>
            <expected_payment_date>2018-08-28 00:00:00 +0000</expected_payment_date>
            <settlement_date>2018-06-11</settlement_date>
            <arrears>
                <in_arrears>No</in_arrears>
                <in_arrears_on_date>nan</in_arrears_on_date>
            </arrears>
            <payment>
                <state>Paid</state>
            </payment>
            <price_grade>1</price_grade>
            <currency>GBP</currency>
            <face_value>
                <amount>730303.87</amount>
                <amount_gbp>730303.87</amount_gbp>
            </face_value>
            <outstanding_principal>
                <amount>0.0</amount>
                <amount_gbp>0.0</amount_gbp>
            </outstanding_principal>
            <crystalised_loss>
                <amount>nan</amount>
                <date>nan</date>
            </crystalised_loss>
            <gross_yield>
                <annualised>3.908310113125912</annualised>
            </gross_yield>
        </trade>
    </loan>
    
