
    <loan>
        <seller>
            <id>24451</id>
        </seller>
        <trade id="55682" type="MultiDebtor">
            <advance>
                <date>2018-06-05</date>
                <amount>10062.21</amount>
                <amount_gbp>10062.21</amount_gbp>
                <percentage>67.0</percentage>
            </advance>
            <discount>
                <percentage>0.79</percentage>
                <on>Advance</on>
            </discount>
            <expected_payment_date>2018-07-13 00:00:00 +0000</expected_payment_date>
            <settlement_date>2018-07-06</settlement_date>
            <arrears>
                <in_arrears>No</in_arrears>
                <in_arrears_on_date>nan</in_arrears_on_date>
            </arrears>
            <payment>
                <state>Paid</state>
            </payment>
            <price_grade>4</price_grade>
            <currency>GBP</currency>
            <face_value>
                <amount>15018.23</amount>
                <amount_gbp>15018.23</amount_gbp>
            </face_value>
            <outstanding_principal>
                <amount>0.0</amount>
                <amount_gbp>0.0</amount_gbp>
            </outstanding_principal>
            <crystalised_loss>
                <amount>nan</amount>
                <date>nan</date>
            </crystalised_loss>
            <gross_yield>
                <annualised>9.902948120543776</annualised>
            </gross_yield>
        </trade>
    </loan>
    
