
    <loan>
        <seller>
            <id>41897</id>
        </seller>
        <trade id="55872" type="WholeLedger">
            <advance>
                <date>2018-06-08</date>
                <amount>72175.76</amount>
                <amount_gbp>63319.7942</amount_gbp>
                <percentage>75.7833</percentage>
            </advance>
            <discount>
                <percentage>0.3</percentage>
                <on>Advance</on>
            </discount>
            <expected_payment_date>2018-09-05 00:00:00 +0000</expected_payment_date>
            <settlement_date>2018-06-11</settlement_date>
            <arrears>
                <in_arrears>No</in_arrears>
                <in_arrears_on_date>nan</in_arrears_on_date>
            </arrears>
            <payment>
                <state>Paid</state>
            </payment>
            <price_grade>1</price_grade>
            <currency>EUR</currency>
            <face_value>
                <amount>95239.57</amount>
                <amount_gbp>83553.6728</amount_gbp>
            </face_value>
            <outstanding_principal>
                <amount>0.0</amount>
                <amount_gbp>0.0</amount_gbp>
            </outstanding_principal>
            <crystalised_loss>
                <amount>nan</amount>
                <date>nan</date>
            </crystalised_loss>
            <gross_yield>
                <annualised>3.659998028813005</annualised>
            </gross_yield>
        </trade>
    </loan>
    
