
    <loan>
        <seller>
            <id>23415</id>
        </seller>
        <trade id="57095" type="Standard">
            <advance>
                <date>2018-07-05</date>
                <amount>924.48</amount>
                <amount_gbp>924.48</amount_gbp>
                <percentage>60.0</percentage>
            </advance>
            <discount>
                <percentage>1.0</percentage>
                <on>Advance</on>
            </discount>
            <expected_payment_date>2018-08-17 00:00:00 +0000</expected_payment_date>
            <settlement_date>2018-08-22</settlement_date>
            <arrears>
                <in_arrears>No</in_arrears>
                <in_arrears_on_date>nan</in_arrears_on_date>
            </arrears>
            <payment>
                <state>Repurchased</state>
            </payment>
            <price_grade>6</price_grade>
            <currency>GBP</currency>
            <face_value>
                <amount>1540.8</amount>
                <amount_gbp>1540.8</amount_gbp>
            </face_value>
            <outstanding_principal>
                <amount>0.0</amount>
                <amount_gbp>0.0</amount_gbp>
            </outstanding_principal>
            <crystalised_loss>
                <amount>nan</amount>
                <date>nan</date>
            </crystalised_loss>
            <gross_yield>
                <annualised>12.682503013196976</annualised>
            </gross_yield>
        </trade>
    </loan>
    
