
    <loan>
        <seller>
            <id>24259</id>
        </seller>
        <trade id="57718" type="Standard">
            <advance>
                <date>2018-07-20</date>
                <amount>91299.31</amount>
                <amount_gbp>91299.31</amount_gbp>
                <percentage>65.0</percentage>
            </advance>
            <discount>
                <percentage>0.63</percentage>
                <on>Advance</on>
            </discount>
            <expected_payment_date>2018-11-30 00:00:00 +0000</expected_payment_date>
            <settlement_date>2018-10-02</settlement_date>
            <arrears>
                <in_arrears>No</in_arrears>
                <in_arrears_on_date>nan</in_arrears_on_date>
            </arrears>
            <payment>
                <state>Paid</state>
            </payment>
            <price_grade>3</price_grade>
            <currency>GBP</currency>
            <face_value>
                <amount>140460.47</amount>
                <amount_gbp>140460.47</amount_gbp>
            </face_value>
            <outstanding_principal>
                <amount>0.0</amount>
                <amount_gbp>0.0</amount_gbp>
            </outstanding_principal>
            <crystalised_loss>
                <amount>nan</amount>
                <date>nan</date>
            </crystalised_loss>
            <gross_yield>
                <annualised>7.82753380297514</annualised>
            </gross_yield>
        </trade>
    </loan>
    
