
    <loan>
        <seller>
            <id>36516</id>
        </seller>
        <trade id="57903" type="Standard">
            <advance>
                <date>2018-07-24</date>
                <amount>40800.0</amount>
                <amount_gbp>31079.2414</amount_gbp>
                <percentage>85.0</percentage>
            </advance>
            <discount>
                <percentage>1.0</percentage>
                <on>Advance</on>
            </discount>
            <expected_payment_date>2018-08-14 00:00:00 +0000</expected_payment_date>
            <settlement_date>2018-09-03</settlement_date>
            <arrears>
                <in_arrears>No</in_arrears>
                <in_arrears_on_date>nan</in_arrears_on_date>
            </arrears>
            <payment>
                <state>Repurchased</state>
            </payment>
            <price_grade>6</price_grade>
            <currency>USD</currency>
            <face_value>
                <amount>48000.0</amount>
                <amount_gbp>36563.8134</amount_gbp>
            </face_value>
            <outstanding_principal>
                <amount>0.0</amount>
                <amount_gbp>0.0</amount_gbp>
            </outstanding_principal>
            <crystalised_loss>
                <amount>nan</amount>
                <date>nan</date>
            </crystalised_loss>
            <gross_yield>
                <annualised>12.682503013196976</annualised>
            </gross_yield>
        </trade>
    </loan>
    
