
    <loan>
        <seller>
            <id>37198</id>
        </seller>
        <trade id="57917" type="Standard">
            <advance>
                <date>2018-07-26</date>
                <amount>16559.2</amount>
                <amount_gbp>16559.2</amount_gbp>
                <percentage>70.0</percentage>
            </advance>
            <discount>
                <percentage>1.2</percentage>
                <on>Advance</on>
            </discount>
            <expected_payment_date>2018-10-08 00:00:00 +0000</expected_payment_date>
            <settlement_date>2018-09-20</settlement_date>
            <arrears>
                <in_arrears>No</in_arrears>
                <in_arrears_on_date>nan</in_arrears_on_date>
            </arrears>
            <payment>
                <state>Paid</state>
            </payment>
            <price_grade>7</price_grade>
            <currency>GBP</currency>
            <face_value>
                <amount>23656.0</amount>
                <amount_gbp>23656.0</amount_gbp>
            </face_value>
            <outstanding_principal>
                <amount>0.0</amount>
                <amount_gbp>0.0</amount_gbp>
            </outstanding_principal>
            <crystalised_loss>
                <amount>nan</amount>
                <date>nan</date>
            </crystalised_loss>
            <gross_yield>
                <annualised>15.389462418258605</annualised>
            </gross_yield>
        </trade>
    </loan>
    
