
    <loan>
        <seller>
            <id>26297</id>
        </seller>
        <trade id="58167" type="Standard">
            <advance>
                <date>2018-07-31</date>
                <amount>13745.6</amount>
                <amount_gbp>10449.748</amount_gbp>
                <percentage>80.0</percentage>
            </advance>
            <discount>
                <percentage>1.4</percentage>
                <on>Advance</on>
            </discount>
            <expected_payment_date>2018-09-13 00:00:00 +0000</expected_payment_date>
            <settlement_date>2018-08-15</settlement_date>
            <arrears>
                <in_arrears>No</in_arrears>
                <in_arrears_on_date>nan</in_arrears_on_date>
            </arrears>
            <payment>
                <state>Paid</state>
            </payment>
            <price_grade>8</price_grade>
            <currency>USD</currency>
            <face_value>
                <amount>17182.0</amount>
                <amount_gbp>13062.185</amount_gbp>
            </face_value>
            <outstanding_principal>
                <amount>0.0</amount>
                <amount_gbp>0.0</amount_gbp>
            </outstanding_principal>
            <crystalised_loss>
                <amount>nan</amount>
                <date>nan</date>
            </crystalised_loss>
            <gross_yield>
                <annualised>18.1559128918122</annualised>
            </gross_yield>
        </trade>
    </loan>
    
