
    <loan>
        <seller>
            <id>18023</id>
        </seller>
        <trade id="58359" type="MultiDebtor">
            <advance>
                <date>2018-08-02</date>
                <amount>5800.42</amount>
                <amount_gbp>5170.4943</amount_gbp>
                <percentage>80.0</percentage>
            </advance>
            <discount>
                <percentage>1.0</percentage>
                <on>Advance</on>
            </discount>
            <expected_payment_date>2018-09-12 00:00:00 +0000</expected_payment_date>
            <settlement_date>2018-08-24</settlement_date>
            <arrears>
                <in_arrears>No</in_arrears>
                <in_arrears_on_date>nan</in_arrears_on_date>
            </arrears>
            <payment>
                <state>Paid</state>
            </payment>
            <price_grade>6</price_grade>
            <currency>EUR</currency>
            <face_value>
                <amount>7250.52</amount>
                <amount_gbp>6463.1133</amount_gbp>
            </face_value>
            <outstanding_principal>
                <amount>0.0</amount>
                <amount_gbp>0.0</amount_gbp>
            </outstanding_principal>
            <crystalised_loss>
                <amount>nan</amount>
                <date>nan</date>
            </crystalised_loss>
            <gross_yield>
                <annualised>12.682503013196976</annualised>
            </gross_yield>
        </trade>
    </loan>
    
