
    <loan>
        <seller>
            <id>49919</id>
        </seller>
        <trade id="58365" type="MultiDebtor">
            <advance>
                <date>2018-08-10</date>
                <amount>17389.76</amount>
                <amount_gbp>17389.76</amount_gbp>
                <percentage>76.0</percentage>
            </advance>
            <discount>
                <percentage>0.92</percentage>
                <on>Advance</on>
            </discount>
            <expected_payment_date>2018-08-31 00:00:00 +0000</expected_payment_date>
            <settlement_date>2018-08-23</settlement_date>
            <arrears>
                <in_arrears>No</in_arrears>
                <in_arrears_on_date>nan</in_arrears_on_date>
            </arrears>
            <payment>
                <state>Paid</state>
            </payment>
            <price_grade>5</price_grade>
            <currency>GBP</currency>
            <face_value>
                <amount>22881.26</amount>
                <amount_gbp>22881.26</amount_gbp>
            </face_value>
            <outstanding_principal>
                <amount>0.0</amount>
                <amount_gbp>0.0</amount_gbp>
            </outstanding_principal>
            <crystalised_loss>
                <amount>nan</amount>
                <date>nan</date>
            </crystalised_loss>
            <gross_yield>
                <annualised>11.616115026912556</annualised>
            </gross_yield>
        </trade>
    </loan>
    
