
    <loan>
        <seller>
            <id>774</id>
        </seller>
        <trade id="59047" type="WholeLedger">
            <advance>
                <date>2018-08-21</date>
                <amount>87608.2</amount>
                <amount_gbp>87608.2</amount_gbp>
                <percentage>32.8099</percentage>
            </advance>
            <discount>
                <percentage>0.32</percentage>
                <on>Advance</on>
            </discount>
            <expected_payment_date>2018-11-19 00:00:00 +0000</expected_payment_date>
            <settlement_date>2018-08-23</settlement_date>
            <arrears>
                <in_arrears>No</in_arrears>
                <in_arrears_on_date>nan</in_arrears_on_date>
            </arrears>
            <payment>
                <state>Paid</state>
            </payment>
            <price_grade>1</price_grade>
            <currency>GBP</currency>
            <face_value>
                <amount>267017.21</amount>
                <amount_gbp>267017.21</amount_gbp>
            </face_value>
            <outstanding_principal>
                <amount>0.0</amount>
                <amount_gbp>0.0</amount_gbp>
            </outstanding_principal>
            <crystalised_loss>
                <amount>nan</amount>
                <date>nan</date>
            </crystalised_loss>
            <gross_yield>
                <annualised>3.908310113125912</annualised>
            </gross_yield>
        </trade>
    </loan>
    
