
    <loan>
        <seller>
            <id>9120</id>
        </seller>
        <trade id="59084" type="WholeLedger">
            <advance>
                <date>2018-08-22</date>
                <amount>1000.0</amount>
                <amount_gbp>1000.0</amount_gbp>
                <percentage>1.2076</percentage>
            </advance>
            <discount>
                <percentage>0.33</percentage>
                <on>Advance</on>
            </discount>
            <expected_payment_date>2018-11-19 00:00:00 +0000</expected_payment_date>
            <settlement_date>2018-08-24</settlement_date>
            <arrears>
                <in_arrears>No</in_arrears>
                <in_arrears_on_date>nan</in_arrears_on_date>
            </arrears>
            <payment>
                <state>Paid</state>
            </payment>
            <price_grade>1</price_grade>
            <currency>GBP</currency>
            <face_value>
                <amount>82804.49</amount>
                <amount_gbp>82804.49</amount_gbp>
            </face_value>
            <outstanding_principal>
                <amount>0.0</amount>
                <amount_gbp>0.0</amount_gbp>
            </outstanding_principal>
            <crystalised_loss>
                <amount>nan</amount>
                <date>nan</date>
            </crystalised_loss>
            <gross_yield>
                <annualised>4.032670515423953</annualised>
            </gross_yield>
        </trade>
    </loan>
    
