
    <loan>
        <seller>
            <id>24930</id>
        </seller>
        <trade id="59523" type="Standard">
            <advance>
                <date>2018-09-03</date>
                <amount>477.21</amount>
                <amount_gbp>477.21</amount_gbp>
                <percentage>85.0</percentage>
            </advance>
            <discount>
                <percentage>0.9</percentage>
                <on>Advance</on>
            </discount>
            <expected_payment_date>2018-11-02 00:00:00 +0000</expected_payment_date>
            <settlement_date>nan</settlement_date>
            <arrears>
                <in_arrears>No</in_arrears>
                <in_arrears_on_date>nan</in_arrears_on_date>
            </arrears>
            <payment>
                <state>Partially Paid</state>
            </payment>
            <price_grade>5</price_grade>
            <currency>GBP</currency>
            <face_value>
                <amount>561.42</amount>
                <amount_gbp>561.42</amount_gbp>
            </face_value>
            <outstanding_principal>
                <amount>114.81</amount>
                <amount_gbp>114.81</amount_gbp>
            </outstanding_principal>
            <crystalised_loss>
                <amount>nan</amount>
                <date>nan</date>
            </crystalised_loss>
            <gross_yield>
                <annualised>11.350967495666751</annualised>
            </gross_yield>
        </trade>
    </loan>
    
