
    <loan>
        <seller>
            <id>50950</id>
        </seller>
        <trade id="59709" type="Standard">
            <advance>
                <date>2018-09-11</date>
                <amount>10001.44</amount>
                <amount_gbp>10001.44</amount_gbp>
                <percentage>80.0</percentage>
            </advance>
            <discount>
                <percentage>0.7</percentage>
                <on>Advance</on>
            </discount>
            <expected_payment_date>2018-10-19 00:00:00 +0000</expected_payment_date>
            <settlement_date>nan</settlement_date>
            <arrears>
                <in_arrears>No</in_arrears>
                <in_arrears_on_date>nan</in_arrears_on_date>
            </arrears>
            <payment>
                <state>Awaiting Repayment</state>
            </payment>
            <price_grade>3</price_grade>
            <currency>GBP</currency>
            <face_value>
                <amount>12501.8</amount>
                <amount_gbp>12501.8</amount_gbp>
            </face_value>
            <outstanding_principal>
                <amount>10001.44</amount>
                <amount_gbp>10001.44</amount_gbp>
            </outstanding_principal>
            <crystalised_loss>
                <amount>nan</amount>
                <date>nan</date>
            </crystalised_loss>
            <gross_yield>
                <annualised>8.731066191550553</annualised>
            </gross_yield>
        </trade>
    </loan>
    
