
    <loan>
        <seller>
            <id>52245</id>
        </seller>
        <trade id="60188" type="Standard">
            <advance>
                <date>2018-09-18</date>
                <amount>120170.79</amount>
                <amount_gbp>120170.79</amount_gbp>
                <percentage>65.0</percentage>
            </advance>
            <discount>
                <percentage>1.2</percentage>
                <on>Advance</on>
            </discount>
            <expected_payment_date>2018-11-02 00:00:00 +0000</expected_payment_date>
            <settlement_date>nan</settlement_date>
            <arrears>
                <in_arrears>No</in_arrears>
                <in_arrears_on_date>nan</in_arrears_on_date>
            </arrears>
            <payment>
                <state>Awaiting Repayment</state>
            </payment>
            <price_grade>7</price_grade>
            <currency>GBP</currency>
            <face_value>
                <amount>184878.14</amount>
                <amount_gbp>184878.14</amount_gbp>
            </face_value>
            <outstanding_principal>
                <amount>120170.79</amount>
                <amount_gbp>120170.79</amount_gbp>
            </outstanding_principal>
            <crystalised_loss>
                <amount>nan</amount>
                <date>nan</date>
            </crystalised_loss>
            <gross_yield>
                <annualised>15.389462418258605</annualised>
            </gross_yield>
        </trade>
    </loan>
    
