
    <loan>
        <seller>
            <id>23215</id>
        </seller>
        <trade id="60822" type="Standard">
            <advance>
                <date>2018-10-01</date>
                <amount>7715.05</amount>
                <amount_gbp>7715.05</amount_gbp>
                <percentage>90.0</percentage>
            </advance>
            <discount>
                <percentage>0.63</percentage>
                <on>Advance</on>
            </discount>
            <expected_payment_date>2018-11-14 00:00:00 +0000</expected_payment_date>
            <settlement_date>nan</settlement_date>
            <arrears>
                <in_arrears>No</in_arrears>
                <in_arrears_on_date>nan</in_arrears_on_date>
            </arrears>
            <payment>
                <state>Awaiting Repayment</state>
            </payment>
            <price_grade>2</price_grade>
            <currency>GBP</currency>
            <face_value>
                <amount>8572.28</amount>
                <amount_gbp>8572.28</amount_gbp>
            </face_value>
            <outstanding_principal>
                <amount>7715.05</amount>
                <amount_gbp>7715.05</amount_gbp>
            </outstanding_principal>
            <crystalised_loss>
                <amount>nan</amount>
                <date>nan</date>
            </crystalised_loss>
            <gross_yield>
                <annualised>7.82753380297514</annualised>
            </gross_yield>
        </trade>
    </loan>
    
