
    <loan>
        <seller>
            <id>478</id>
        </seller>
        <trade id="610" type="Standard">
            <advance>
                <date>2012-08-24</date>
                <amount>42957.68</amount>
                <amount_gbp>27120.3199</amount_gbp>
                <percentage>85.0</percentage>
            </advance>
            <discount>
                <percentage>1.0</percentage>
                <on>Facevalue</on>
            </discount>
            <expected_payment_date>2012-10-11 00:00:00 +0000</expected_payment_date>
            <settlement_date>2012-10-19</settlement_date>
            <arrears>
                <in_arrears>No</in_arrears>
                <in_arrears_on_date>nan</in_arrears_on_date>
            </arrears>
            <payment>
                <state>Paid</state>
            </payment>
            <price_grade>6</price_grade>
            <currency>USD</currency>
            <face_value>
                <amount>50538.42</amount>
                <amount_gbp>31906.2415</amount_gbp>
            </face_value>
            <outstanding_principal>
                <amount>0.0</amount>
                <amount_gbp>0.0</amount_gbp>
            </outstanding_principal>
            <crystalised_loss>
                <amount>nan</amount>
                <date>nan</date>
            </crystalised_loss>
            <gross_yield>
                <annualised>14.979654663773092</annualised>
            </gross_yield>
        </trade>
    </loan>
    
