
    <loan>
        <seller>
            <id>30039</id>
        </seller>
        <trade id="61241" type="Standard">
            <advance>
                <date>2018-10-10</date>
                <amount>17359.84</amount>
                <amount_gbp>17359.84</amount_gbp>
                <percentage>80.0</percentage>
            </advance>
            <discount>
                <percentage>1.0</percentage>
                <on>Advance</on>
            </discount>
            <expected_payment_date>2018-11-03 00:00:00 +0000</expected_payment_date>
            <settlement_date>nan</settlement_date>
            <arrears>
                <in_arrears>No</in_arrears>
                <in_arrears_on_date>nan</in_arrears_on_date>
            </arrears>
            <payment>
                <state>Awaiting Repayment</state>
            </payment>
            <price_grade>6</price_grade>
            <currency>GBP</currency>
            <face_value>
                <amount>21699.8</amount>
                <amount_gbp>21699.8</amount_gbp>
            </face_value>
            <outstanding_principal>
                <amount>17359.84</amount>
                <amount_gbp>17359.84</amount_gbp>
            </outstanding_principal>
            <crystalised_loss>
                <amount>nan</amount>
                <date>nan</date>
            </crystalised_loss>
            <gross_yield>
                <annualised>12.682503013196976</annualised>
            </gross_yield>
        </trade>
    </loan>
    
