
    <loan>
        <seller>
            <id>39581</id>
        </seller>
        <trade id="61255" type="WholeLedger">
            <advance>
                <date>2018-10-10</date>
                <amount>110822.18</amount>
                <amount_gbp>110822.18</amount_gbp>
                <percentage>42.721000000000004</percentage>
            </advance>
            <discount>
                <percentage>0.32</percentage>
                <on>Advance</on>
            </discount>
            <expected_payment_date>2019-01-07 00:00:00 +0000</expected_payment_date>
            <settlement_date>2018-10-11</settlement_date>
            <arrears>
                <in_arrears>No</in_arrears>
                <in_arrears_on_date>nan</in_arrears_on_date>
            </arrears>
            <payment>
                <state>Paid</state>
            </payment>
            <price_grade>1</price_grade>
            <currency>GBP</currency>
            <face_value>
                <amount>259408.79</amount>
                <amount_gbp>259408.79</amount_gbp>
            </face_value>
            <outstanding_principal>
                <amount>0.0</amount>
                <amount_gbp>0.0</amount_gbp>
            </outstanding_principal>
            <crystalised_loss>
                <amount>nan</amount>
                <date>nan</date>
            </crystalised_loss>
            <gross_yield>
                <annualised>3.908310113125912</annualised>
            </gross_yield>
        </trade>
    </loan>
    
