
    <loan>
        <seller>
            <id>9193</id>
        </seller>
        <trade id="61282" type="Standard">
            <advance>
                <date>2018-10-10</date>
                <amount>2000.0</amount>
                <amount_gbp>2000.0</amount_gbp>
                <percentage>80.0</percentage>
            </advance>
            <discount>
                <percentage>0.9</percentage>
                <on>Advance</on>
            </discount>
            <expected_payment_date>2018-12-26 00:00:00 +0000</expected_payment_date>
            <settlement_date>nan</settlement_date>
            <arrears>
                <in_arrears>No</in_arrears>
                <in_arrears_on_date>nan</in_arrears_on_date>
            </arrears>
            <payment>
                <state>Awaiting Repayment</state>
            </payment>
            <price_grade>5</price_grade>
            <currency>GBP</currency>
            <face_value>
                <amount>2500.0</amount>
                <amount_gbp>2500.0</amount_gbp>
            </face_value>
            <outstanding_principal>
                <amount>2000.0</amount>
                <amount_gbp>2000.0</amount_gbp>
            </outstanding_principal>
            <crystalised_loss>
                <amount>nan</amount>
                <date>nan</date>
            </crystalised_loss>
            <gross_yield>
                <annualised>11.350967495666751</annualised>
            </gross_yield>
        </trade>
    </loan>
    
