
    <loan>
        <seller>
            <id>28356</id>
        </seller>
        <trade id="61296" type="Standard">
            <advance>
                <date>2018-10-10</date>
                <amount>11000.84</amount>
                <amount_gbp>11000.84</amount_gbp>
                <percentage>85.0</percentage>
            </advance>
            <discount>
                <percentage>0.7</percentage>
                <on>Advance</on>
            </discount>
            <expected_payment_date>2018-11-12 00:00:00 +0000</expected_payment_date>
            <settlement_date>nan</settlement_date>
            <arrears>
                <in_arrears>No</in_arrears>
                <in_arrears_on_date>nan</in_arrears_on_date>
            </arrears>
            <payment>
                <state>Awaiting Repayment</state>
            </payment>
            <price_grade>3</price_grade>
            <currency>GBP</currency>
            <face_value>
                <amount>12942.17</amount>
                <amount_gbp>12942.17</amount_gbp>
            </face_value>
            <outstanding_principal>
                <amount>11000.84</amount>
                <amount_gbp>11000.84</amount_gbp>
            </outstanding_principal>
            <crystalised_loss>
                <amount>nan</amount>
                <date>nan</date>
            </crystalised_loss>
            <gross_yield>
                <annualised>8.731066191550553</annualised>
            </gross_yield>
        </trade>
    </loan>
    
