
    <loan>
        <seller>
            <id>296</id>
        </seller>
        <trade id="638" type="Standard">
            <advance>
                <date>2012-09-06</date>
                <amount>16200.0</amount>
                <amount_gbp>16200.0</amount_gbp>
                <percentage>90.0</percentage>
            </advance>
            <discount>
                <percentage>1.5</percentage>
                <on>Facevalue</on>
            </discount>
            <expected_payment_date>2012-10-04 00:00:00 +0000</expected_payment_date>
            <settlement_date>2012-10-29</settlement_date>
            <arrears>
                <in_arrears>Yes</in_arrears>
                <in_arrears_on_date>2012-10-01</in_arrears_on_date>
            </arrears>
            <payment>
                <state>Paid</state>
            </payment>
            <price_grade>8</price_grade>
            <currency>GBP</currency>
            <face_value>
                <amount>18000.0</amount>
                <amount_gbp>18000.0</amount_gbp>
            </face_value>
            <outstanding_principal>
                <amount>0.0</amount>
                <amount_gbp>0.0</amount_gbp>
            </outstanding_principal>
            <crystalised_loss>
                <amount>Yes</amount>
                <date>2012-10-01</date>
            </crystalised_loss>
            <gross_yield>
                <annualised>21.843191003260756</annualised>
            </gross_yield>
        </trade>
    </loan>
    
