
    <loan>
        <seller>
            <id>2399</id>
        </seller>
        <trade id="8161" type="Standard">
            <advance>
                <date>2014-03-17</date>
                <amount>16375.51</amount>
                <amount_gbp>16375.51</amount_gbp>
                <percentage>75.0</percentage>
            </advance>
            <discount>
                <percentage>1.2</percentage>
                <on>Facevalue</on>
            </discount>
            <expected_payment_date>2014-04-15 00:00:00 +0000</expected_payment_date>
            <settlement_date>2014-04-17</settlement_date>
            <arrears>
                <in_arrears>No</in_arrears>
                <in_arrears_on_date>nan</in_arrears_on_date>
            </arrears>
            <payment>
                <state>Paid</state>
            </payment>
            <price_grade>8</price_grade>
            <currency>GBP</currency>
            <face_value>
                <amount>21834.0</amount>
                <amount_gbp>21834.0</amount_gbp>
            </face_value>
            <outstanding_principal>
                <amount>0.0</amount>
                <amount_gbp>0.0</amount_gbp>
            </outstanding_principal>
            <crystalised_loss>
                <amount>nan</amount>
                <date>nan</date>
            </crystalised_loss>
            <gross_yield>
                <annualised>20.98304065090819</annualised>
            </gross_yield>
        </trade>
    </loan>
    
