
    <loan>
        <seller>
            <id>432</id>
        </seller>
        <trade id="823" type="JrlSupplyChainFinance">
            <advance>
                <date>2012-11-22</date>
                <amount>184537.81</amount>
                <amount_gbp>184537.81</amount_gbp>
                <percentage>97.0</percentage>
            </advance>
            <discount>
                <percentage>1.44</percentage>
                <on>Facevalue</on>
            </discount>
            <expected_payment_date>2013-01-22 00:00:00 +0000</expected_payment_date>
            <settlement_date>2013-01-22</settlement_date>
            <arrears>
                <in_arrears>No</in_arrears>
                <in_arrears_on_date>nan</in_arrears_on_date>
            </arrears>
            <payment>
                <state>Paid</state>
            </payment>
            <price_grade>Unclassified</price_grade>
            <currency>GBP</currency>
            <face_value>
                <amount>190245.15</amount>
                <amount_gbp>190245.15</amount_gbp>
            </face_value>
            <outstanding_principal>
                <amount>0.0</amount>
                <amount_gbp>0.0</amount_gbp>
            </outstanding_principal>
            <crystalised_loss>
                <amount>nan</amount>
                <date>nan</date>
            </crystalised_loss>
            <gross_yield>
                <annualised>19.279415582807662</annualised>
            </gross_yield>
        </trade>
    </loan>
    
