
    <loan>
        <seller>
            <id>478</id>
        </seller>
        <trade id="837" type="Standard">
            <advance>
                <date>2012-12-12</date>
                <amount>4162.32</amount>
                <amount_gbp>4162.32</amount_gbp>
                <percentage>85.0</percentage>
            </advance>
            <discount>
                <percentage>1.0</percentage>
                <on>Facevalue</on>
            </discount>
            <expected_payment_date>2013-01-17 00:00:00 +0000</expected_payment_date>
            <settlement_date>2013-01-04</settlement_date>
            <arrears>
                <in_arrears>No</in_arrears>
                <in_arrears_on_date>nan</in_arrears_on_date>
            </arrears>
            <payment>
                <state>Paid</state>
            </payment>
            <price_grade>6</price_grade>
            <currency>GBP</currency>
            <face_value>
                <amount>4896.84</amount>
                <amount_gbp>4896.84</amount_gbp>
            </face_value>
            <outstanding_principal>
                <amount>0.0</amount>
                <amount_gbp>0.0</amount_gbp>
            </outstanding_principal>
            <crystalised_loss>
                <amount>nan</amount>
                <date>nan</date>
            </crystalised_loss>
            <gross_yield>
                <annualised>14.979654663773092</annualised>
            </gross_yield>
        </trade>
    </loan>
    
