
    <loan>
        <seller>
            <id>1480</id>
        </seller>
        <trade id="8405" type="Standard">
            <advance>
                <date>2014-04-17</date>
                <amount>20465.68</amount>
                <amount_gbp>20465.68</amount_gbp>
                <percentage>85.0</percentage>
            </advance>
            <discount>
                <percentage>0.8</percentage>
                <on>Facevalue</on>
            </discount>
            <expected_payment_date>2014-06-06 00:00:00 +0000</expected_payment_date>
            <settlement_date>2014-05-16</settlement_date>
            <arrears>
                <in_arrears>No</in_arrears>
                <in_arrears_on_date>nan</in_arrears_on_date>
            </arrears>
            <payment>
                <state>Paid</state>
            </payment>
            <price_grade>5</price_grade>
            <currency>GBP</currency>
            <face_value>
                <amount>24077.24</amount>
                <amount_gbp>24077.24</amount_gbp>
            </face_value>
            <outstanding_principal>
                <amount>0.0</amount>
                <amount_gbp>0.0</amount_gbp>
            </outstanding_principal>
            <crystalised_loss>
                <amount>nan</amount>
                <date>nan</date>
            </crystalised_loss>
            <gross_yield>
                <annualised>11.88184119551574</annualised>
            </gross_yield>
        </trade>
    </loan>
    
