
    <loan>
        <seller>
            <id>1365</id>
        </seller>
        <trade id="8613" type="Standard">
            <advance>
                <date>2014-05-14</date>
                <amount>23520.82</amount>
                <amount_gbp>23520.82</amount_gbp>
                <percentage>80.0</percentage>
            </advance>
            <discount>
                <percentage>1.1</percentage>
                <on>Facevalue</on>
            </discount>
            <expected_payment_date>2014-06-26 00:00:00 +0000</expected_payment_date>
            <settlement_date>2014-11-17</settlement_date>
            <arrears>
                <in_arrears>Yes</in_arrears>
                <in_arrears_on_date>2014-08-26</in_arrears_on_date>
            </arrears>
            <payment>
                <state>Repurchased</state>
            </payment>
            <price_grade>7</price_grade>
            <currency>GBP</currency>
            <face_value>
                <amount>29401.05</amount>
                <amount_gbp>29401.05</amount_gbp>
            </face_value>
            <outstanding_principal>
                <amount>0.0</amount>
                <amount_gbp>0.0</amount_gbp>
            </outstanding_principal>
            <crystalised_loss>
                <amount>Yes</amount>
                <date>2014-11-17</date>
            </crystalised_loss>
            <gross_yield>
                <annualised>17.73710637049424</annualised>
            </gross_yield>
        </trade>
    </loan>
    
