
    <loan>
        <seller>
            <id>8236</id>
        </seller>
        <trade id="8820" type="Standard">
            <advance>
                <date>2014-06-20</date>
                <amount>17184.97</amount>
                <amount_gbp>13705.0135</amount_gbp>
                <percentage>80.0</percentage>
            </advance>
            <discount>
                <percentage>1.1</percentage>
                <on>Facevalue</on>
            </discount>
            <expected_payment_date>2014-08-11 00:00:00 +0000</expected_payment_date>
            <settlement_date>2014-07-11</settlement_date>
            <arrears>
                <in_arrears>No</in_arrears>
                <in_arrears_on_date>nan</in_arrears_on_date>
            </arrears>
            <payment>
                <state>Paid</state>
            </payment>
            <price_grade>7</price_grade>
            <currency>EUR</currency>
            <face_value>
                <amount>21481.2</amount>
                <amount_gbp>17131.256999999998</amount_gbp>
            </face_value>
            <outstanding_principal>
                <amount>0.0</amount>
                <amount_gbp>0.0</amount_gbp>
            </outstanding_principal>
            <crystalised_loss>
                <amount>nan</amount>
                <date>nan</date>
            </crystalised_loss>
            <gross_yield>
                <annualised>17.73710637049424</annualised>
            </gross_yield>
        </trade>
    </loan>
    
