
    <loan>
        <seller>
            <id>8429</id>
        </seller>
        <trade id="8834" type="Standard">
            <advance>
                <date>2014-06-13</date>
                <amount>12940.8</amount>
                <amount_gbp>12940.8</amount_gbp>
                <percentage>80.0</percentage>
            </advance>
            <discount>
                <percentage>0.9</percentage>
                <on>Facevalue</on>
            </discount>
            <expected_payment_date>2014-07-07 00:00:00 +0000</expected_payment_date>
            <settlement_date>2014-07-10</settlement_date>
            <arrears>
                <in_arrears>No</in_arrears>
                <in_arrears_on_date>nan</in_arrears_on_date>
            </arrears>
            <payment>
                <state>Paid</state>
            </payment>
            <price_grade>6</price_grade>
            <currency>GBP</currency>
            <face_value>
                <amount>16176.0</amount>
                <amount_gbp>16176.0</amount_gbp>
            </face_value>
            <outstanding_principal>
                <amount>0.0</amount>
                <amount_gbp>0.0</amount_gbp>
            </outstanding_principal>
            <crystalised_loss>
                <amount>nan</amount>
                <date>nan</date>
            </crystalised_loss>
            <gross_yield>
                <annualised>14.299605449973862</annualised>
            </gross_yield>
        </trade>
    </loan>
    
