
    <loan>
        <seller>
            <id>8586</id>
        </seller>
        <trade id="9096" type="Standard">
            <advance>
                <date>2014-07-14</date>
                <amount>6397.93</amount>
                <amount_gbp>6397.93</amount_gbp>
                <percentage>80.0</percentage>
            </advance>
            <discount>
                <percentage>1.1</percentage>
                <on>Facevalue</on>
            </discount>
            <expected_payment_date>2014-08-15 00:00:00 +0000</expected_payment_date>
            <settlement_date>2014-11-03</settlement_date>
            <arrears>
                <in_arrears>Yes</in_arrears>
                <in_arrears_on_date>2014-09-11</in_arrears_on_date>
            </arrears>
            <payment>
                <state>Repurchased</state>
            </payment>
            <price_grade>7</price_grade>
            <currency>GBP</currency>
            <face_value>
                <amount>7997.38</amount>
                <amount_gbp>7997.38</amount_gbp>
            </face_value>
            <outstanding_principal>
                <amount>0.0</amount>
                <amount_gbp>0.0</amount_gbp>
            </outstanding_principal>
            <crystalised_loss>
                <amount>Yes</amount>
                <date>2014-11-03</date>
            </crystalised_loss>
            <gross_yield>
                <annualised>17.73710637049424</annualised>
            </gross_yield>
        </trade>
    </loan>
    
