
    <loan>
        <seller>
            <id>7992</id>
        </seller>
        <trade id="9727" type="Standard">
            <advance>
                <date>2014-09-10</date>
                <amount>34155.88</amount>
                <amount_gbp>34155.88</amount_gbp>
                <percentage>80.0</percentage>
            </advance>
            <discount>
                <percentage>1.1</percentage>
                <on>Facevalue</on>
            </discount>
            <expected_payment_date>2014-11-16 00:00:00 +0000</expected_payment_date>
            <settlement_date>2014-11-18</settlement_date>
            <arrears>
                <in_arrears>No</in_arrears>
                <in_arrears_on_date>nan</in_arrears_on_date>
            </arrears>
            <payment>
                <state>Paid</state>
            </payment>
            <price_grade>7</price_grade>
            <currency>GBP</currency>
            <face_value>
                <amount>42694.85</amount>
                <amount_gbp>42694.85</amount_gbp>
            </face_value>
            <outstanding_principal>
                <amount>0.0</amount>
                <amount_gbp>0.0</amount_gbp>
            </outstanding_principal>
            <crystalised_loss>
                <amount>nan</amount>
                <date>nan</date>
            </crystalised_loss>
            <gross_yield>
                <annualised>17.73710637049424</annualised>
            </gross_yield>
        </trade>
    </loan>
    
