
    <loan>
        <seller>
            <id>1010</id>
        </seller>
        <trade id="9928" type="Standard">
            <advance>
                <date>2014-09-18</date>
                <amount>19076.4</amount>
                <amount_gbp>19076.4</amount_gbp>
                <percentage>75.0</percentage>
            </advance>
            <discount>
                <percentage>1.2</percentage>
                <on>Facevalue</on>
            </discount>
            <expected_payment_date>2014-11-07 00:00:00 +0000</expected_payment_date>
            <settlement_date>2014-11-11</settlement_date>
            <arrears>
                <in_arrears>No</in_arrears>
                <in_arrears_on_date>nan</in_arrears_on_date>
            </arrears>
            <payment>
                <state>Paid</state>
            </payment>
            <price_grade>8</price_grade>
            <currency>GBP</currency>
            <face_value>
                <amount>25435.2</amount>
                <amount_gbp>25435.2</amount_gbp>
            </face_value>
            <outstanding_principal>
                <amount>0.0</amount>
                <amount_gbp>0.0</amount_gbp>
            </outstanding_principal>
            <crystalised_loss>
                <amount>nan</amount>
                <date>nan</date>
            </crystalised_loss>
            <gross_yield>
                <annualised>20.98304065090819</annualised>
            </gross_yield>
        </trade>
    </loan>
    
